statistic,statistic_label,tlist(q1),quarter,c02354v02832,direction,c01855v02284,port,unit,value,year,quarter_num
TBQ04C01,Total Units (Number),20171,2017Q1,-,All directions,IEMIP,All Main Irish Ports,Number,126083.0,2017,1
TBQ04C01,Total Units (Number),20171,2017Q1,-,All directions,IEDUB,Dublin,Number,91877.0,2017,1
TBQ04C01,Total Units (Number),20171,2017Q1,-,All directions,IEORK,Cork,Number,29521.0,2017,1
TBQ04C01,Total Units (Number),20171,2017Q1,1,Inward,IEMIP,All Main Irish Ports,Number,63173.0,2017,1
TBQ04C01,Total Units (Number),20171,2017Q1,1,Inward,IEDUB,Dublin,Number,46352.0,2017,1
TBQ04C01,Total Units (Number),20171,2017Q1,1,Inward,IEORK,Cork,Number,14496.0,2017,1
TBQ04C01,Total Units (Number),20171,2017Q1,2,Outward,IEMIP,All Main Irish Ports,Number,62910.0,2017,1
TBQ04C01,Total Units (Number),20171,2017Q1,2,Outward,IEDUB,Dublin,Number,45525.0,2017,1
TBQ04C01,Total Units (Number),20171,2017Q1,2,Outward,IEORK,Cork,Number,15025.0,2017,1
TBQ04C01,Total Units (Number),20172,2017Q2,-,All directions,IEMIP,All Main Irish Ports,Number,134949.0,2017,2
TBQ04C01,Total Units (Number),20172,2017Q2,-,All directions,IEDUB,Dublin,Number,97454.0,2017,2
TBQ04C01,Total Units (Number),20172,2017Q2,-,All directions,IEORK,Cork,Number,31959.0,2017,2
TBQ04C01,Total Units (Number),20172,2017Q2,1,Inward,IEMIP,All Main Irish Ports,Number,67050.0,2017,2
TBQ04C01,Total Units (Number),20172,2017Q2,1,Inward,IEDUB,Dublin,Number,48431.0,2017,2
TBQ04C01,Total Units (Number),20172,2017Q2,1,Inward,IEORK,Cork,Number,15842.0,2017,2
TBQ04C01,Total Units (Number),20172,2017Q2,2,Outward,IEMIP,All Main Irish Ports,Number,67899.0,2017,2
TBQ04C01,Total Units (Number),20172,2017Q2,2,Outward,IEDUB,Dublin,Number,49023.0,2017,2
TBQ04C01,Total Units (Number),20172,2017Q2,2,Outward,IEORK,Cork,Number,16117.0,2017,2
TBQ04C01,Total Units (Number),20173,2017Q3,-,All directions,IEMIP,All Main Irish Ports,Number,136843.0,2017,3
TBQ04C01,Total Units (Number),20173,2017Q3,-,All directions,IEDUB,Dublin,Number,100963.0,2017,3
TBQ04C01,Total Units (Number),20173,2017Q3,-,All directions,IEORK,Cork,Number,30377.0,2017,3
TBQ04C01,Total Units (Number),20173,2017Q3,1,Inward,IEMIP,All Main Irish Ports,Number,68480.0,2017,3
TBQ04C01,Total Units (Number),20173,2017Q3,1,Inward,IEDUB,Dublin,Number,50756.0,2017,3
TBQ04C01,Total Units (Number),20173,2017Q3,1,Inward,IEORK,Cork,Number,15057.0,2017,3
TBQ04C01,Total Units (Number),20173,2017Q3,2,Outward,IEMIP,All Main Irish Ports,Number,68363.0,2017,3
TBQ04C01,Total Units (Number),20173,2017Q3,2,Outward,IEDUB,Dublin,Number,50207.0,2017,3
TBQ04C01,Total Units (Number),20173,2017Q3,2,Outward,IEORK,Cork,Number,15320.0,2017,3
TBQ04C01,Total Units (Number),20174,2017Q4,-,All directions,IEMIP,All Main Irish Ports,Number,137591.0,2017,4
TBQ04C01,Total Units (Number),20174,2017Q4,-,All directions,IEDUB,Dublin,Number,102200.0,2017,4
TBQ04C01,Total Units (Number),20174,2017Q4,-,All directions,IEORK,Cork,Number,30622.0,2017,4
TBQ04C01,Total Units (Number),20174,2017Q4,1,Inward,IEMIP,All Main Irish Ports,Number,67989.0,2017,4
TBQ04C01,Total Units (Number),20174,2017Q4,1,Inward,IEDUB,Dublin,Number,50280.0,2017,4
TBQ04C01,Total Units (Number),20174,2017Q4,1,Inward,IEORK,Cork,Number,15345.0,2017,4
TBQ04C01,Total Units (Number),20174,2017Q4,2,Outward,IEMIP,All Main Irish Ports,Number,69602.0,2017,4
TBQ04C01,Total Units (Number),20174,2017Q4,2,Outward,IEDUB,Dublin,Number,51920.0,2017,4
TBQ04C01,Total Units (Number),20174,2017Q4,2,Outward,IEORK,Cork,Number,15277.0,2017,4
TBQ04C01,Total Units (Number),20181,2018Q1,-,All directions,IEMIP,All Main Irish Ports,Number,133505.0,2018,1
TBQ04C01,Total Units (Number),20181,2018Q1,-,All directions,IEDUB,Dublin,Number,98411.0,2018,1
TBQ04C01,Total Units (Number),20181,2018Q1,-,All directions,IEORK,Cork,Number,30505.0,2018,1
TBQ04C01,Total Units (Number),20181,2018Q1,1,Inward,IEMIP,All Main Irish Ports,Number,68587.0,2018,1
TBQ04C01,Total Units (Number),20181,2018Q1,1,Inward,IEDUB,Dublin,Number,50763.0,2018,1
TBQ04C01,Total Units (Number),20181,2018Q1,1,Inward,IEORK,Cork,Number,15534.0,2018,1
TBQ04C01,Total Units (Number),20181,2018Q1,2,Outward,IEMIP,All Main Irish Ports,Number,64918.0,2018,1
TBQ04C01,Total Units (Number),20181,2018Q1,2,Outward,IEDUB,Dublin,Number,47648.0,2018,1
TBQ04C01,Total Units (Number),20181,2018Q1,2,Outward,IEORK,Cork,Number,14971.0,2018,1
TBQ04C01,Total Units (Number),20182,2018Q2,-,All directions,IEMIP,All Main Irish Ports,Number,139174.0,2018,2
TBQ04C01,Total Units (Number),20182,2018Q2,-,All directions,IEDUB,Dublin,Number,100646.0,2018,2
TBQ04C01,Total Units (Number),20182,2018Q2,-,All directions,IEORK,Cork,Number,32888.0,2018,2
TBQ04C01,Total Units (Number),20182,2018Q2,1,Inward,IEMIP,All Main Irish Ports,Number,68536.0,2018,2
TBQ04C01,Total Units (Number),20182,2018Q2,1,Inward,IEDUB,Dublin,Number,49489.0,2018,2
TBQ04C01,Total Units (Number),20182,2018Q2,1,Inward,IEORK,Cork,Number,16341.0,2018,2
TBQ04C01,Total Units (Number),20182,2018Q2,2,Outward,IEMIP,All Main Irish Ports,Number,70638.0,2018,2
TBQ04C01,Total Units (Number),20182,2018Q2,2,Outward,IEDUB,Dublin,Number,51157.0,2018,2
TBQ04C01,Total Units (Number),20182,2018Q2,2,Outward,IEORK,Cork,Number,16547.0,2018,2
TBQ04C01,Total Units (Number),20183,2018Q3,-,All directions,IEMIP,All Main Irish Ports,Number,144236.0,2018,3
TBQ04C01,Total Units (Number),20183,2018Q3,-,All directions,IEDUB,Dublin,Number,105839.0,2018,3
TBQ04C01,Total Units (Number),20183,2018Q3,-,All directions,IEORK,Cork,Number,32998.0,2018,3
TBQ04C01,Total Units (Number),20183,2018Q3,1,Inward,IEMIP,All Main Irish Ports,Number,72914.0,2018,3
TBQ04C01,Total Units (Number),20183,2018Q3,1,Inward,IEDUB,Dublin,Number,53833.0,2018,3
TBQ04C01,Total Units (Number),20183,2018Q3,1,Inward,IEORK,Cork,Number,16351.0,2018,3
TBQ04C01,Total Units (Number),20183,2018Q3,2,Outward,IEMIP,All Main Irish Ports,Number,71322.0,2018,3
TBQ04C01,Total Units (Number),20183,2018Q3,2,Outward,IEDUB,Dublin,Number,52006.0,2018,3
TBQ04C01,Total Units (Number),20183,2018Q3,2,Outward,IEORK,Cork,Number,16647.0,2018,3
TBQ04C01,Total Units (Number),20184,2018Q4,-,All directions,IEMIP,All Main Irish Ports,Number,141201.0,2018,4
TBQ04C01,Total Units (Number),20184,2018Q4,-,All directions,IEDUB,Dublin,Number,102779.0,2018,4
TBQ04C01,Total Units (Number),20184,2018Q4,-,All directions,IEORK,Cork,Number,32815.0,2018,4
TBQ04C01,Total Units (Number),20184,2018Q4,1,Inward,IEMIP,All Main Irish Ports,Number,71159.0,2018,4
TBQ04C01,Total Units (Number),20184,2018Q4,1,Inward,IEDUB,Dublin,Number,51894.0,2018,4
TBQ04C01,Total Units (Number),20184,2018Q4,1,Inward,IEORK,Cork,Number,16503.0,2018,4
TBQ04C01,Total Units (Number),20184,2018Q4,2,Outward,IEMIP,All Main Irish Ports,Number,70042.0,2018,4
TBQ04C01,Total Units (Number),20184,2018Q4,2,Outward,IEDUB,Dublin,Number,50885.0,2018,4
TBQ04C01,Total Units (Number),20184,2018Q4,2,Outward,IEORK,Cork,Number,16312.0,2018,4
TBQ04C01,Total Units (Number),20191,2019Q1,-,All directions,IEMIP,All Main Irish Ports,Number,143434.0,2019,1
TBQ04C01,Total Units (Number),20191,2019Q1,-,All directions,IEDUB,Dublin,Number,106411.0,2019,1
TBQ04C01,Total Units (Number),20191,2019Q1,-,All directions,IEORK,Cork,Number,31846.0,2019,1
TBQ04C01,Total Units (Number),20191,2019Q1,1,Inward,IEMIP,All Main Irish Ports,Number,73651.0,2019,1
TBQ04C01,Total Units (Number),20191,2019Q1,1,Inward,IEDUB,Dublin,Number,55279.0,2019,1
TBQ04C01,Total Units (Number),20191,2019Q1,1,Inward,IEORK,Cork,Number,15780.0,2019,1
TBQ04C01,Total Units (Number),20191,2019Q1,2,Outward,IEMIP,All Main Irish Ports,Number,69783.0,2019,1
TBQ04C01,Total Units (Number),20191,2019Q1,2,Outward,IEDUB,Dublin,Number,51132.0,2019,1
TBQ04C01,Total Units (Number),20191,2019Q1,2,Outward,IEORK,Cork,Number,16066.0,2019,1
TBQ04C01,Total Units (Number),20192,2019Q2,-,All directions,IEMIP,All Main Irish Ports,Number,154081.0,2019,2
TBQ04C01,Total Units (Number),20192,2019Q2,-,All directions,IEDUB,Dublin,Number,112753.0,2019,2
TBQ04C01,Total Units (Number),20192,2019Q2,-,All directions,IEORK,Cork,Number,35487.0,2019,2
TBQ04C01,Total Units (Number),20192,2019Q2,1,Inward,IEMIP,All Main Irish Ports,Number,77329.0,2019,2
TBQ04C01,Total Units (Number),20192,2019Q2,1,Inward,IEDUB,Dublin,Number,56496.0,2019,2
TBQ04C01,Total Units (Number),20192,2019Q2,1,Inward,IEORK,Cork,Number,17885.0,2019,2
TBQ04C01,Total Units (Number),20192,2019Q2,2,Outward,IEMIP,All Main Irish Ports,Number,76752.0,2019,2
TBQ04C01,Total Units (Number),20192,2019Q2,2,Outward,IEDUB,Dublin,Number,56257.0,2019,2
TBQ04C01,Total Units (Number),20192,2019Q2,2,Outward,IEORK,Cork,Number,17602.0,2019,2
TBQ04C01,Total Units (Number),20193,2019Q3,-,All directions,IEMIP,All Main Irish Ports,Number,148186.0,2019,3
TBQ04C01,Total Units (Number),20193,2019Q3,-,All directions,IEDUB,Dublin,Number,107417.0,2019,3
TBQ04C01,Total Units (Number),20193,2019Q3,-,All directions,IEORK,Cork,Number,34237.0,2019,3
TBQ04C01,Total Units (Number),20193,2019Q3,1,Inward,IEMIP,All Main Irish Ports,Number,74554.0,2019,3
TBQ04C01,Total Units (Number),20193,2019Q3,1,Inward,IEDUB,Dublin,Number,54368.0,2019,3
TBQ04C01,Total Units (Number),20193,2019Q3,1,Inward,IEORK,Cork,Number,16819.0,2019,3
TBQ04C01,Total Units (Number),20193,2019Q3,2,Outward,IEMIP,All Main Irish Ports,Number,73632.0,2019,3
TBQ04C01,Total Units (Number),20193,2019Q3,2,Outward,IEDUB,Dublin,Number,53049.0,2019,3
TBQ04C01,Total Units (Number),20193,2019Q3,2,Outward,IEORK,Cork,Number,17418.0,2019,3
TBQ04C01,Total Units (Number),20194,2019Q4,-,All directions,IEMIP,All Main Irish Ports,Number,145601.0,2019,4
TBQ04C01,Total Units (Number),20194,2019Q4,-,All directions,IEDUB,Dublin,Number,105957.0,2019,4
TBQ04C01,Total Units (Number),20194,2019Q4,-,All directions,IEORK,Cork,Number,32986.0,2019,4
TBQ04C01,Total Units (Number),20194,2019Q4,1,Inward,IEMIP,All Main Irish Ports,Number,72565.0,2019,4
TBQ04C01,Total Units (Number),20194,2019Q4,1,Inward,IEDUB,Dublin,Number,52922.0,2019,4
TBQ04C01,Total Units (Number),20194,2019Q4,1,Inward,IEORK,Cork,Number,16208.0,2019,4
TBQ04C01,Total Units (Number),20194,2019Q4,2,Outward,IEMIP,All Main Irish Ports,Number,73036.0,2019,4
TBQ04C01,Total Units (Number),20194,2019Q4,2,Outward,IEDUB,Dublin,Number,53035.0,2019,4
TBQ04C01,Total Units (Number),20194,2019Q4,2,Outward,IEORK,Cork,Number,16778.0,2019,4
TBQ04C01,Total Units (Number),20201,2020Q1,-,All directions,IEMIP,All Main Irish Ports,Number,141411.0,2020,1
TBQ04C01,Total Units (Number),20201,2020Q1,-,All directions,IEDUB,Dublin,Number,104837.0,2020,1
TBQ04C01,Total Units (Number),20201,2020Q1,-,All directions,IEORK,Cork,Number,30226.0,2020,1
TBQ04C01,Total Units (Number),20201,2020Q1,1,Inward,IEMIP,All Main Irish Ports,Number,73464.0,2020,1
TBQ04C01,Total Units (Number),20201,2020Q1,1,Inward,IEDUB,Dublin,Number,54657.0,2020,1
TBQ04C01,Total Units (Number),20201,2020Q1,1,Inward,IEORK,Cork,Number,15530.0,2020,1
TBQ04C01,Total Units (Number),20201,2020Q1,2,Outward,IEMIP,All Main Irish Ports,Number,67947.0,2020,1
TBQ04C01,Total Units (Number),20201,2020Q1,2,Outward,IEDUB,Dublin,Number,50180.0,2020,1
TBQ04C01,Total Units (Number),20201,2020Q1,2,Outward,IEORK,Cork,Number,14696.0,2020,1
TBQ04C01,Total Units (Number),20202,2020Q2,-,All directions,IEMIP,All Main Irish Ports,Number,138071.0,2020,2
TBQ04C01,Total Units (Number),20202,2020Q2,-,All directions,IEDUB,Dublin,Number,95988.0,2020,2
TBQ04C01,Total Units (Number),20202,2020Q2,-,All directions,IEORK,Cork,Number,36033.0,2020,2
TBQ04C01,Total Units (Number),20202,2020Q2,1,Inward,IEMIP,All Main Irish Ports,Number,69008.0,2020,2
TBQ04C01,Total Units (Number),20202,2020Q2,1,Inward,IEDUB,Dublin,Number,48290.0,2020,2
TBQ04C01,Total Units (Number),20202,2020Q2,1,Inward,IEORK,Cork,Number,17648.0,2020,2
TBQ04C01,Total Units (Number),20202,2020Q2,2,Outward,IEMIP,All Main Irish Ports,Number,69063.0,2020,2
TBQ04C01,Total Units (Number),20202,2020Q2,2,Outward,IEDUB,Dublin,Number,47698.0,2020,2
TBQ04C01,Total Units (Number),20202,2020Q2,2,Outward,IEORK,Cork,Number,18385.0,2020,2
TBQ04C01,Total Units (Number),20203,2020Q3,-,All directions,IEMIP,All Main Irish Ports,Number,152021.0,2020,3
TBQ04C01,Total Units (Number),20203,2020Q3,-,All directions,IEDUB,Dublin,Number,108288.0,2020,3
TBQ04C01,Total Units (Number),20203,2020Q3,-,All directions,IEORK,Cork,Number,36554.0,2020,3
TBQ04C01,Total Units (Number),20203,2020Q3,1,Inward,IEMIP,All Main Irish Ports,Number,78730.0,2020,3
TBQ04C01,Total Units (Number),20203,2020Q3,1,Inward,IEDUB,Dublin,Number,56581.0,2020,3
TBQ04C01,Total Units (Number),20203,2020Q3,1,Inward,IEORK,Cork,Number,18377.0,2020,3
TBQ04C01,Total Units (Number),20203,2020Q3,2,Outward,IEMIP,All Main Irish Ports,Number,73291.0,2020,3
TBQ04C01,Total Units (Number),20203,2020Q3,2,Outward,IEDUB,Dublin,Number,51707.0,2020,3
TBQ04C01,Total Units (Number),20203,2020Q3,2,Outward,IEORK,Cork,Number,18177.0,2020,3
TBQ04C01,Total Units (Number),20204,2020Q4,-,All directions,IEMIP,All Main Irish Ports,Number,156217.0,2020,4
TBQ04C01,Total Units (Number),20204,2020Q4,-,All directions,IEDUB,Dublin,Number,114676.0,2020,4
TBQ04C01,Total Units (Number),20204,2020Q4,-,All directions,IEORK,Cork,Number,36122.0,2020,4
TBQ04C01,Total Units (Number),20204,2020Q4,1,Inward,IEMIP,All Main Irish Ports,Number,78727.0,2020,4
TBQ04C01,Total Units (Number),20204,2020Q4,1,Inward,IEDUB,Dublin,Number,58618.0,2020,4
TBQ04C01,Total Units (Number),20204,2020Q4,1,Inward,IEORK,Cork,Number,17549.0,2020,4
TBQ04C01,Total Units (Number),20204,2020Q4,2,Outward,IEMIP,All Main Irish Ports,Number,77490.0,2020,4
TBQ04C01,Total Units (Number),20204,2020Q4,2,Outward,IEDUB,Dublin,Number,56058.0,2020,4
TBQ04C01,Total Units (Number),20204,2020Q4,2,Outward,IEORK,Cork,Number,18573.0,2020,4
TBQ04C01,Total Units (Number),20211,2021Q1,-,All directions,IEMIP,All Main Irish Ports,Number,155628.0,2021,1
TBQ04C01,Total Units (Number),20211,2021Q1,-,All directions,IEDUB,Dublin,Number,114846.0,2021,1
TBQ04C01,Total Units (Number),20211,2021Q1,-,All directions,IEORK,Cork,Number,34866.0,2021,1
TBQ04C01,Total Units (Number),20211,2021Q1,1,Inward,IEMIP,All Main Irish Ports,Number,80274.0,2021,1
TBQ04C01,Total Units (Number),20211,2021Q1,1,Inward,IEDUB,Dublin,Number,59990.0,2021,1
TBQ04C01,Total Units (Number),20211,2021Q1,1,Inward,IEORK,Cork,Number,17314.0,2021,1
TBQ04C01,Total Units (Number),20211,2021Q1,2,Outward,IEMIP,All Main Irish Ports,Number,75354.0,2021,1
TBQ04C01,Total Units (Number),20211,2021Q1,2,Outward,IEDUB,Dublin,Number,54856.0,2021,1
TBQ04C01,Total Units (Number),20211,2021Q1,2,Outward,IEORK,Cork,Number,17552.0,2021,1
TBQ04C01,Total Units (Number),20212,2021Q2,-,All directions,IEMIP,All Main Irish Ports,Number,168153.0,2021,2
TBQ04C01,Total Units (Number),20212,2021Q2,-,All directions,IEDUB,Dublin,Number,120919.0,2021,2
TBQ04C01,Total Units (Number),20212,2021Q2,-,All directions,IEORK,Cork,Number,41167.0,2021,2
TBQ04C01,Total Units (Number),20212,2021Q2,1,Inward,IEMIP,All Main Irish Ports,Number,84666.0,2021,2
TBQ04C01,Total Units (Number),20212,2021Q2,1,Inward,IEDUB,Dublin,Number,61476.0,2021,2
TBQ04C01,Total Units (Number),20212,2021Q2,1,Inward,IEORK,Cork,Number,20191.0,2021,2
TBQ04C01,Total Units (Number),20212,2021Q2,2,Outward,IEMIP,All Main Irish Ports,Number,83487.0,2021,2
TBQ04C01,Total Units (Number),20212,2021Q2,2,Outward,IEDUB,Dublin,Number,59443.0,2021,2
TBQ04C01,Total Units (Number),20212,2021Q2,2,Outward,IEORK,Cork,Number,20976.0,2021,2
TBQ04C01,Total Units (Number),20213,2021Q3,-,All directions,IEMIP,All Main Irish Ports,Number,166228.0,2021,3
TBQ04C01,Total Units (Number),20213,2021Q3,-,All directions,IEDUB,Dublin,Number,118350.0,2021,3
TBQ04C01,Total Units (Number),20213,2021Q3,-,All directions,IEORK,Cork,Number,41613.0,2021,3
TBQ04C01,Total Units (Number),20213,2021Q3,1,Inward,IEMIP,All Main Irish Ports,Number,84499.0,2021,3
TBQ04C01,Total Units (Number),20213,2021Q3,1,Inward,IEDUB,Dublin,Number,60583.0,2021,3
TBQ04C01,Total Units (Number),20213,2021Q3,1,Inward,IEORK,Cork,Number,20807.0,2021,3
TBQ04C01,Total Units (Number),20213,2021Q3,2,Outward,IEMIP,All Main Irish Ports,Number,81729.0,2021,3
TBQ04C01,Total Units (Number),20213,2021Q3,2,Outward,IEDUB,Dublin,Number,57767.0,2021,3
TBQ04C01,Total Units (Number),20213,2021Q3,2,Outward,IEORK,Cork,Number,20806.0,2021,3
TBQ04C01,Total Units (Number),20214,2021Q4,-,All directions,IEMIP,All Main Irish Ports,Number,157627.0,2021,4
TBQ04C01,Total Units (Number),20214,2021Q4,-,All directions,IEDUB,Dublin,Number,113508.0,2021,4
TBQ04C01,Total Units (Number),20214,2021Q4,-,All directions,IEORK,Cork,Number,37987.0,2021,4
TBQ04C01,Total Units (Number),20214,2021Q4,1,Inward,IEMIP,All Main Irish Ports,Number,81490.0,2021,4
TBQ04C01,Total Units (Number),20214,2021Q4,1,Inward,IEDUB,Dublin,Number,59015.0,2021,4
TBQ04C01,Total Units (Number),20214,2021Q4,1,Inward,IEORK,Cork,Number,19406.0,2021,4
TBQ04C01,Total Units (Number),20214,2021Q4,2,Outward,IEMIP,All Main Irish Ports,Number,76137.0,2021,4
TBQ04C01,Total Units (Number),20214,2021Q4,2,Outward,IEDUB,Dublin,Number,54493.0,2021,4
TBQ04C01,Total Units (Number),20214,2021Q4,2,Outward,IEORK,Cork,Number,18581.0,2021,4
TBQ04C01,Total Units (Number),20221,2022Q1,-,All directions,IEMIP,All Main Irish Ports,Number,156122.0,2022,1
TBQ04C01,Total Units (Number),20221,2022Q1,-,All directions,IEDUB,Dublin,Number,112031.0,2022,1
TBQ04C01,Total Units (Number),20221,2022Q1,-,All directions,IEORK,Cork,Number,38516.0,2022,1
TBQ04C01,Total Units (Number),20221,2022Q1,1,Inward,IEMIP,All Main Irish Ports,Number,79638.0,2022,1
TBQ04C01,Total Units (Number),20221,2022Q1,1,Inward,IEDUB,Dublin,Number,57562.0,2022,1
TBQ04C01,Total Units (Number),20221,2022Q1,1,Inward,IEORK,Cork,Number,19207.0,2022,1
TBQ04C01,Total Units (Number),20221,2022Q1,2,Outward,IEMIP,All Main Irish Ports,Number,76484.0,2022,1
TBQ04C01,Total Units (Number),20221,2022Q1,2,Outward,IEDUB,Dublin,Number,54469.0,2022,1
TBQ04C01,Total Units (Number),20221,2022Q1,2,Outward,IEORK,Cork,Number,19309.0,2022,1
TBQ04C01,Total Units (Number),20222,2022Q2,-,All directions,IEMIP,All Main Irish Ports,Number,171752.0,2022,2
TBQ04C01,Total Units (Number),20222,2022Q2,-,All directions,IEDUB,Dublin,Number,124062.0,2022,2
TBQ04C01,Total Units (Number),20222,2022Q2,-,All directions,IEORK,Cork,Number,41030.0,2022,2
TBQ04C01,Total Units (Number),20222,2022Q2,1,Inward,IEMIP,All Main Irish Ports,Number,85402.0,2022,2
TBQ04C01,Total Units (Number),20222,2022Q2,1,Inward,IEDUB,Dublin,Number,61880.0,2022,2
TBQ04C01,Total Units (Number),20222,2022Q2,1,Inward,IEORK,Cork,Number,20313.0,2022,2
TBQ04C01,Total Units (Number),20222,2022Q2,2,Outward,IEMIP,All Main Irish Ports,Number,86350.0,2022,2
TBQ04C01,Total Units (Number),20222,2022Q2,2,Outward,IEDUB,Dublin,Number,62182.0,2022,2
TBQ04C01,Total Units (Number),20222,2022Q2,2,Outward,IEORK,Cork,Number,20717.0,2022,2
TBQ04C01,Total Units (Number),20223,2022Q3,-,All directions,IEMIP,All Main Irish Ports,Number,161300.0,2022,3
TBQ04C01,Total Units (Number),20223,2022Q3,-,All directions,IEDUB,Dublin,Number,115760.0,2022,3
TBQ04C01,Total Units (Number),20223,2022Q3,-,All directions,IEORK,Cork,Number,39548.0,2022,3
TBQ04C01,Total Units (Number),20223,2022Q3,1,Inward,IEMIP,All Main Irish Ports,Number,81484.0,2022,3
TBQ04C01,Total Units (Number),20223,2022Q3,1,Inward,IEDUB,Dublin,Number,58724.0,2022,3
TBQ04C01,Total Units (Number),20223,2022Q3,1,Inward,IEORK,Cork,Number,19824.0,2022,3
TBQ04C01,Total Units (Number),20223,2022Q3,2,Outward,IEMIP,All Main Irish Ports,Number,79816.0,2022,3
TBQ04C01,Total Units (Number),20223,2022Q3,2,Outward,IEDUB,Dublin,Number,57036.0,2022,3
TBQ04C01,Total Units (Number),20223,2022Q3,2,Outward,IEORK,Cork,Number,19724.0,2022,3
TBQ04C01,Total Units (Number),20224,2022Q4,-,All directions,IEMIP,All Main Irish Ports,Number,145593.0,2022,4
TBQ04C01,Total Units (Number),20224,2022Q4,-,All directions,IEDUB,Dublin,Number,103874.0,2022,4
TBQ04C01,Total Units (Number),20224,2022Q4,-,All directions,IEORK,Cork,Number,35959.0,2022,4
TBQ04C01,Total Units (Number),20224,2022Q4,1,Inward,IEMIP,All Main Irish Ports,Number,72669.0,2022,4
TBQ04C01,Total Units (Number),20224,2022Q4,1,Inward,IEDUB,Dublin,Number,51987.0,2022,4
TBQ04C01,Total Units (Number),20224,2022Q4,1,Inward,IEORK,Cork,Number,17808.0,2022,4
TBQ04C01,Total Units (Number),20224,2022Q4,2,Outward,IEMIP,All Main Irish Ports,Number,72924.0,2022,4
TBQ04C01,Total Units (Number),20224,2022Q4,2,Outward,IEDUB,Dublin,Number,51887.0,2022,4
TBQ04C01,Total Units (Number),20224,2022Q4,2,Outward,IEORK,Cork,Number,18151.0,2022,4
TBQ04C01,Total Units (Number),20231,2023Q1,-,All directions,IEMIP,All Main Irish Ports,Number,145026.0,2023,1
TBQ04C01,Total Units (Number),20231,2023Q1,-,All directions,IEDUB,Dublin,Number,105860.0,2023,1
TBQ04C01,Total Units (Number),20231,2023Q1,-,All directions,IEORK,Cork,Number,35113.0,2023,1
TBQ04C01,Total Units (Number),20231,2023Q1,1,Inward,IEMIP,All Main Irish Ports,Number,73535.0,2023,1
TBQ04C01,Total Units (Number),20231,2023Q1,1,Inward,IEDUB,Dublin,Number,53662.0,2023,1
TBQ04C01,Total Units (Number),20231,2023Q1,1,Inward,IEORK,Cork,Number,17876.0,2023,1
TBQ04C01,Total Units (Number),20231,2023Q1,2,Outward,IEMIP,All Main Irish Ports,Number,71491.0,2023,1
TBQ04C01,Total Units (Number),20231,2023Q1,2,Outward,IEDUB,Dublin,Number,52198.0,2023,1
TBQ04C01,Total Units (Number),20231,2023Q1,2,Outward,IEORK,Cork,Number,17237.0,2023,1
TBQ04C01,Total Units (Number),20232,2023Q2,-,All directions,IEMIP,All Main Irish Ports,Number,152295.0,2023,2
TBQ04C01,Total Units (Number),20232,2023Q2,-,All directions,IEDUB,Dublin,Number,109788.0,2023,2
TBQ04C01,Total Units (Number),20232,2023Q2,-,All directions,IEORK,Cork,Number,37299.0,2023,2
TBQ04C01,Total Units (Number),20232,2023Q2,1,Inward,IEMIP,All Main Irish Ports,Number,78373.0,2023,2
TBQ04C01,Total Units (Number),20232,2023Q2,1,Inward,IEDUB,Dublin,Number,57534.0,2023,2
TBQ04C01,Total Units (Number),20232,2023Q2,1,Inward,IEORK,Cork,Number,18327.0,2023,2
TBQ04C01,Total Units (Number),20232,2023Q2,2,Outward,IEMIP,All Main Irish Ports,Number,73922.0,2023,2
TBQ04C01,Total Units (Number),20232,2023Q2,2,Outward,IEDUB,Dublin,Number,52254.0,2023,2
TBQ04C01,Total Units (Number),20232,2023Q2,2,Outward,IEORK,Cork,Number,18972.0,2023,2
TBQ04C01,Total Units (Number),20233,2023Q3,-,All directions,IEMIP,All Main Irish Ports,Number,154081.0,2023,3
TBQ04C01,Total Units (Number),20233,2023Q3,-,All directions,IEDUB,Dublin,Number,113095.0,2023,3
TBQ04C01,Total Units (Number),20233,2023Q3,-,All directions,IEORK,Cork,Number,36233.0,2023,3
TBQ04C01,Total Units (Number),20233,2023Q3,1,Inward,IEMIP,All Main Irish Ports,Number,78632.0,2023,3
TBQ04C01,Total Units (Number),20233,2023Q3,1,Inward,IEDUB,Dublin,Number,58135.0,2023,3
TBQ04C01,Total Units (Number),20233,2023Q3,1,Inward,IEORK,Cork,Number,18163.0,2023,3
TBQ04C01,Total Units (Number),20233,2023Q3,2,Outward,IEMIP,All Main Irish Ports,Number,75449.0,2023,3
TBQ04C01,Total Units (Number),20233,2023Q3,2,Outward,IEDUB,Dublin,Number,54960.0,2023,3
TBQ04C01,Total Units (Number),20233,2023Q3,2,Outward,IEORK,Cork,Number,18070.0,2023,3
TBQ04C01,Total Units (Number),20234,2023Q4,-,All directions,IEMIP,All Main Irish Ports,Number,153857.0,2023,4
TBQ04C01,Total Units (Number),20234,2023Q4,-,All directions,IEDUB,Dublin,Number,112914.0,2023,4
TBQ04C01,Total Units (Number),20234,2023Q4,-,All directions,IEORK,Cork,Number,36800.0,2023,4
TBQ04C01,Total Units (Number),20234,2023Q4,1,Inward,IEMIP,All Main Irish Ports,Number,78122.0,2023,4
TBQ04C01,Total Units (Number),20234,2023Q4,1,Inward,IEDUB,Dublin,Number,57835.0,2023,4
TBQ04C01,Total Units (Number),20234,2023Q4,1,Inward,IEORK,Cork,Number,18206.0,2023,4
TBQ04C01,Total Units (Number),20234,2023Q4,2,Outward,IEMIP,All Main Irish Ports,Number,75735.0,2023,4
TBQ04C01,Total Units (Number),20234,2023Q4,2,Outward,IEDUB,Dublin,Number,55079.0,2023,4
TBQ04C01,Total Units (Number),20234,2023Q4,2,Outward,IEORK,Cork,Number,18594.0,2023,4
TBQ04C01,Total Units (Number),20241,2024Q1,-,All directions,IEMIP,All Main Irish Ports,Number,153177.0,2024,1
TBQ04C01,Total Units (Number),20241,2024Q1,-,All directions,IEDUB,Dublin,Number,112492.0,2024,1
TBQ04C01,Total Units (Number),20241,2024Q1,-,All directions,IEORK,Cork,Number,36813.0,2024,1
TBQ04C01,Total Units (Number),20241,2024Q1,1,Inward,IEMIP,All Main Irish Ports,Number,77673.0,2024,1
TBQ04C01,Total Units (Number),20241,2024Q1,1,Inward,IEDUB,Dublin,Number,57373.0,2024,1
TBQ04C01,Total Units (Number),20241,2024Q1,1,Inward,IEORK,Cork,Number,18370.0,2024,1
TBQ04C01,Total Units (Number),20241,2024Q1,2,Outward,IEMIP,All Main Irish Ports,Number,75504.0,2024,1
TBQ04C01,Total Units (Number),20241,2024Q1,2,Outward,IEDUB,Dublin,Number,55119.0,2024,1
TBQ04C01,Total Units (Number),20241,2024Q1,2,Outward,IEORK,Cork,Number,18443.0,2024,1
TBQ04C01,Total Units (Number),20242,2024Q2,-,All directions,IEMIP,All Main Irish Ports,Number,166869.0,2024,2
TBQ04C01,Total Units (Number),20242,2024Q2,-,All directions,IEDUB,Dublin,Number,122491.0,2024,2
TBQ04C01,Total Units (Number),20242,2024Q2,-,All directions,IEORK,Cork,Number,38369.0,2024,2
TBQ04C01,Total Units (Number),20242,2024Q2,1,Inward,IEMIP,All Main Irish Ports,Number,83335.0,2024,2
TBQ04C01,Total Units (Number),20242,2024Q2,1,Inward,IEDUB,Dublin,Number,61635.0,2024,2
TBQ04C01,Total Units (Number),20242,2024Q2,1,Inward,IEORK,Cork,Number,18750.0,2024,2
TBQ04C01,Total Units (Number),20242,2024Q2,2,Outward,IEMIP,All Main Irish Ports,Number,83534.0,2024,2
TBQ04C01,Total Units (Number),20242,2024Q2,2,Outward,IEDUB,Dublin,Number,60856.0,2024,2
TBQ04C01,Total Units (Number),20242,2024Q2,2,Outward,IEORK,Cork,Number,19619.0,2024,2
TBQ04C01,Total Units (Number),20243,2024Q3,-,All directions,IEMIP,All Main Irish Ports,Number,174962.0,2024,3
TBQ04C01,Total Units (Number),20243,2024Q3,-,All directions,IEDUB,Dublin,Number,129014.0,2024,3
TBQ04C01,Total Units (Number),20243,2024Q3,-,All directions,IEORK,Cork,Number,39718.0,2024,3
TBQ04C01,Total Units (Number),20243,2024Q3,1,Inward,IEMIP,All Main Irish Ports,Number,89511.0,2024,3
TBQ04C01,Total Units (Number),20243,2024Q3,1,Inward,IEDUB,Dublin,Number,66095.0,2024,3
TBQ04C01,Total Units (Number),20243,2024Q3,1,Inward,IEORK,Cork,Number,20329.0,2024,3
TBQ04C01,Total Units (Number),20243,2024Q3,2,Outward,IEMIP,All Main Irish Ports,Number,85451.0,2024,3
TBQ04C01,Total Units (Number),20243,2024Q3,2,Outward,IEDUB,Dublin,Number,62919.0,2024,3
TBQ04C01,Total Units (Number),20243,2024Q3,2,Outward,IEORK,Cork,Number,19389.0,2024,3
TBQ04C01,Total Units (Number),20244,2024Q4,-,All directions,IEMIP,All Main Irish Ports,Number,168737.0,2024,4
TBQ04C01,Total Units (Number),20244,2024Q4,-,All directions,IEDUB,Dublin,Number,125012.0,2024,4
TBQ04C01,Total Units (Number),20244,2024Q4,-,All directions,IEORK,Cork,Number,37845.0,2024,4
TBQ04C01,Total Units (Number),20244,2024Q4,1,Inward,IEMIP,All Main Irish Ports,Number,85331.0,2024,4
TBQ04C01,Total Units (Number),20244,2024Q4,1,Inward,IEDUB,Dublin,Number,63859.0,2024,4
TBQ04C01,Total Units (Number),20244,2024Q4,1,Inward,IEORK,Cork,Number,18604.0,2024,4
TBQ04C01,Total Units (Number),20244,2024Q4,2,Outward,IEMIP,All Main Irish Ports,Number,83406.0,2024,4
TBQ04C01,Total Units (Number),20244,2024Q4,2,Outward,IEDUB,Dublin,Number,61153.0,2024,4
TBQ04C01,Total Units (Number),20244,2024Q4,2,Outward,IEORK,Cork,Number,19241.0,2024,4
TBQ04C01,Total Units (Number),20251,2025Q1,-,All directions,IEMIP,All Main Irish Ports,Number,169842.0,2025,1
TBQ04C01,Total Units (Number),20251,2025Q1,-,All directions,IEDUB,Dublin,Number,124848.0,2025,1
TBQ04C01,Total Units (Number),20251,2025Q1,-,All directions,IEORK,Cork,Number,38381.0,2025,1
TBQ04C01,Total Units (Number),20251,2025Q1,1,Inward,IEMIP,All Main Irish Ports,Number,87092.0,2025,1
TBQ04C01,Total Units (Number),20251,2025Q1,1,Inward,IEDUB,Dublin,Number,64200.0,2025,1
TBQ04C01,Total Units (Number),20251,2025Q1,1,Inward,IEORK,Cork,Number,19586.0,2025,1
TBQ04C01,Total Units (Number),20251,2025Q1,2,Outward,IEMIP,All Main Irish Ports,Number,82750.0,2025,1
TBQ04C01,Total Units (Number),20251,2025Q1,2,Outward,IEDUB,Dublin,Number,60648.0,2025,1
TBQ04C01,Total Units (Number),20251,2025Q1,2,Outward,IEORK,Cork,Number,18795.0,2025,1
TBQ04C01,Total Units (Number),20252,2025Q2,-,All directions,IEMIP,All Main Irish Ports,Number,186285.0,2025,2
TBQ04C01,Total Units (Number),20252,2025Q2,-,All directions,IEDUB,Dublin,Number,138080.0,2025,2
TBQ04C01,Total Units (Number),20252,2025Q2,-,All directions,IEORK,Cork,Number,41193.0,2025,2
TBQ04C01,Total Units (Number),20252,2025Q2,1,Inward,IEMIP,All Main Irish Ports,Number,93799.0,2025,2
TBQ04C01,Total Units (Number),20252,2025Q2,1,Inward,IEDUB,Dublin,Number,69141.0,2025,2
TBQ04C01,Total Units (Number),20252,2025Q2,1,Inward,IEORK,Cork,Number,21088.0,2025,2
TBQ04C01,Total Units (Number),20252,2025Q2,2,Outward,IEMIP,All Main Irish Ports,Number,92486.0,2025,2
TBQ04C01,Total Units (Number),20252,2025Q2,2,Outward,IEDUB,Dublin,Number,68939.0,2025,2
TBQ04C01,Total Units (Number),20252,2025Q2,2,Outward,IEORK,Cork,Number,20105.0,2025,2
TBQ04C01,Total Units (Number),20253,2025Q3,-,All directions,IEMIP,All Main Irish Ports,Number,179879.0,2025,3
TBQ04C01,Total Units (Number),20253,2025Q3,-,All directions,IEDUB,Dublin,Number,133450.0,2025,3
TBQ04C01,Total Units (Number),20253,2025Q3,-,All directions,IEORK,Cork,Number,39755.0,2025,3
TBQ04C01,Total Units (Number),20253,2025Q3,1,Inward,IEMIP,All Main Irish Ports,Number,90758.0,2025,3
TBQ04C01,Total Units (Number),20253,2025Q3,1,Inward,IEDUB,Dublin,Number,68389.0,2025,3
TBQ04C01,Total Units (Number),20253,2025Q3,1,Inward,IEORK,Cork,Number,19003.0,2025,3
TBQ04C01,Total Units (Number),20253,2025Q3,2,Outward,IEMIP,All Main Irish Ports,Number,89121.0,2025,3
TBQ04C01,Total Units (Number),20253,2025Q3,2,Outward,IEDUB,Dublin,Number,65061.0,2025,3
TBQ04C01,Total Units (Number),20253,2025Q3,2,Outward,IEORK,Cork,Number,20752.0,2025,3
TBQ04C01,Total Units (Number),20254,2025Q4,-,All directions,IEMIP,All Main Irish Ports,Number,179064.0,2025,4
TBQ04C01,Total Units (Number),20254,2025Q4,-,All directions,IEDUB,Dublin,Number,132683.0,2025,4
TBQ04C01,Total Units (Number),20254,2025Q4,-,All directions,IEORK,Cork,Number,40560.0,2025,4
TBQ04C01,Total Units (Number),20254,2025Q4,1,Inward,IEMIP,All Main Irish Ports,Number,92108.0,2025,4
TBQ04C01,Total Units (Number),20254,2025Q4,1,Inward,IEDUB,Dublin,Number,69065.0,2025,4
TBQ04C01,Total Units (Number),20254,2025Q4,1,Inward,IEORK,Cork,Number,20146.0,2025,4
TBQ04C01,Total Units (Number),20254,2025Q4,2,Outward,IEMIP,All Main Irish Ports,Number,86956.0,2025,4
TBQ04C01,Total Units (Number),20254,2025Q4,2,Outward,IEDUB,Dublin,Number,63618.0,2025,4
TBQ04C01,Total Units (Number),20254,2025Q4,2,Outward,IEORK,Cork,Number,20414.0,2025,4
TBQ04C01,Total Units (Number),20261,2026Q1,-,All directions,IEMIP,All Main Irish Ports,Number,171887.0,2026,1
TBQ04C01,Total Units (Number),20261,2026Q1,-,All directions,IEDUB,Dublin,Number,128876.0,2026,1
TBQ04C01,Total Units (Number),20261,2026Q1,-,All directions,IEORK,Cork,Number,38525.0,2026,1
TBQ04C01,Total Units (Number),20261,2026Q1,1,Inward,IEMIP,All Main Irish Ports,Number,87248.0,2026,1
TBQ04C01,Total Units (Number),20261,2026Q1,1,Inward,IEDUB,Dublin,Number,65932.0,2026,1
TBQ04C01,Total Units (Number),20261,2026Q1,1,Inward,IEORK,Cork,Number,19227.0,2026,1
TBQ04C01,Total Units (Number),20261,2026Q1,2,Outward,IEMIP,All Main Irish Ports,Number,84639.0,2026,1
TBQ04C01,Total Units (Number),20261,2026Q1,2,Outward,IEDUB,Dublin,Number,62944.0,2026,1
TBQ04C01,Total Units (Number),20261,2026Q1,2,Outward,IEORK,Cork,Number,19298.0,2026,1
TBQ04C02,Total Units (TEU Twenty-foot Equivalent),20171,2017Q1,-,All directions,IEMIP,All Main Irish Ports,TEU Twenty-foot Equivalent,224903.0,2017,1
TBQ04C02,Total Units (TEU Twenty-foot Equivalent),20171,2017Q1,-,All directions,IEDUB,Dublin,TEU Twenty-foot Equivalent,163056.0,2017,1
TBQ04C02,Total Units (TEU Twenty-foot Equivalent),20171,2017Q1,-,All directions,IEORK,Cork,TEU Twenty-foot Equivalent,52196.0,2017,1
TBQ04C02,Total Units (TEU Twenty-foot Equivalent),20171,2017Q1,1,Inward,IEMIP,All Main Irish Ports,TEU Twenty-foot Equivalent,112302.0,2017,1
TBQ04C02,Total Units (TEU Twenty-foot Equivalent),20171,2017Q1,1,Inward,IEDUB,Dublin,TEU Twenty-foot Equivalent,82020.0,2017,1
TBQ04C02,Total Units (TEU Twenty-foot Equivalent),20171,2017Q1,1,Inward,IEORK,Cork,TEU Twenty-foot Equivalent,25505.0,2017,1
TBQ04C02,Total Units (TEU Twenty-foot Equivalent),20171,2017Q1,2,Outward,IEMIP,All Main Irish Ports,TEU Twenty-foot Equivalent,112601.0,2017,1
TBQ04C02,Total Units (TEU Twenty-foot Equivalent),20171,2017Q1,2,Outward,IEDUB,Dublin,TEU Twenty-foot Equivalent,81036.0,2017,1
TBQ04C02,Total Units (TEU Twenty-foot Equivalent),20171,2017Q1,2,Outward,IEORK,Cork,TEU Twenty-foot Equivalent,26691.0,2017,1
TBQ04C02,Total Units (TEU Twenty-foot Equivalent),20172,2017Q2,-,All directions,IEMIP,All Main Irish Ports,TEU Twenty-foot Equivalent,240707.0,2017,2
TBQ04C02,Total Units (TEU Twenty-foot Equivalent),20172,2017Q2,-,All directions,IEDUB,Dublin,TEU Twenty-foot Equivalent,172284.0,2017,2
TBQ04C02,Total Units (TEU Twenty-foot Equivalent),20172,2017Q2,-,All directions,IEORK,Cork,TEU Twenty-foot Equivalent,56958.0,2017,2
TBQ04C02,Total Units (TEU Twenty-foot Equivalent),20172,2017Q2,1,Inward,IEMIP,All Main Irish Ports,TEU Twenty-foot Equivalent,119329.0,2017,2
TBQ04C02,Total Units (TEU Twenty-foot Equivalent),20172,2017Q2,1,Inward,IEDUB,Dublin,TEU Twenty-foot Equivalent,85286.0,2017,2
TBQ04C02,Total Units (TEU Twenty-foot Equivalent),20172,2017Q2,1,Inward,IEORK,Cork,TEU Twenty-foot Equivalent,28276.0,2017,2
TBQ04C02,Total Units (TEU Twenty-foot Equivalent),20172,2017Q2,2,Outward,IEMIP,All Main Irish Ports,TEU Twenty-foot Equivalent,121379.0,2017,2
TBQ04C02,Total Units (TEU Twenty-foot Equivalent),20172,2017Q2,2,Outward,IEDUB,Dublin,TEU Twenty-foot Equivalent,86998.0,2017,2
TBQ04C02,Total Units (TEU Twenty-foot Equivalent),20172,2017Q2,2,Outward,IEORK,Cork,TEU Twenty-foot Equivalent,28682.0,2017,2
TBQ04C02,Total Units (TEU Twenty-foot Equivalent),20173,2017Q3,-,All directions,IEMIP,All Main Irish Ports,TEU Twenty-foot Equivalent,244718.0,2017,3
TBQ04C02,Total Units (TEU Twenty-foot Equivalent),20173,2017Q3,-,All directions,IEDUB,Dublin,TEU Twenty-foot Equivalent,179385.0,2017,3
TBQ04C02,Total Units (TEU Twenty-foot Equivalent),20173,2017Q3,-,All directions,IEORK,Cork,TEU Twenty-foot Equivalent,53935.0,2017,3
TBQ04C02,Total Units (TEU Twenty-foot Equivalent),20173,2017Q3,1,Inward,IEMIP,All Main Irish Ports,TEU Twenty-foot Equivalent,122280.0,2017,3
TBQ04C02,Total Units (TEU Twenty-foot Equivalent),20173,2017Q3,1,Inward,IEDUB,Dublin,TEU Twenty-foot Equivalent,90012.0,2017,3
TBQ04C02,Total Units (TEU Twenty-foot Equivalent),20173,2017Q3,1,Inward,IEORK,Cork,TEU Twenty-foot Equivalent,26752.0,2017,3
TBQ04C02,Total Units (TEU Twenty-foot Equivalent),20173,2017Q3,2,Outward,IEMIP,All Main Irish Ports,TEU Twenty-foot Equivalent,122438.0,2017,3
TBQ04C02,Total Units (TEU Twenty-foot Equivalent),20173,2017Q3,2,Outward,IEDUB,Dublin,TEU Twenty-foot Equivalent,89374.0,2017,3
TBQ04C02,Total Units (TEU Twenty-foot Equivalent),20173,2017Q3,2,Outward,IEORK,Cork,TEU Twenty-foot Equivalent,27182.0,2017,3
TBQ04C02,Total Units (TEU Twenty-foot Equivalent),20174,2017Q4,-,All directions,IEMIP,All Main Irish Ports,TEU Twenty-foot Equivalent,246576.0,2017,4
TBQ04C02,Total Units (TEU Twenty-foot Equivalent),20174,2017Q4,-,All directions,IEDUB,Dublin,TEU Twenty-foot Equivalent,182030.0,2017,4
TBQ04C02,Total Units (TEU Twenty-foot Equivalent),20174,2017Q4,-,All directions,IEORK,Cork,TEU Twenty-foot Equivalent,54686.0,2017,4
TBQ04C02,Total Units (TEU Twenty-foot Equivalent),20174,2017Q4,1,Inward,IEMIP,All Main Irish Ports,TEU Twenty-foot Equivalent,121670.0,2017,4
TBQ04C02,Total Units (TEU Twenty-foot Equivalent),20174,2017Q4,1,Inward,IEDUB,Dublin,TEU Twenty-foot Equivalent,89286.0,2017,4
TBQ04C02,Total Units (TEU Twenty-foot Equivalent),20174,2017Q4,1,Inward,IEORK,Cork,TEU Twenty-foot Equivalent,27488.0,2017,4
TBQ04C02,Total Units (TEU Twenty-foot Equivalent),20174,2017Q4,2,Outward,IEMIP,All Main Irish Ports,TEU Twenty-foot Equivalent,124906.0,2017,4
TBQ04C02,Total Units (TEU Twenty-foot Equivalent),20174,2017Q4,2,Outward,IEDUB,Dublin,TEU Twenty-foot Equivalent,92744.0,2017,4
TBQ04C02,Total Units (TEU Twenty-foot Equivalent),20174,2017Q4,2,Outward,IEORK,Cork,TEU Twenty-foot Equivalent,27198.0,2017,4
TBQ04C02,Total Units (TEU Twenty-foot Equivalent),20181,2018Q1,-,All directions,IEMIP,All Main Irish Ports,TEU Twenty-foot Equivalent,239608.0,2018,1
TBQ04C02,Total Units (TEU Twenty-foot Equivalent),20181,2018Q1,-,All directions,IEDUB,Dublin,TEU Twenty-foot Equivalent,176175.0,2018,1
TBQ04C02,Total Units (TEU Twenty-foot Equivalent),20181,2018Q1,-,All directions,IEORK,Cork,TEU Twenty-foot Equivalent,54049.0,2018,1
TBQ04C02,Total Units (TEU Twenty-foot Equivalent),20181,2018Q1,1,Inward,IEMIP,All Main Irish Ports,TEU Twenty-foot Equivalent,122633.0,2018,1
TBQ04C02,Total Units (TEU Twenty-foot Equivalent),20181,2018Q1,1,Inward,IEDUB,Dublin,TEU Twenty-foot Equivalent,90443.0,2018,1
TBQ04C02,Total Units (TEU Twenty-foot Equivalent),20181,2018Q1,1,Inward,IEORK,Cork,TEU Twenty-foot Equivalent,27506.0,2018,1
TBQ04C02,Total Units (TEU Twenty-foot Equivalent),20181,2018Q1,2,Outward,IEMIP,All Main Irish Ports,TEU Twenty-foot Equivalent,116976.0,2018,1
TBQ04C02,Total Units (TEU Twenty-foot Equivalent),20181,2018Q1,2,Outward,IEDUB,Dublin,TEU Twenty-foot Equivalent,85732.0,2018,1
TBQ04C02,Total Units (TEU Twenty-foot Equivalent),20181,2018Q1,2,Outward,IEORK,Cork,TEU Twenty-foot Equivalent,26542.0,2018,1
TBQ04C02,Total Units (TEU Twenty-foot Equivalent),20182,2018Q2,-,All directions,IEMIP,All Main Irish Ports,TEU Twenty-foot Equivalent,249494.0,2018,2
TBQ04C02,Total Units (TEU Twenty-foot Equivalent),20182,2018Q2,-,All directions,IEDUB,Dublin,TEU Twenty-foot Equivalent,179630.0,2018,2
TBQ04C02,Total Units (TEU Twenty-foot Equivalent),20182,2018Q2,-,All directions,IEORK,Cork,TEU Twenty-foot Equivalent,58253.0,2018,2
TBQ04C02,Total Units (TEU Twenty-foot Equivalent),20182,2018Q2,1,Inward,IEMIP,All Main Irish Ports,TEU Twenty-foot Equivalent,122756.0,2018,2
TBQ04C02,Total Units (TEU Twenty-foot Equivalent),20182,2018Q2,1,Inward,IEDUB,Dublin,TEU Twenty-foot Equivalent,88233.0,2018,2
TBQ04C02,Total Units (TEU Twenty-foot Equivalent),20182,2018Q2,1,Inward,IEORK,Cork,TEU Twenty-foot Equivalent,28966.0,2018,2
TBQ04C02,Total Units (TEU Twenty-foot Equivalent),20182,2018Q2,2,Outward,IEMIP,All Main Irish Ports,TEU Twenty-foot Equivalent,126739.0,2018,2
TBQ04C02,Total Units (TEU Twenty-foot Equivalent),20182,2018Q2,2,Outward,IEDUB,Dublin,TEU Twenty-foot Equivalent,91397.0,2018,2
TBQ04C02,Total Units (TEU Twenty-foot Equivalent),20182,2018Q2,2,Outward,IEORK,Cork,TEU Twenty-foot Equivalent,29288.0,2018,2
TBQ04C02,Total Units (TEU Twenty-foot Equivalent),20183,2018Q3,-,All directions,IEMIP,All Main Irish Ports,TEU Twenty-foot Equivalent,257630.0,2018,3
TBQ04C02,Total Units (TEU Twenty-foot Equivalent),20183,2018Q3,-,All directions,IEDUB,Dublin,TEU Twenty-foot Equivalent,188212.0,2018,3
TBQ04C02,Total Units (TEU Twenty-foot Equivalent),20183,2018Q3,-,All directions,IEORK,Cork,TEU Twenty-foot Equivalent,58129.0,2018,3
TBQ04C02,Total Units (TEU Twenty-foot Equivalent),20183,2018Q3,1,Inward,IEMIP,All Main Irish Ports,TEU Twenty-foot Equivalent,130103.0,2018,3
TBQ04C02,Total Units (TEU Twenty-foot Equivalent),20183,2018Q3,1,Inward,IEDUB,Dublin,TEU Twenty-foot Equivalent,95511.0,2018,3
TBQ04C02,Total Units (TEU Twenty-foot Equivalent),20183,2018Q3,1,Inward,IEORK,Cork,TEU Twenty-foot Equivalent,28875.0,2018,3
TBQ04C02,Total Units (TEU Twenty-foot Equivalent),20183,2018Q3,2,Outward,IEMIP,All Main Irish Ports,TEU Twenty-foot Equivalent,127527.0,2018,3
TBQ04C02,Total Units (TEU Twenty-foot Equivalent),20183,2018Q3,2,Outward,IEDUB,Dublin,TEU Twenty-foot Equivalent,92701.0,2018,3
TBQ04C02,Total Units (TEU Twenty-foot Equivalent),20183,2018Q3,2,Outward,IEORK,Cork,TEU Twenty-foot Equivalent,29254.0,2018,3
TBQ04C02,Total Units (TEU Twenty-foot Equivalent),20184,2018Q4,-,All directions,IEMIP,All Main Irish Ports,TEU Twenty-foot Equivalent,253826.0,2018,4
TBQ04C02,Total Units (TEU Twenty-foot Equivalent),20184,2018Q4,-,All directions,IEDUB,Dublin,TEU Twenty-foot Equivalent,183315.0,2018,4
TBQ04C02,Total Units (TEU Twenty-foot Equivalent),20184,2018Q4,-,All directions,IEORK,Cork,TEU Twenty-foot Equivalent,58853.0,2018,4
TBQ04C02,Total Units (TEU Twenty-foot Equivalent),20184,2018Q4,1,Inward,IEMIP,All Main Irish Ports,TEU Twenty-foot Equivalent,127618.0,2018,4
TBQ04C02,Total Units (TEU Twenty-foot Equivalent),20184,2018Q4,1,Inward,IEDUB,Dublin,TEU Twenty-foot Equivalent,92261.0,2018,4
TBQ04C02,Total Units (TEU Twenty-foot Equivalent),20184,2018Q4,1,Inward,IEORK,Cork,TEU Twenty-foot Equivalent,29605.0,2018,4
TBQ04C02,Total Units (TEU Twenty-foot Equivalent),20184,2018Q4,2,Outward,IEMIP,All Main Irish Ports,TEU Twenty-foot Equivalent,126207.0,2018,4
TBQ04C02,Total Units (TEU Twenty-foot Equivalent),20184,2018Q4,2,Outward,IEDUB,Dublin,TEU Twenty-foot Equivalent,91054.0,2018,4
TBQ04C02,Total Units (TEU Twenty-foot Equivalent),20184,2018Q4,2,Outward,IEORK,Cork,TEU Twenty-foot Equivalent,29248.0,2018,4
TBQ04C02,Total Units (TEU Twenty-foot Equivalent),20191,2019Q1,-,All directions,IEMIP,All Main Irish Ports,TEU Twenty-foot Equivalent,258128.0,2019,1
TBQ04C02,Total Units (TEU Twenty-foot Equivalent),20191,2019Q1,-,All directions,IEDUB,Dublin,TEU Twenty-foot Equivalent,191077.0,2019,1
TBQ04C02,Total Units (TEU Twenty-foot Equivalent),20191,2019Q1,-,All directions,IEORK,Cork,TEU Twenty-foot Equivalent,56535.0,2019,1
TBQ04C02,Total Units (TEU Twenty-foot Equivalent),20191,2019Q1,1,Inward,IEMIP,All Main Irish Ports,TEU Twenty-foot Equivalent,132302.0,2019,1
TBQ04C02,Total Units (TEU Twenty-foot Equivalent),20191,2019Q1,1,Inward,IEDUB,Dublin,TEU Twenty-foot Equivalent,99028.0,2019,1
TBQ04C02,Total Units (TEU Twenty-foot Equivalent),20191,2019Q1,1,Inward,IEORK,Cork,TEU Twenty-foot Equivalent,28000.0,2019,1
TBQ04C02,Total Units (TEU Twenty-foot Equivalent),20191,2019Q1,2,Outward,IEMIP,All Main Irish Ports,TEU Twenty-foot Equivalent,125826.0,2019,1
TBQ04C02,Total Units (TEU Twenty-foot Equivalent),20191,2019Q1,2,Outward,IEDUB,Dublin,TEU Twenty-foot Equivalent,92049.0,2019,1
TBQ04C02,Total Units (TEU Twenty-foot Equivalent),20191,2019Q1,2,Outward,IEORK,Cork,TEU Twenty-foot Equivalent,28535.0,2019,1
TBQ04C02,Total Units (TEU Twenty-foot Equivalent),20192,2019Q2,-,All directions,IEMIP,All Main Irish Ports,TEU Twenty-foot Equivalent,276678.0,2019,2
TBQ04C02,Total Units (TEU Twenty-foot Equivalent),20192,2019Q2,-,All directions,IEDUB,Dublin,TEU Twenty-foot Equivalent,201178.0,2019,2
TBQ04C02,Total Units (TEU Twenty-foot Equivalent),20192,2019Q2,-,All directions,IEORK,Cork,TEU Twenty-foot Equivalent,63586.0,2019,2
TBQ04C02,Total Units (TEU Twenty-foot Equivalent),20192,2019Q2,1,Inward,IEMIP,All Main Irish Ports,TEU Twenty-foot Equivalent,138482.0,2019,2
TBQ04C02,Total Units (TEU Twenty-foot Equivalent),20192,2019Q2,1,Inward,IEDUB,Dublin,TEU Twenty-foot Equivalent,100571.0,2019,2
TBQ04C02,Total Units (TEU Twenty-foot Equivalent),20192,2019Q2,1,Inward,IEORK,Cork,TEU Twenty-foot Equivalent,31961.0,2019,2
TBQ04C02,Total Units (TEU Twenty-foot Equivalent),20192,2019Q2,2,Outward,IEMIP,All Main Irish Ports,TEU Twenty-foot Equivalent,138196.0,2019,2
TBQ04C02,Total Units (TEU Twenty-foot Equivalent),20192,2019Q2,2,Outward,IEDUB,Dublin,TEU Twenty-foot Equivalent,100607.0,2019,2
TBQ04C02,Total Units (TEU Twenty-foot Equivalent),20192,2019Q2,2,Outward,IEORK,Cork,TEU Twenty-foot Equivalent,31625.0,2019,2
TBQ04C02,Total Units (TEU Twenty-foot Equivalent),20193,2019Q3,-,All directions,IEMIP,All Main Irish Ports,TEU Twenty-foot Equivalent,266194.0,2019,3
TBQ04C02,Total Units (TEU Twenty-foot Equivalent),20193,2019Q3,-,All directions,IEDUB,Dublin,TEU Twenty-foot Equivalent,191780.0,2019,3
TBQ04C02,Total Units (TEU Twenty-foot Equivalent),20193,2019Q3,-,All directions,IEORK,Cork,TEU Twenty-foot Equivalent,61175.0,2019,3
TBQ04C02,Total Units (TEU Twenty-foot Equivalent),20193,2019Q3,1,Inward,IEMIP,All Main Irish Ports,TEU Twenty-foot Equivalent,133387.0,2019,3
TBQ04C02,Total Units (TEU Twenty-foot Equivalent),20193,2019Q3,1,Inward,IEDUB,Dublin,TEU Twenty-foot Equivalent,96703.0,2019,3
TBQ04C02,Total Units (TEU Twenty-foot Equivalent),20193,2019Q3,1,Inward,IEORK,Cork,TEU Twenty-foot Equivalent,29933.0,2019,3
TBQ04C02,Total Units (TEU Twenty-foot Equivalent),20193,2019Q3,2,Outward,IEMIP,All Main Irish Ports,TEU Twenty-foot Equivalent,132807.0,2019,3
TBQ04C02,Total Units (TEU Twenty-foot Equivalent),20193,2019Q3,2,Outward,IEDUB,Dublin,TEU Twenty-foot Equivalent,95078.0,2019,3
TBQ04C02,Total Units (TEU Twenty-foot Equivalent),20193,2019Q3,2,Outward,IEORK,Cork,TEU Twenty-foot Equivalent,31242.0,2019,3
TBQ04C02,Total Units (TEU Twenty-foot Equivalent),20194,2019Q4,-,All directions,IEMIP,All Main Irish Ports,TEU Twenty-foot Equivalent,262489.0,2019,4
TBQ04C02,Total Units (TEU Twenty-foot Equivalent),20194,2019Q4,-,All directions,IEDUB,Dublin,TEU Twenty-foot Equivalent,190008.0,2019,4
TBQ04C02,Total Units (TEU Twenty-foot Equivalent),20194,2019Q4,-,All directions,IEORK,Cork,TEU Twenty-foot Equivalent,58803.0,2019,4
TBQ04C02,Total Units (TEU Twenty-foot Equivalent),20194,2019Q4,1,Inward,IEMIP,All Main Irish Ports,TEU Twenty-foot Equivalent,130717.0,2019,4
TBQ04C02,Total Units (TEU Twenty-foot Equivalent),20194,2019Q4,1,Inward,IEDUB,Dublin,TEU Twenty-foot Equivalent,94583.0,2019,4
TBQ04C02,Total Units (TEU Twenty-foot Equivalent),20194,2019Q4,1,Inward,IEORK,Cork,TEU Twenty-foot Equivalent,29091.0,2019,4
TBQ04C02,Total Units (TEU Twenty-foot Equivalent),20194,2019Q4,2,Outward,IEMIP,All Main Irish Ports,TEU Twenty-foot Equivalent,131771.0,2019,4
TBQ04C02,Total Units (TEU Twenty-foot Equivalent),20194,2019Q4,2,Outward,IEDUB,Dublin,TEU Twenty-foot Equivalent,95425.0,2019,4
TBQ04C02,Total Units (TEU Twenty-foot Equivalent),20194,2019Q4,2,Outward,IEORK,Cork,TEU Twenty-foot Equivalent,29711.0,2019,4
TBQ04C02,Total Units (TEU Twenty-foot Equivalent),20201,2020Q1,-,All directions,IEMIP,All Main Irish Ports,TEU Twenty-foot Equivalent,254123.0,2020,1
TBQ04C02,Total Units (TEU Twenty-foot Equivalent),20201,2020Q1,-,All directions,IEDUB,Dublin,TEU Twenty-foot Equivalent,187765.0,2020,1
TBQ04C02,Total Units (TEU Twenty-foot Equivalent),20201,2020Q1,-,All directions,IEORK,Cork,TEU Twenty-foot Equivalent,53539.0,2020,1
TBQ04C02,Total Units (TEU Twenty-foot Equivalent),20201,2020Q1,1,Inward,IEMIP,All Main Irish Ports,TEU Twenty-foot Equivalent,131535.0,2020,1
TBQ04C02,Total Units (TEU Twenty-foot Equivalent),20201,2020Q1,1,Inward,IEDUB,Dublin,TEU Twenty-foot Equivalent,97496.0,2020,1
TBQ04C02,Total Units (TEU Twenty-foot Equivalent),20201,2020Q1,1,Inward,IEORK,Cork,TEU Twenty-foot Equivalent,27471.0,2020,1
TBQ04C02,Total Units (TEU Twenty-foot Equivalent),20201,2020Q1,2,Outward,IEMIP,All Main Irish Ports,TEU Twenty-foot Equivalent,122589.0,2020,1
TBQ04C02,Total Units (TEU Twenty-foot Equivalent),20201,2020Q1,2,Outward,IEDUB,Dublin,TEU Twenty-foot Equivalent,90269.0,2020,1
TBQ04C02,Total Units (TEU Twenty-foot Equivalent),20201,2020Q1,2,Outward,IEORK,Cork,TEU Twenty-foot Equivalent,26068.0,2020,1
TBQ04C02,Total Units (TEU Twenty-foot Equivalent),20202,2020Q2,-,All directions,IEMIP,All Main Irish Ports,TEU Twenty-foot Equivalent,249819.0,2020,2
TBQ04C02,Total Units (TEU Twenty-foot Equivalent),20202,2020Q2,-,All directions,IEDUB,Dublin,TEU Twenty-foot Equivalent,172724.0,2020,2
TBQ04C02,Total Units (TEU Twenty-foot Equivalent),20202,2020Q2,-,All directions,IEORK,Cork,TEU Twenty-foot Equivalent,64770.0,2020,2
TBQ04C02,Total Units (TEU Twenty-foot Equivalent),20202,2020Q2,1,Inward,IEMIP,All Main Irish Ports,TEU Twenty-foot Equivalent,124371.0,2020,2
TBQ04C02,Total Units (TEU Twenty-foot Equivalent),20202,2020Q2,1,Inward,IEDUB,Dublin,TEU Twenty-foot Equivalent,86419.0,2020,2
TBQ04C02,Total Units (TEU Twenty-foot Equivalent),20202,2020Q2,1,Inward,IEORK,Cork,TEU Twenty-foot Equivalent,31772.0,2020,2
TBQ04C02,Total Units (TEU Twenty-foot Equivalent),20202,2020Q2,2,Outward,IEMIP,All Main Irish Ports,TEU Twenty-foot Equivalent,125447.0,2020,2
TBQ04C02,Total Units (TEU Twenty-foot Equivalent),20202,2020Q2,2,Outward,IEDUB,Dublin,TEU Twenty-foot Equivalent,86305.0,2020,2
TBQ04C02,Total Units (TEU Twenty-foot Equivalent),20202,2020Q2,2,Outward,IEORK,Cork,TEU Twenty-foot Equivalent,32998.0,2020,2
TBQ04C02,Total Units (TEU Twenty-foot Equivalent),20203,2020Q3,-,All directions,IEMIP,All Main Irish Ports,TEU Twenty-foot Equivalent,272885.0,2020,3
TBQ04C02,Total Units (TEU Twenty-foot Equivalent),20203,2020Q3,-,All directions,IEDUB,Dublin,TEU Twenty-foot Equivalent,192375.0,2020,3
TBQ04C02,Total Units (TEU Twenty-foot Equivalent),20203,2020Q3,-,All directions,IEORK,Cork,TEU Twenty-foot Equivalent,65815.0,2020,3
TBQ04C02,Total Units (TEU Twenty-foot Equivalent),20203,2020Q3,1,Inward,IEMIP,All Main Irish Ports,TEU Twenty-foot Equivalent,140745.0,2020,3
TBQ04C02,Total Units (TEU Twenty-foot Equivalent),20203,2020Q3,1,Inward,IEDUB,Dublin,TEU Twenty-foot Equivalent,99950.0,2020,3
TBQ04C02,Total Units (TEU Twenty-foot Equivalent),20203,2020Q3,1,Inward,IEORK,Cork,TEU Twenty-foot Equivalent,33137.0,2020,3
TBQ04C02,Total Units (TEU Twenty-foot Equivalent),20203,2020Q3,2,Outward,IEMIP,All Main Irish Ports,TEU Twenty-foot Equivalent,132140.0,2020,3
TBQ04C02,Total Units (TEU Twenty-foot Equivalent),20203,2020Q3,2,Outward,IEDUB,Dublin,TEU Twenty-foot Equivalent,92425.0,2020,3
TBQ04C02,Total Units (TEU Twenty-foot Equivalent),20203,2020Q3,2,Outward,IEORK,Cork,TEU Twenty-foot Equivalent,32678.0,2020,3
TBQ04C02,Total Units (TEU Twenty-foot Equivalent),20204,2020Q4,-,All directions,IEMIP,All Main Irish Ports,TEU Twenty-foot Equivalent,281375.0,2020,4
TBQ04C02,Total Units (TEU Twenty-foot Equivalent),20204,2020Q4,-,All directions,IEDUB,Dublin,TEU Twenty-foot Equivalent,205170.0,2020,4
TBQ04C02,Total Units (TEU Twenty-foot Equivalent),20204,2020Q4,-,All directions,IEORK,Cork,TEU Twenty-foot Equivalent,65201.0,2020,4
TBQ04C02,Total Units (TEU Twenty-foot Equivalent),20204,2020Q4,1,Inward,IEMIP,All Main Irish Ports,TEU Twenty-foot Equivalent,140968.0,2020,4
TBQ04C02,Total Units (TEU Twenty-foot Equivalent),20204,2020Q4,1,Inward,IEDUB,Dublin,TEU Twenty-foot Equivalent,104171.0,2020,4
TBQ04C02,Total Units (TEU Twenty-foot Equivalent),20204,2020Q4,1,Inward,IEORK,Cork,TEU Twenty-foot Equivalent,31622.0,2020,4
TBQ04C02,Total Units (TEU Twenty-foot Equivalent),20204,2020Q4,2,Outward,IEMIP,All Main Irish Ports,TEU Twenty-foot Equivalent,140407.0,2020,4
TBQ04C02,Total Units (TEU Twenty-foot Equivalent),20204,2020Q4,2,Outward,IEDUB,Dublin,TEU Twenty-foot Equivalent,100999.0,2020,4
TBQ04C02,Total Units (TEU Twenty-foot Equivalent),20204,2020Q4,2,Outward,IEORK,Cork,TEU Twenty-foot Equivalent,33579.0,2020,4
TBQ04C02,Total Units (TEU Twenty-foot Equivalent),20211,2021Q1,-,All directions,IEMIP,All Main Irish Ports,TEU Twenty-foot Equivalent,282257.0,2021,1
TBQ04C02,Total Units (TEU Twenty-foot Equivalent),20211,2021Q1,-,All directions,IEDUB,Dublin,TEU Twenty-foot Equivalent,207744.0,2021,1
TBQ04C02,Total Units (TEU Twenty-foot Equivalent),20211,2021Q1,-,All directions,IEORK,Cork,TEU Twenty-foot Equivalent,62754.0,2021,1
TBQ04C02,Total Units (TEU Twenty-foot Equivalent),20211,2021Q1,1,Inward,IEMIP,All Main Irish Ports,TEU Twenty-foot Equivalent,144954.0,2021,1
TBQ04C02,Total Units (TEU Twenty-foot Equivalent),20211,2021Q1,1,Inward,IEDUB,Dublin,TEU Twenty-foot Equivalent,108004.0,2021,1
TBQ04C02,Total Units (TEU Twenty-foot Equivalent),20211,2021Q1,1,Inward,IEORK,Cork,TEU Twenty-foot Equivalent,31114.0,2021,1
TBQ04C02,Total Units (TEU Twenty-foot Equivalent),20211,2021Q1,2,Outward,IEMIP,All Main Irish Ports,TEU Twenty-foot Equivalent,137303.0,2021,1
TBQ04C02,Total Units (TEU Twenty-foot Equivalent),20211,2021Q1,2,Outward,IEDUB,Dublin,TEU Twenty-foot Equivalent,99740.0,2021,1
TBQ04C02,Total Units (TEU Twenty-foot Equivalent),20211,2021Q1,2,Outward,IEORK,Cork,TEU Twenty-foot Equivalent,31640.0,2021,1
TBQ04C02,Total Units (TEU Twenty-foot Equivalent),20212,2021Q2,-,All directions,IEMIP,All Main Irish Ports,TEU Twenty-foot Equivalent,305926.0,2021,2
TBQ04C02,Total Units (TEU Twenty-foot Equivalent),20212,2021Q2,-,All directions,IEDUB,Dublin,TEU Twenty-foot Equivalent,219036.0,2021,2
TBQ04C02,Total Units (TEU Twenty-foot Equivalent),20212,2021Q2,-,All directions,IEORK,Cork,TEU Twenty-foot Equivalent,74451.0,2021,2
TBQ04C02,Total Units (TEU Twenty-foot Equivalent),20212,2021Q2,1,Inward,IEMIP,All Main Irish Ports,TEU Twenty-foot Equivalent,153710.0,2021,2
TBQ04C02,Total Units (TEU Twenty-foot Equivalent),20212,2021Q2,1,Inward,IEDUB,Dublin,TEU Twenty-foot Equivalent,110750.0,2021,2
TBQ04C02,Total Units (TEU Twenty-foot Equivalent),20212,2021Q2,1,Inward,IEORK,Cork,TEU Twenty-foot Equivalent,36834.0,2021,2
TBQ04C02,Total Units (TEU Twenty-foot Equivalent),20212,2021Q2,2,Outward,IEMIP,All Main Irish Ports,TEU Twenty-foot Equivalent,152216.0,2021,2
TBQ04C02,Total Units (TEU Twenty-foot Equivalent),20212,2021Q2,2,Outward,IEDUB,Dublin,TEU Twenty-foot Equivalent,108286.0,2021,2
TBQ04C02,Total Units (TEU Twenty-foot Equivalent),20212,2021Q2,2,Outward,IEORK,Cork,TEU Twenty-foot Equivalent,37616.0,2021,2
TBQ04C02,Total Units (TEU Twenty-foot Equivalent),20213,2021Q3,-,All directions,IEMIP,All Main Irish Ports,TEU Twenty-foot Equivalent,299848.0,2021,3
TBQ04C02,Total Units (TEU Twenty-foot Equivalent),20213,2021Q3,-,All directions,IEDUB,Dublin,TEU Twenty-foot Equivalent,212338.0,2021,3
TBQ04C02,Total Units (TEU Twenty-foot Equivalent),20213,2021Q3,-,All directions,IEORK,Cork,TEU Twenty-foot Equivalent,74692.0,2021,3
TBQ04C02,Total Units (TEU Twenty-foot Equivalent),20213,2021Q3,1,Inward,IEMIP,All Main Irish Ports,TEU Twenty-foot Equivalent,151658.0,2021,3
TBQ04C02,Total Units (TEU Twenty-foot Equivalent),20213,2021Q3,1,Inward,IEDUB,Dublin,TEU Twenty-foot Equivalent,108077.0,2021,3
TBQ04C02,Total Units (TEU Twenty-foot Equivalent),20213,2021Q3,1,Inward,IEORK,Cork,TEU Twenty-foot Equivalent,37325.0,2021,3
TBQ04C02,Total Units (TEU Twenty-foot Equivalent),20213,2021Q3,2,Outward,IEMIP,All Main Irish Ports,TEU Twenty-foot Equivalent,148191.0,2021,3
TBQ04C02,Total Units (TEU Twenty-foot Equivalent),20213,2021Q3,2,Outward,IEDUB,Dublin,TEU Twenty-foot Equivalent,104261.0,2021,3
TBQ04C02,Total Units (TEU Twenty-foot Equivalent),20213,2021Q3,2,Outward,IEORK,Cork,TEU Twenty-foot Equivalent,37367.0,2021,3
TBQ04C02,Total Units (TEU Twenty-foot Equivalent),20214,2021Q4,-,All directions,IEMIP,All Main Irish Ports,TEU Twenty-foot Equivalent,287819.0,2021,4
TBQ04C02,Total Units (TEU Twenty-foot Equivalent),20214,2021Q4,-,All directions,IEDUB,Dublin,TEU Twenty-foot Equivalent,205327.0,2021,4
TBQ04C02,Total Units (TEU Twenty-foot Equivalent),20214,2021Q4,-,All directions,IEORK,Cork,TEU Twenty-foot Equivalent,69690.0,2021,4
TBQ04C02,Total Units (TEU Twenty-foot Equivalent),20214,2021Q4,1,Inward,IEMIP,All Main Irish Ports,TEU Twenty-foot Equivalent,148074.0,2021,4
TBQ04C02,Total Units (TEU Twenty-foot Equivalent),20214,2021Q4,1,Inward,IEDUB,Dublin,TEU Twenty-foot Equivalent,105921.0,2021,4
TBQ04C02,Total Units (TEU Twenty-foot Equivalent),20214,2021Q4,1,Inward,IEORK,Cork,TEU Twenty-foot Equivalent,35703.0,2021,4
TBQ04C02,Total Units (TEU Twenty-foot Equivalent),20214,2021Q4,2,Outward,IEMIP,All Main Irish Ports,TEU Twenty-foot Equivalent,139745.0,2021,4
TBQ04C02,Total Units (TEU Twenty-foot Equivalent),20214,2021Q4,2,Outward,IEDUB,Dublin,TEU Twenty-foot Equivalent,99406.0,2021,4
TBQ04C02,Total Units (TEU Twenty-foot Equivalent),20214,2021Q4,2,Outward,IEORK,Cork,TEU Twenty-foot Equivalent,33987.0,2021,4
TBQ04C02,Total Units (TEU Twenty-foot Equivalent),20221,2022Q1,-,All directions,IEMIP,All Main Irish Ports,TEU Twenty-foot Equivalent,283228.0,2022,1
TBQ04C02,Total Units (TEU Twenty-foot Equivalent),20221,2022Q1,-,All directions,IEDUB,Dublin,TEU Twenty-foot Equivalent,202149.0,2022,1
TBQ04C02,Total Units (TEU Twenty-foot Equivalent),20221,2022Q1,-,All directions,IEORK,Cork,TEU Twenty-foot Equivalent,69790.0,2022,1
TBQ04C02,Total Units (TEU Twenty-foot Equivalent),20221,2022Q1,1,Inward,IEMIP,All Main Irish Ports,TEU Twenty-foot Equivalent,143745.0,2022,1
TBQ04C02,Total Units (TEU Twenty-foot Equivalent),20221,2022Q1,1,Inward,IEDUB,Dublin,TEU Twenty-foot Equivalent,103141.0,2022,1
TBQ04C02,Total Units (TEU Twenty-foot Equivalent),20221,2022Q1,1,Inward,IEORK,Cork,TEU Twenty-foot Equivalent,34833.0,2022,1
TBQ04C02,Total Units (TEU Twenty-foot Equivalent),20221,2022Q1,2,Outward,IEMIP,All Main Irish Ports,TEU Twenty-foot Equivalent,139483.0,2022,1
TBQ04C02,Total Units (TEU Twenty-foot Equivalent),20221,2022Q1,2,Outward,IEDUB,Dublin,TEU Twenty-foot Equivalent,99008.0,2022,1
TBQ04C02,Total Units (TEU Twenty-foot Equivalent),20221,2022Q1,2,Outward,IEORK,Cork,TEU Twenty-foot Equivalent,34958.0,2022,1
TBQ04C02,Total Units (TEU Twenty-foot Equivalent),20222,2022Q2,-,All directions,IEMIP,All Main Irish Ports,TEU Twenty-foot Equivalent,311533.0,2022,2
TBQ04C02,Total Units (TEU Twenty-foot Equivalent),20222,2022Q2,-,All directions,IEDUB,Dublin,TEU Twenty-foot Equivalent,223584.0,2022,2
TBQ04C02,Total Units (TEU Twenty-foot Equivalent),20222,2022Q2,-,All directions,IEORK,Cork,TEU Twenty-foot Equivalent,74531.0,2022,2
TBQ04C02,Total Units (TEU Twenty-foot Equivalent),20222,2022Q2,1,Inward,IEMIP,All Main Irish Ports,TEU Twenty-foot Equivalent,153892.0,2022,2
TBQ04C02,Total Units (TEU Twenty-foot Equivalent),20222,2022Q2,1,Inward,IEDUB,Dublin,TEU Twenty-foot Equivalent,110735.0,2022,2
TBQ04C02,Total Units (TEU Twenty-foot Equivalent),20222,2022Q2,1,Inward,IEORK,Cork,TEU Twenty-foot Equivalent,36757.0,2022,2
TBQ04C02,Total Units (TEU Twenty-foot Equivalent),20222,2022Q2,2,Outward,IEMIP,All Main Irish Ports,TEU Twenty-foot Equivalent,157641.0,2022,2
TBQ04C02,Total Units (TEU Twenty-foot Equivalent),20222,2022Q2,2,Outward,IEDUB,Dublin,TEU Twenty-foot Equivalent,112849.0,2022,2
TBQ04C02,Total Units (TEU Twenty-foot Equivalent),20222,2022Q2,2,Outward,IEORK,Cork,TEU Twenty-foot Equivalent,37774.0,2022,2
TBQ04C02,Total Units (TEU Twenty-foot Equivalent),20223,2022Q3,-,All directions,IEMIP,All Main Irish Ports,TEU Twenty-foot Equivalent,293890.0,2022,3
TBQ04C02,Total Units (TEU Twenty-foot Equivalent),20223,2022Q3,-,All directions,IEDUB,Dublin,TEU Twenty-foot Equivalent,209262.0,2022,3
TBQ04C02,Total Units (TEU Twenty-foot Equivalent),20223,2022Q3,-,All directions,IEORK,Cork,TEU Twenty-foot Equivalent,72345.0,2022,3
TBQ04C02,Total Units (TEU Twenty-foot Equivalent),20223,2022Q3,1,Inward,IEMIP,All Main Irish Ports,TEU Twenty-foot Equivalent,148224.0,2022,3
TBQ04C02,Total Units (TEU Twenty-foot Equivalent),20223,2022Q3,1,Inward,IEDUB,Dublin,TEU Twenty-foot Equivalent,105882.0,2022,3
TBQ04C02,Total Units (TEU Twenty-foot Equivalent),20223,2022Q3,1,Inward,IEORK,Cork,TEU Twenty-foot Equivalent,36336.0,2022,3
TBQ04C02,Total Units (TEU Twenty-foot Equivalent),20223,2022Q3,2,Outward,IEMIP,All Main Irish Ports,TEU Twenty-foot Equivalent,145666.0,2022,3
TBQ04C02,Total Units (TEU Twenty-foot Equivalent),20223,2022Q3,2,Outward,IEDUB,Dublin,TEU Twenty-foot Equivalent,103380.0,2022,3
TBQ04C02,Total Units (TEU Twenty-foot Equivalent),20223,2022Q3,2,Outward,IEORK,Cork,TEU Twenty-foot Equivalent,36008.0,2022,3
TBQ04C02,Total Units (TEU Twenty-foot Equivalent),20224,2022Q4,-,All directions,IEMIP,All Main Irish Ports,TEU Twenty-foot Equivalent,265744.0,2022,4
TBQ04C02,Total Units (TEU Twenty-foot Equivalent),20224,2022Q4,-,All directions,IEDUB,Dublin,TEU Twenty-foot Equivalent,188263.0,2022,4
TBQ04C02,Total Units (TEU Twenty-foot Equivalent),20224,2022Q4,-,All directions,IEORK,Cork,TEU Twenty-foot Equivalent,65709.0,2022,4
TBQ04C02,Total Units (TEU Twenty-foot Equivalent),20224,2022Q4,1,Inward,IEMIP,All Main Irish Ports,TEU Twenty-foot Equivalent,132112.0,2022,4
TBQ04C02,Total Units (TEU Twenty-foot Equivalent),20224,2022Q4,1,Inward,IEDUB,Dublin,TEU Twenty-foot Equivalent,93864.0,2022,4
TBQ04C02,Total Units (TEU Twenty-foot Equivalent),20224,2022Q4,1,Inward,IEORK,Cork,TEU Twenty-foot Equivalent,32431.0,2022,4
TBQ04C02,Total Units (TEU Twenty-foot Equivalent),20224,2022Q4,2,Outward,IEMIP,All Main Irish Ports,TEU Twenty-foot Equivalent,133632.0,2022,4
TBQ04C02,Total Units (TEU Twenty-foot Equivalent),20224,2022Q4,2,Outward,IEDUB,Dublin,TEU Twenty-foot Equivalent,94400.0,2022,4
TBQ04C02,Total Units (TEU Twenty-foot Equivalent),20224,2022Q4,2,Outward,IEORK,Cork,TEU Twenty-foot Equivalent,33278.0,2022,4
TBQ04C02,Total Units (TEU Twenty-foot Equivalent),20231,2023Q1,-,All directions,IEMIP,All Main Irish Ports,TEU Twenty-foot Equivalent,263202.0,2023,1
TBQ04C02,Total Units (TEU Twenty-foot Equivalent),20231,2023Q1,-,All directions,IEDUB,Dublin,TEU Twenty-foot Equivalent,191280.0,2023,1
TBQ04C02,Total Units (TEU Twenty-foot Equivalent),20231,2023Q1,-,All directions,IEORK,Cork,TEU Twenty-foot Equivalent,63783.0,2023,1
TBQ04C02,Total Units (TEU Twenty-foot Equivalent),20231,2023Q1,1,Inward,IEMIP,All Main Irish Ports,TEU Twenty-foot Equivalent,132947.0,2023,1
TBQ04C02,Total Units (TEU Twenty-foot Equivalent),20231,2023Q1,1,Inward,IEDUB,Dublin,TEU Twenty-foot Equivalent,96578.0,2023,1
TBQ04C02,Total Units (TEU Twenty-foot Equivalent),20231,2023Q1,1,Inward,IEORK,Cork,TEU Twenty-foot Equivalent,32361.0,2023,1
TBQ04C02,Total Units (TEU Twenty-foot Equivalent),20231,2023Q1,2,Outward,IEMIP,All Main Irish Ports,TEU Twenty-foot Equivalent,130255.0,2023,1
TBQ04C02,Total Units (TEU Twenty-foot Equivalent),20231,2023Q1,2,Outward,IEDUB,Dublin,TEU Twenty-foot Equivalent,94702.0,2023,1
TBQ04C02,Total Units (TEU Twenty-foot Equivalent),20231,2023Q1,2,Outward,IEORK,Cork,TEU Twenty-foot Equivalent,31422.0,2023,1
TBQ04C02,Total Units (TEU Twenty-foot Equivalent),20232,2023Q2,-,All directions,IEMIP,All Main Irish Ports,TEU Twenty-foot Equivalent,276864.0,2023,2
TBQ04C02,Total Units (TEU Twenty-foot Equivalent),20232,2023Q2,-,All directions,IEDUB,Dublin,TEU Twenty-foot Equivalent,198845.0,2023,2
TBQ04C02,Total Units (TEU Twenty-foot Equivalent),20232,2023Q2,-,All directions,IEORK,Cork,TEU Twenty-foot Equivalent,67309.0,2023,2
TBQ04C02,Total Units (TEU Twenty-foot Equivalent),20232,2023Q2,1,Inward,IEMIP,All Main Irish Ports,TEU Twenty-foot Equivalent,141476.0,2023,2
TBQ04C02,Total Units (TEU Twenty-foot Equivalent),20232,2023Q2,1,Inward,IEDUB,Dublin,TEU Twenty-foot Equivalent,103436.0,2023,2
TBQ04C02,Total Units (TEU Twenty-foot Equivalent),20232,2023Q2,1,Inward,IEORK,Cork,TEU Twenty-foot Equivalent,32871.0,2023,2
TBQ04C02,Total Units (TEU Twenty-foot Equivalent),20232,2023Q2,2,Outward,IEMIP,All Main Irish Ports,TEU Twenty-foot Equivalent,135389.0,2023,2
TBQ04C02,Total Units (TEU Twenty-foot Equivalent),20232,2023Q2,2,Outward,IEDUB,Dublin,TEU Twenty-foot Equivalent,95410.0,2023,2
TBQ04C02,Total Units (TEU Twenty-foot Equivalent),20232,2023Q2,2,Outward,IEORK,Cork,TEU Twenty-foot Equivalent,34439.0,2023,2
TBQ04C02,Total Units (TEU Twenty-foot Equivalent),20233,2023Q3,-,All directions,IEMIP,All Main Irish Ports,TEU Twenty-foot Equivalent,277698.0,2023,3
TBQ04C02,Total Units (TEU Twenty-foot Equivalent),20233,2023Q3,-,All directions,IEDUB,Dublin,TEU Twenty-foot Equivalent,202296.0,2023,3
TBQ04C02,Total Units (TEU Twenty-foot Equivalent),20233,2023Q3,-,All directions,IEORK,Cork,TEU Twenty-foot Equivalent,65611.0,2023,3
TBQ04C02,Total Units (TEU Twenty-foot Equivalent),20233,2023Q3,1,Inward,IEMIP,All Main Irish Ports,TEU Twenty-foot Equivalent,141200.0,2023,3
TBQ04C02,Total Units (TEU Twenty-foot Equivalent),20233,2023Q3,1,Inward,IEDUB,Dublin,TEU Twenty-foot Equivalent,103477.0,2023,3
TBQ04C02,Total Units (TEU Twenty-foot Equivalent),20233,2023Q3,1,Inward,IEORK,Cork,TEU Twenty-foot Equivalent,32889.0,2023,3
TBQ04C02,Total Units (TEU Twenty-foot Equivalent),20233,2023Q3,2,Outward,IEMIP,All Main Irish Ports,TEU Twenty-foot Equivalent,136498.0,2023,3
TBQ04C02,Total Units (TEU Twenty-foot Equivalent),20233,2023Q3,2,Outward,IEDUB,Dublin,TEU Twenty-foot Equivalent,98819.0,2023,3
TBQ04C02,Total Units (TEU Twenty-foot Equivalent),20233,2023Q3,2,Outward,IEORK,Cork,TEU Twenty-foot Equivalent,32722.0,2023,3
TBQ04C02,Total Units (TEU Twenty-foot Equivalent),20234,2023Q4,-,All directions,IEMIP,All Main Irish Ports,TEU Twenty-foot Equivalent,279257.0,2023,4
TBQ04C02,Total Units (TEU Twenty-foot Equivalent),20234,2023Q4,-,All directions,IEDUB,Dublin,TEU Twenty-foot Equivalent,203575.0,2023,4
TBQ04C02,Total Units (TEU Twenty-foot Equivalent),20234,2023Q4,-,All directions,IEORK,Cork,TEU Twenty-foot Equivalent,67149.0,2023,4
TBQ04C02,Total Units (TEU Twenty-foot Equivalent),20234,2023Q4,1,Inward,IEMIP,All Main Irish Ports,TEU Twenty-foot Equivalent,141485.0,2023,4
TBQ04C02,Total Units (TEU Twenty-foot Equivalent),20234,2023Q4,1,Inward,IEDUB,Dublin,TEU Twenty-foot Equivalent,103970.0,2023,4
TBQ04C02,Total Units (TEU Twenty-foot Equivalent),20234,2023Q4,1,Inward,IEORK,Cork,TEU Twenty-foot Equivalent,33213.0,2023,4
TBQ04C02,Total Units (TEU Twenty-foot Equivalent),20234,2023Q4,2,Outward,IEMIP,All Main Irish Ports,TEU Twenty-foot Equivalent,137772.0,2023,4
TBQ04C02,Total Units (TEU Twenty-foot Equivalent),20234,2023Q4,2,Outward,IEDUB,Dublin,TEU Twenty-foot Equivalent,99605.0,2023,4
TBQ04C02,Total Units (TEU Twenty-foot Equivalent),20234,2023Q4,2,Outward,IEORK,Cork,TEU Twenty-foot Equivalent,33936.0,2023,4
TBQ04C02,Total Units (TEU Twenty-foot Equivalent),20241,2024Q1,-,All directions,IEMIP,All Main Irish Ports,TEU Twenty-foot Equivalent,278708.0,2024,1
TBQ04C02,Total Units (TEU Twenty-foot Equivalent),20241,2024Q1,-,All directions,IEDUB,Dublin,TEU Twenty-foot Equivalent,204006.0,2024,1
TBQ04C02,Total Units (TEU Twenty-foot Equivalent),20241,2024Q1,-,All directions,IEORK,Cork,TEU Twenty-foot Equivalent,66941.0,2024,1
TBQ04C02,Total Units (TEU Twenty-foot Equivalent),20241,2024Q1,1,Inward,IEMIP,All Main Irish Ports,TEU Twenty-foot Equivalent,140427.0,2024,1
TBQ04C02,Total Units (TEU Twenty-foot Equivalent),20241,2024Q1,1,Inward,IEDUB,Dublin,TEU Twenty-foot Equivalent,103248.0,2024,1
TBQ04C02,Total Units (TEU Twenty-foot Equivalent),20241,2024Q1,1,Inward,IEORK,Cork,TEU Twenty-foot Equivalent,33308.0,2024,1
TBQ04C02,Total Units (TEU Twenty-foot Equivalent),20241,2024Q1,2,Outward,IEMIP,All Main Irish Ports,TEU Twenty-foot Equivalent,138281.0,2024,1
TBQ04C02,Total Units (TEU Twenty-foot Equivalent),20241,2024Q1,2,Outward,IEDUB,Dublin,TEU Twenty-foot Equivalent,100759.0,2024,1
TBQ04C02,Total Units (TEU Twenty-foot Equivalent),20241,2024Q1,2,Outward,IEORK,Cork,TEU Twenty-foot Equivalent,33633.0,2024,1
TBQ04C02,Total Units (TEU Twenty-foot Equivalent),20242,2024Q2,-,All directions,IEMIP,All Main Irish Ports,TEU Twenty-foot Equivalent,303160.0,2024,2
TBQ04C02,Total Units (TEU Twenty-foot Equivalent),20242,2024Q2,-,All directions,IEDUB,Dublin,TEU Twenty-foot Equivalent,221044.0,2024,2
TBQ04C02,Total Units (TEU Twenty-foot Equivalent),20242,2024Q2,-,All directions,IEORK,Cork,TEU Twenty-foot Equivalent,70173.0,2024,2
TBQ04C02,Total Units (TEU Twenty-foot Equivalent),20242,2024Q2,1,Inward,IEMIP,All Main Irish Ports,TEU Twenty-foot Equivalent,150920.0,2024,2
TBQ04C02,Total Units (TEU Twenty-foot Equivalent),20242,2024Q2,1,Inward,IEDUB,Dublin,TEU Twenty-foot Equivalent,110712.0,2024,2
TBQ04C02,Total Units (TEU Twenty-foot Equivalent),20242,2024Q2,1,Inward,IEORK,Cork,TEU Twenty-foot Equivalent,34319.0,2024,2
TBQ04C02,Total Units (TEU Twenty-foot Equivalent),20242,2024Q2,2,Outward,IEMIP,All Main Irish Ports,TEU Twenty-foot Equivalent,152240.0,2024,2
TBQ04C02,Total Units (TEU Twenty-foot Equivalent),20242,2024Q2,2,Outward,IEDUB,Dublin,TEU Twenty-foot Equivalent,110332.0,2024,2
TBQ04C02,Total Units (TEU Twenty-foot Equivalent),20242,2024Q2,2,Outward,IEORK,Cork,TEU Twenty-foot Equivalent,35854.0,2024,2
TBQ04C02,Total Units (TEU Twenty-foot Equivalent),20243,2024Q3,-,All directions,IEMIP,All Main Irish Ports,TEU Twenty-foot Equivalent,319287.0,2024,3
TBQ04C02,Total Units (TEU Twenty-foot Equivalent),20243,2024Q3,-,All directions,IEDUB,Dublin,TEU Twenty-foot Equivalent,234009.0,2024,3
TBQ04C02,Total Units (TEU Twenty-foot Equivalent),20243,2024Q3,-,All directions,IEORK,Cork,TEU Twenty-foot Equivalent,72971.0,2024,3
TBQ04C02,Total Units (TEU Twenty-foot Equivalent),20243,2024Q3,1,Inward,IEMIP,All Main Irish Ports,TEU Twenty-foot Equivalent,162686.0,2024,3
TBQ04C02,Total Units (TEU Twenty-foot Equivalent),20243,2024Q3,1,Inward,IEDUB,Dublin,TEU Twenty-foot Equivalent,119210.0,2024,3
TBQ04C02,Total Units (TEU Twenty-foot Equivalent),20243,2024Q3,1,Inward,IEORK,Cork,TEU Twenty-foot Equivalent,37381.0,2024,3
TBQ04C02,Total Units (TEU Twenty-foot Equivalent),20243,2024Q3,2,Outward,IEMIP,All Main Irish Ports,TEU Twenty-foot Equivalent,156601.0,2024,3
TBQ04C02,Total Units (TEU Twenty-foot Equivalent),20243,2024Q3,2,Outward,IEDUB,Dublin,TEU Twenty-foot Equivalent,114800.0,2024,3
TBQ04C02,Total Units (TEU Twenty-foot Equivalent),20243,2024Q3,2,Outward,IEORK,Cork,TEU Twenty-foot Equivalent,35590.0,2024,3
TBQ04C02,Total Units (TEU Twenty-foot Equivalent),20244,2024Q4,-,All directions,IEMIP,All Main Irish Ports,TEU Twenty-foot Equivalent,308397.0,2024,4
TBQ04C02,Total Units (TEU Twenty-foot Equivalent),20244,2024Q4,-,All directions,IEDUB,Dublin,TEU Twenty-foot Equivalent,226806.0,2024,4
TBQ04C02,Total Units (TEU Twenty-foot Equivalent),20244,2024Q4,-,All directions,IEORK,Cork,TEU Twenty-foot Equivalent,69861.0,2024,4
TBQ04C02,Total Units (TEU Twenty-foot Equivalent),20244,2024Q4,1,Inward,IEMIP,All Main Irish Ports,TEU Twenty-foot Equivalent,155462.0,2024,4
TBQ04C02,Total Units (TEU Twenty-foot Equivalent),20244,2024Q4,1,Inward,IEDUB,Dublin,TEU Twenty-foot Equivalent,115299.0,2024,4
TBQ04C02,Total Units (TEU Twenty-foot Equivalent),20244,2024Q4,1,Inward,IEORK,Cork,TEU Twenty-foot Equivalent,34417.0,2024,4
TBQ04C02,Total Units (TEU Twenty-foot Equivalent),20244,2024Q4,2,Outward,IEMIP,All Main Irish Ports,TEU Twenty-foot Equivalent,152935.0,2024,4
TBQ04C02,Total Units (TEU Twenty-foot Equivalent),20244,2024Q4,2,Outward,IEDUB,Dublin,TEU Twenty-foot Equivalent,111508.0,2024,4
TBQ04C02,Total Units (TEU Twenty-foot Equivalent),20244,2024Q4,2,Outward,IEORK,Cork,TEU Twenty-foot Equivalent,35445.0,2024,4
TBQ04C02,Total Units (TEU Twenty-foot Equivalent),20251,2025Q1,-,All directions,IEMIP,All Main Irish Ports,TEU Twenty-foot Equivalent,308400.0,2025,1
TBQ04C02,Total Units (TEU Twenty-foot Equivalent),20251,2025Q1,-,All directions,IEDUB,Dublin,TEU Twenty-foot Equivalent,226382.0,2025,1
TBQ04C02,Total Units (TEU Twenty-foot Equivalent),20251,2025Q1,-,All directions,IEORK,Cork,TEU Twenty-foot Equivalent,70699.0,2025,1
TBQ04C02,Total Units (TEU Twenty-foot Equivalent),20251,2025Q1,1,Inward,IEMIP,All Main Irish Ports,TEU Twenty-foot Equivalent,157573.0,2025,1
TBQ04C02,Total Units (TEU Twenty-foot Equivalent),20251,2025Q1,1,Inward,IEDUB,Dublin,TEU Twenty-foot Equivalent,115719.0,2025,1
TBQ04C02,Total Units (TEU Twenty-foot Equivalent),20251,2025Q1,1,Inward,IEORK,Cork,TEU Twenty-foot Equivalent,36130.0,2025,1
TBQ04C02,Total Units (TEU Twenty-foot Equivalent),20251,2025Q1,2,Outward,IEMIP,All Main Irish Ports,TEU Twenty-foot Equivalent,150827.0,2025,1
TBQ04C02,Total Units (TEU Twenty-foot Equivalent),20251,2025Q1,2,Outward,IEDUB,Dublin,TEU Twenty-foot Equivalent,110663.0,2025,1
TBQ04C02,Total Units (TEU Twenty-foot Equivalent),20251,2025Q1,2,Outward,IEORK,Cork,TEU Twenty-foot Equivalent,34570.0,2025,1
TBQ04C02,Total Units (TEU Twenty-foot Equivalent),20252,2025Q2,-,All directions,IEMIP,All Main Irish Ports,TEU Twenty-foot Equivalent,337676.0,2025,2
TBQ04C02,Total Units (TEU Twenty-foot Equivalent),20252,2025Q2,-,All directions,IEDUB,Dublin,TEU Twenty-foot Equivalent,249227.0,2025,2
TBQ04C02,Total Units (TEU Twenty-foot Equivalent),20252,2025Q2,-,All directions,IEORK,Cork,TEU Twenty-foot Equivalent,74881.0,2025,2
TBQ04C02,Total Units (TEU Twenty-foot Equivalent),20252,2025Q2,1,Inward,IEMIP,All Main Irish Ports,TEU Twenty-foot Equivalent,169176.0,2025,2
TBQ04C02,Total Units (TEU Twenty-foot Equivalent),20252,2025Q2,1,Inward,IEDUB,Dublin,TEU Twenty-foot Equivalent,123902.0,2025,2
TBQ04C02,Total Units (TEU Twenty-foot Equivalent),20252,2025Q2,1,Inward,IEORK,Cork,TEU Twenty-foot Equivalent,38469.0,2025,2
TBQ04C02,Total Units (TEU Twenty-foot Equivalent),20252,2025Q2,2,Outward,IEMIP,All Main Irish Ports,TEU Twenty-foot Equivalent,168501.0,2025,2
TBQ04C02,Total Units (TEU Twenty-foot Equivalent),20252,2025Q2,2,Outward,IEDUB,Dublin,TEU Twenty-foot Equivalent,125325.0,2025,2
TBQ04C02,Total Units (TEU Twenty-foot Equivalent),20252,2025Q2,2,Outward,IEORK,Cork,TEU Twenty-foot Equivalent,36413.0,2025,2
TBQ04C02,Total Units (TEU Twenty-foot Equivalent),20253,2025Q3,-,All directions,IEMIP,All Main Irish Ports,TEU Twenty-foot Equivalent,326865.0,2025,3
TBQ04C02,Total Units (TEU Twenty-foot Equivalent),20253,2025Q3,-,All directions,IEDUB,Dublin,TEU Twenty-foot Equivalent,241251.0,2025,3
TBQ04C02,Total Units (TEU Twenty-foot Equivalent),20253,2025Q3,-,All directions,IEORK,Cork,TEU Twenty-foot Equivalent,72821.0,2025,3
TBQ04C02,Total Units (TEU Twenty-foot Equivalent),20253,2025Q3,1,Inward,IEMIP,All Main Irish Ports,TEU Twenty-foot Equivalent,164428.0,2025,3
TBQ04C02,Total Units (TEU Twenty-foot Equivalent),20253,2025Q3,1,Inward,IEDUB,Dublin,TEU Twenty-foot Equivalent,123090.0,2025,3
TBQ04C02,Total Units (TEU Twenty-foot Equivalent),20253,2025Q3,1,Inward,IEORK,Cork,TEU Twenty-foot Equivalent,34905.0,2025,3
TBQ04C02,Total Units (TEU Twenty-foot Equivalent),20253,2025Q3,2,Outward,IEMIP,All Main Irish Ports,TEU Twenty-foot Equivalent,162436.0,2025,3
TBQ04C02,Total Units (TEU Twenty-foot Equivalent),20253,2025Q3,2,Outward,IEDUB,Dublin,TEU Twenty-foot Equivalent,118161.0,2025,3
TBQ04C02,Total Units (TEU Twenty-foot Equivalent),20253,2025Q3,2,Outward,IEORK,Cork,TEU Twenty-foot Equivalent,37916.0,2025,3
TBQ04C02,Total Units (TEU Twenty-foot Equivalent),20254,2025Q4,-,All directions,IEMIP,All Main Irish Ports,TEU Twenty-foot Equivalent,325288.0,2025,4
TBQ04C02,Total Units (TEU Twenty-foot Equivalent),20254,2025Q4,-,All directions,IEDUB,Dublin,TEU Twenty-foot Equivalent,239627.0,2025,4
TBQ04C02,Total Units (TEU Twenty-foot Equivalent),20254,2025Q4,-,All directions,IEORK,Cork,TEU Twenty-foot Equivalent,74670.0,2025,4
TBQ04C02,Total Units (TEU Twenty-foot Equivalent),20254,2025Q4,1,Inward,IEMIP,All Main Irish Ports,TEU Twenty-foot Equivalent,166187.0,2025,4
TBQ04C02,Total Units (TEU Twenty-foot Equivalent),20254,2025Q4,1,Inward,IEDUB,Dublin,TEU Twenty-foot Equivalent,123680.0,2025,4
TBQ04C02,Total Units (TEU Twenty-foot Equivalent),20254,2025Q4,1,Inward,IEORK,Cork,TEU Twenty-foot Equivalent,37065.0,2025,4
TBQ04C02,Total Units (TEU Twenty-foot Equivalent),20254,2025Q4,2,Outward,IEMIP,All Main Irish Ports,TEU Twenty-foot Equivalent,159101.0,2025,4
TBQ04C02,Total Units (TEU Twenty-foot Equivalent),20254,2025Q4,2,Outward,IEDUB,Dublin,TEU Twenty-foot Equivalent,115947.0,2025,4
TBQ04C02,Total Units (TEU Twenty-foot Equivalent),20254,2025Q4,2,Outward,IEORK,Cork,TEU Twenty-foot Equivalent,37605.0,2025,4
TBQ04C02,Total Units (TEU Twenty-foot Equivalent),20261,2026Q1,-,All directions,IEMIP,All Main Irish Ports,TEU Twenty-foot Equivalent,309219.0,2026,1
TBQ04C02,Total Units (TEU Twenty-foot Equivalent),20261,2026Q1,-,All directions,IEDUB,Dublin,TEU Twenty-foot Equivalent,233195.0,2026,1
TBQ04C02,Total Units (TEU Twenty-foot Equivalent),20261,2026Q1,-,All directions,IEORK,Cork,TEU Twenty-foot Equivalent,67344.0,2026,1
TBQ04C02,Total Units (TEU Twenty-foot Equivalent),20261,2026Q1,1,Inward,IEMIP,All Main Irish Ports,TEU Twenty-foot Equivalent,157487.0,2026,1
TBQ04C02,Total Units (TEU Twenty-foot Equivalent),20261,2026Q1,1,Inward,IEDUB,Dublin,TEU Twenty-foot Equivalent,118656.0,2026,1
TBQ04C02,Total Units (TEU Twenty-foot Equivalent),20261,2026Q1,1,Inward,IEORK,Cork,TEU Twenty-foot Equivalent,34529.0,2026,1
TBQ04C02,Total Units (TEU Twenty-foot Equivalent),20261,2026Q1,2,Outward,IEMIP,All Main Irish Ports,TEU Twenty-foot Equivalent,151732.0,2026,1
TBQ04C02,Total Units (TEU Twenty-foot Equivalent),20261,2026Q1,2,Outward,IEDUB,Dublin,TEU Twenty-foot Equivalent,114539.0,2026,1
TBQ04C02,Total Units (TEU Twenty-foot Equivalent),20261,2026Q1,2,Outward,IEORK,Cork,TEU Twenty-foot Equivalent,32815.0,2026,1
TBQ04C03,Loaded Units (Number),20171,2017Q1,-,All directions,IEMIP,All Main Irish Ports,Number,96471.0,2017,1
TBQ04C03,Loaded Units (Number),20171,2017Q1,-,All directions,IEDUB,Dublin,Number,69861.0,2017,1
TBQ04C03,Loaded Units (Number),20171,2017Q1,-,All directions,IEORK,Cork,Number,23271.0,2017,1
TBQ04C03,Loaded Units (Number),20171,2017Q1,1,Inward,IEMIP,All Main Irish Ports,Number,56770.0,2017,1
TBQ04C03,Loaded Units (Number),20171,2017Q1,1,Inward,IEDUB,Dublin,Number,43321.0,2017,1
TBQ04C03,Loaded Units (Number),20171,2017Q1,1,Inward,IEORK,Cork,Number,11949.0,2017,1
TBQ04C03,Loaded Units (Number),20171,2017Q1,2,Outward,IEMIP,All Main Irish Ports,Number,39701.0,2017,1
TBQ04C03,Loaded Units (Number),20171,2017Q1,2,Outward,IEDUB,Dublin,Number,26540.0,2017,1
TBQ04C03,Loaded Units (Number),20171,2017Q1,2,Outward,IEORK,Cork,Number,11322.0,2017,1
TBQ04C03,Loaded Units (Number),20172,2017Q2,-,All directions,IEMIP,All Main Irish Ports,Number,102379.0,2017,2
TBQ04C03,Loaded Units (Number),20172,2017Q2,-,All directions,IEDUB,Dublin,Number,74485.0,2017,2
TBQ04C03,Loaded Units (Number),20172,2017Q2,-,All directions,IEORK,Cork,Number,24228.0,2017,2
TBQ04C03,Loaded Units (Number),20172,2017Q2,1,Inward,IEMIP,All Main Irish Ports,Number,59011.0,2017,2
TBQ04C03,Loaded Units (Number),20172,2017Q2,1,Inward,IEDUB,Dublin,Number,45879.0,2017,2
TBQ04C03,Loaded Units (Number),20172,2017Q2,1,Inward,IEORK,Cork,Number,11604.0,2017,2
TBQ04C03,Loaded Units (Number),20172,2017Q2,2,Outward,IEMIP,All Main Irish Ports,Number,43368.0,2017,2
TBQ04C03,Loaded Units (Number),20172,2017Q2,2,Outward,IEDUB,Dublin,Number,28606.0,2017,2
TBQ04C03,Loaded Units (Number),20172,2017Q2,2,Outward,IEORK,Cork,Number,12624.0,2017,2
TBQ04C03,Loaded Units (Number),20173,2017Q3,-,All directions,IEMIP,All Main Irish Ports,Number,103443.0,2017,3
TBQ04C03,Loaded Units (Number),20173,2017Q3,-,All directions,IEDUB,Dublin,Number,76017.0,2017,3
TBQ04C03,Loaded Units (Number),20173,2017Q3,-,All directions,IEORK,Cork,Number,23515.0,2017,3
TBQ04C03,Loaded Units (Number),20173,2017Q3,1,Inward,IEMIP,All Main Irish Ports,Number,60080.0,2017,3
TBQ04C03,Loaded Units (Number),20173,2017Q3,1,Inward,IEDUB,Dublin,Number,46962.0,2017,3
TBQ04C03,Loaded Units (Number),20173,2017Q3,1,Inward,IEORK,Cork,Number,11473.0,2017,3
TBQ04C03,Loaded Units (Number),20173,2017Q3,2,Outward,IEMIP,All Main Irish Ports,Number,43363.0,2017,3
TBQ04C03,Loaded Units (Number),20173,2017Q3,2,Outward,IEDUB,Dublin,Number,29055.0,2017,3
TBQ04C03,Loaded Units (Number),20173,2017Q3,2,Outward,IEORK,Cork,Number,12042.0,2017,3
TBQ04C03,Loaded Units (Number),20174,2017Q4,-,All directions,IEMIP,All Main Irish Ports,Number,101674.0,2017,4
TBQ04C03,Loaded Units (Number),20174,2017Q4,-,All directions,IEDUB,Dublin,Number,74960.0,2017,4
TBQ04C03,Loaded Units (Number),20174,2017Q4,-,All directions,IEORK,Cork,Number,23274.0,2017,4
TBQ04C03,Loaded Units (Number),20174,2017Q4,1,Inward,IEMIP,All Main Irish Ports,Number,58358.0,2017,4
TBQ04C03,Loaded Units (Number),20174,2017Q4,1,Inward,IEDUB,Dublin,Number,45733.0,2017,4
TBQ04C03,Loaded Units (Number),20174,2017Q4,1,Inward,IEORK,Cork,Number,11031.0,2017,4
TBQ04C03,Loaded Units (Number),20174,2017Q4,2,Outward,IEMIP,All Main Irish Ports,Number,43316.0,2017,4
TBQ04C03,Loaded Units (Number),20174,2017Q4,2,Outward,IEDUB,Dublin,Number,29227.0,2017,4
TBQ04C03,Loaded Units (Number),20174,2017Q4,2,Outward,IEORK,Cork,Number,12243.0,2017,4
TBQ04C03,Loaded Units (Number),20181,2018Q1,-,All directions,IEMIP,All Main Irish Ports,Number,101754.0,2018,1
TBQ04C03,Loaded Units (Number),20181,2018Q1,-,All directions,IEDUB,Dublin,Number,74820.0,2018,1
TBQ04C03,Loaded Units (Number),20181,2018Q1,-,All directions,IEORK,Cork,Number,23615.0,2018,1
TBQ04C03,Loaded Units (Number),20181,2018Q1,1,Inward,IEMIP,All Main Irish Ports,Number,59826.0,2018,1
TBQ04C03,Loaded Units (Number),20181,2018Q1,1,Inward,IEDUB,Dublin,Number,46198.0,2018,1
TBQ04C03,Loaded Units (Number),20181,2018Q1,1,Inward,IEORK,Cork,Number,11933.0,2018,1
TBQ04C03,Loaded Units (Number),20181,2018Q1,2,Outward,IEMIP,All Main Irish Ports,Number,41928.0,2018,1
TBQ04C03,Loaded Units (Number),20181,2018Q1,2,Outward,IEDUB,Dublin,Number,28622.0,2018,1
TBQ04C03,Loaded Units (Number),20181,2018Q1,2,Outward,IEORK,Cork,Number,11682.0,2018,1
TBQ04C03,Loaded Units (Number),20182,2018Q2,-,All directions,IEMIP,All Main Irish Ports,Number,105558.0,2018,2
TBQ04C03,Loaded Units (Number),20182,2018Q2,-,All directions,IEDUB,Dublin,Number,76865.0,2018,2
TBQ04C03,Loaded Units (Number),20182,2018Q2,-,All directions,IEORK,Cork,Number,24720.0,2018,2
TBQ04C03,Loaded Units (Number),20182,2018Q2,1,Inward,IEMIP,All Main Irish Ports,Number,59865.0,2018,2
TBQ04C03,Loaded Units (Number),20182,2018Q2,1,Inward,IEDUB,Dublin,Number,46263.0,2018,2
TBQ04C03,Loaded Units (Number),20182,2018Q2,1,Inward,IEORK,Cork,Number,11899.0,2018,2
TBQ04C03,Loaded Units (Number),20182,2018Q2,2,Outward,IEMIP,All Main Irish Ports,Number,45693.0,2018,2
TBQ04C03,Loaded Units (Number),20182,2018Q2,2,Outward,IEDUB,Dublin,Number,30602.0,2018,2
TBQ04C03,Loaded Units (Number),20182,2018Q2,2,Outward,IEORK,Cork,Number,12821.0,2018,2
TBQ04C03,Loaded Units (Number),20183,2018Q3,-,All directions,IEMIP,All Main Irish Ports,Number,108762.0,2018,3
TBQ04C03,Loaded Units (Number),20183,2018Q3,-,All directions,IEDUB,Dublin,Number,80764.0,2018,3
TBQ04C03,Loaded Units (Number),20183,2018Q3,-,All directions,IEORK,Cork,Number,24388.0,2018,3
TBQ04C03,Loaded Units (Number),20183,2018Q3,1,Inward,IEMIP,All Main Irish Ports,Number,64956.0,2018,3
TBQ04C03,Loaded Units (Number),20183,2018Q3,1,Inward,IEDUB,Dublin,Number,51475.0,2018,3
TBQ04C03,Loaded Units (Number),20183,2018Q3,1,Inward,IEORK,Cork,Number,11967.0,2018,3
TBQ04C03,Loaded Units (Number),20183,2018Q3,2,Outward,IEMIP,All Main Irish Ports,Number,43806.0,2018,3
TBQ04C03,Loaded Units (Number),20183,2018Q3,2,Outward,IEDUB,Dublin,Number,29289.0,2018,3
TBQ04C03,Loaded Units (Number),20183,2018Q3,2,Outward,IEORK,Cork,Number,12421.0,2018,3
TBQ04C03,Loaded Units (Number),20184,2018Q4,-,All directions,IEMIP,All Main Irish Ports,Number,105814.0,2018,4
TBQ04C03,Loaded Units (Number),20184,2018Q4,-,All directions,IEDUB,Dublin,Number,76861.0,2018,4
TBQ04C03,Loaded Units (Number),20184,2018Q4,-,All directions,IEORK,Cork,Number,25250.0,2018,4
TBQ04C03,Loaded Units (Number),20184,2018Q4,1,Inward,IEMIP,All Main Irish Ports,Number,62338.0,2018,4
TBQ04C03,Loaded Units (Number),20184,2018Q4,1,Inward,IEDUB,Dublin,Number,48363.0,2018,4
TBQ04C03,Loaded Units (Number),20184,2018Q4,1,Inward,IEORK,Cork,Number,12504.0,2018,4
TBQ04C03,Loaded Units (Number),20184,2018Q4,2,Outward,IEMIP,All Main Irish Ports,Number,43476.0,2018,4
TBQ04C03,Loaded Units (Number),20184,2018Q4,2,Outward,IEDUB,Dublin,Number,28498.0,2018,4
TBQ04C03,Loaded Units (Number),20184,2018Q4,2,Outward,IEORK,Cork,Number,12746.0,2018,4
TBQ04C03,Loaded Units (Number),20191,2019Q1,-,All directions,IEMIP,All Main Irish Ports,Number,108620.0,2019,1
TBQ04C03,Loaded Units (Number),20191,2019Q1,-,All directions,IEDUB,Dublin,Number,80232.0,2019,1
TBQ04C03,Loaded Units (Number),20191,2019Q1,-,All directions,IEORK,Cork,Number,24812.0,2019,1
TBQ04C03,Loaded Units (Number),20191,2019Q1,1,Inward,IEMIP,All Main Irish Ports,Number,64174.0,2019,1
TBQ04C03,Loaded Units (Number),20191,2019Q1,1,Inward,IEDUB,Dublin,Number,50007.0,2019,1
TBQ04C03,Loaded Units (Number),20191,2019Q1,1,Inward,IEORK,Cork,Number,12559.0,2019,1
TBQ04C03,Loaded Units (Number),20191,2019Q1,2,Outward,IEMIP,All Main Irish Ports,Number,44446.0,2019,1
TBQ04C03,Loaded Units (Number),20191,2019Q1,2,Outward,IEDUB,Dublin,Number,30225.0,2019,1
TBQ04C03,Loaded Units (Number),20191,2019Q1,2,Outward,IEORK,Cork,Number,12253.0,2019,1
TBQ04C03,Loaded Units (Number),20192,2019Q2,-,All directions,IEMIP,All Main Irish Ports,Number,115658.0,2019,2
TBQ04C03,Loaded Units (Number),20192,2019Q2,-,All directions,IEDUB,Dublin,Number,84856.0,2019,2
TBQ04C03,Loaded Units (Number),20192,2019Q2,-,All directions,IEORK,Cork,Number,26843.0,2019,2
TBQ04C03,Loaded Units (Number),20192,2019Q2,1,Inward,IEMIP,All Main Irish Ports,Number,66443.0,2019,2
TBQ04C03,Loaded Units (Number),20192,2019Q2,1,Inward,IEDUB,Dublin,Number,51883.0,2019,2
TBQ04C03,Loaded Units (Number),20192,2019Q2,1,Inward,IEORK,Cork,Number,13047.0,2019,2
TBQ04C03,Loaded Units (Number),20192,2019Q2,2,Outward,IEMIP,All Main Irish Ports,Number,49215.0,2019,2
TBQ04C03,Loaded Units (Number),20192,2019Q2,2,Outward,IEDUB,Dublin,Number,32973.0,2019,2
TBQ04C03,Loaded Units (Number),20192,2019Q2,2,Outward,IEORK,Cork,Number,13796.0,2019,2
TBQ04C03,Loaded Units (Number),20193,2019Q3,-,All directions,IEMIP,All Main Irish Ports,Number,112558.0,2019,3
TBQ04C03,Loaded Units (Number),20193,2019Q3,-,All directions,IEDUB,Dublin,Number,82657.0,2019,3
TBQ04C03,Loaded Units (Number),20193,2019Q3,-,All directions,IEORK,Cork,Number,25926.0,2019,3
TBQ04C03,Loaded Units (Number),20193,2019Q3,1,Inward,IEMIP,All Main Irish Ports,Number,65248.0,2019,3
TBQ04C03,Loaded Units (Number),20193,2019Q3,1,Inward,IEDUB,Dublin,Number,51632.0,2019,3
TBQ04C03,Loaded Units (Number),20193,2019Q3,1,Inward,IEORK,Cork,Number,12221.0,2019,3
TBQ04C03,Loaded Units (Number),20193,2019Q3,2,Outward,IEMIP,All Main Irish Ports,Number,47310.0,2019,3
TBQ04C03,Loaded Units (Number),20193,2019Q3,2,Outward,IEDUB,Dublin,Number,31025.0,2019,3
TBQ04C03,Loaded Units (Number),20193,2019Q3,2,Outward,IEORK,Cork,Number,13705.0,2019,3
TBQ04C03,Loaded Units (Number),20194,2019Q4,-,All directions,IEMIP,All Main Irish Ports,Number,108279.0,2019,4
TBQ04C03,Loaded Units (Number),20194,2019Q4,-,All directions,IEDUB,Dublin,Number,78545.0,2019,4
TBQ04C03,Loaded Units (Number),20194,2019Q4,-,All directions,IEORK,Cork,Number,25411.0,2019,4
TBQ04C03,Loaded Units (Number),20194,2019Q4,1,Inward,IEMIP,All Main Irish Ports,Number,62150.0,2019,4
TBQ04C03,Loaded Units (Number),20194,2019Q4,1,Inward,IEDUB,Dublin,Number,48261.0,2019,4
TBQ04C03,Loaded Units (Number),20194,2019Q4,1,Inward,IEORK,Cork,Number,12183.0,2019,4
TBQ04C03,Loaded Units (Number),20194,2019Q4,2,Outward,IEMIP,All Main Irish Ports,Number,46129.0,2019,4
TBQ04C03,Loaded Units (Number),20194,2019Q4,2,Outward,IEDUB,Dublin,Number,30284.0,2019,4
TBQ04C03,Loaded Units (Number),20194,2019Q4,2,Outward,IEORK,Cork,Number,13228.0,2019,4
TBQ04C03,Loaded Units (Number),20201,2020Q1,-,All directions,IEMIP,All Main Irish Ports,Number,107229.0,2020,1
TBQ04C03,Loaded Units (Number),20201,2020Q1,-,All directions,IEDUB,Dublin,Number,79235.0,2020,1
TBQ04C03,Loaded Units (Number),20201,2020Q1,-,All directions,IEORK,Cork,Number,23587.0,2020,1
TBQ04C03,Loaded Units (Number),20201,2020Q1,1,Inward,IEMIP,All Main Irish Ports,Number,63392.0,2020,1
TBQ04C03,Loaded Units (Number),20201,2020Q1,1,Inward,IEDUB,Dublin,Number,49317.0,2020,1
TBQ04C03,Loaded Units (Number),20201,2020Q1,1,Inward,IEORK,Cork,Number,12082.0,2020,1
TBQ04C03,Loaded Units (Number),20201,2020Q1,2,Outward,IEMIP,All Main Irish Ports,Number,43837.0,2020,1
TBQ04C03,Loaded Units (Number),20201,2020Q1,2,Outward,IEDUB,Dublin,Number,29918.0,2020,1
TBQ04C03,Loaded Units (Number),20201,2020Q1,2,Outward,IEORK,Cork,Number,11505.0,2020,1
TBQ04C03,Loaded Units (Number),20202,2020Q2,-,All directions,IEMIP,All Main Irish Ports,Number,102561.0,2020,2
TBQ04C03,Loaded Units (Number),20202,2020Q2,-,All directions,IEDUB,Dublin,Number,71787.0,2020,2
TBQ04C03,Loaded Units (Number),20202,2020Q2,-,All directions,IEORK,Cork,Number,26656.0,2020,2
TBQ04C03,Loaded Units (Number),20202,2020Q2,1,Inward,IEMIP,All Main Irish Ports,Number,56509.0,2020,2
TBQ04C03,Loaded Units (Number),20202,2020Q2,1,Inward,IEDUB,Dublin,Number,42310.0,2020,2
TBQ04C03,Loaded Units (Number),20202,2020Q2,1,Inward,IEORK,Cork,Number,12376.0,2020,2
TBQ04C03,Loaded Units (Number),20202,2020Q2,2,Outward,IEMIP,All Main Irish Ports,Number,46052.0,2020,2
TBQ04C03,Loaded Units (Number),20202,2020Q2,2,Outward,IEDUB,Dublin,Number,29477.0,2020,2
TBQ04C03,Loaded Units (Number),20202,2020Q2,2,Outward,IEORK,Cork,Number,14280.0,2020,2
TBQ04C03,Loaded Units (Number),20203,2020Q3,-,All directions,IEMIP,All Main Irish Ports,Number,114744.0,2020,3
TBQ04C03,Loaded Units (Number),20203,2020Q3,-,All directions,IEDUB,Dublin,Number,82462.0,2020,3
TBQ04C03,Loaded Units (Number),20203,2020Q3,-,All directions,IEORK,Cork,Number,27464.0,2020,3
TBQ04C03,Loaded Units (Number),20203,2020Q3,1,Inward,IEMIP,All Main Irish Ports,Number,67670.0,2020,3
TBQ04C03,Loaded Units (Number),20203,2020Q3,1,Inward,IEDUB,Dublin,Number,52507.0,2020,3
TBQ04C03,Loaded Units (Number),20203,2020Q3,1,Inward,IEORK,Cork,Number,13155.0,2020,3
TBQ04C03,Loaded Units (Number),20203,2020Q3,2,Outward,IEMIP,All Main Irish Ports,Number,47074.0,2020,3
TBQ04C03,Loaded Units (Number),20203,2020Q3,2,Outward,IEDUB,Dublin,Number,29955.0,2020,3
TBQ04C03,Loaded Units (Number),20203,2020Q3,2,Outward,IEORK,Cork,Number,14309.0,2020,3
TBQ04C03,Loaded Units (Number),20204,2020Q4,-,All directions,IEMIP,All Main Irish Ports,Number,115975.0,2020,4
TBQ04C03,Loaded Units (Number),20204,2020Q4,-,All directions,IEDUB,Dublin,Number,84019.0,2020,4
TBQ04C03,Loaded Units (Number),20204,2020Q4,-,All directions,IEORK,Cork,Number,28187.0,2020,4
TBQ04C03,Loaded Units (Number),20204,2020Q4,1,Inward,IEMIP,All Main Irish Ports,Number,70141.0,2020,4
TBQ04C03,Loaded Units (Number),20204,2020Q4,1,Inward,IEDUB,Dublin,Number,54487.0,2020,4
TBQ04C03,Loaded Units (Number),20204,2020Q4,1,Inward,IEORK,Cork,Number,14091.0,2020,4
TBQ04C03,Loaded Units (Number),20204,2020Q4,2,Outward,IEMIP,All Main Irish Ports,Number,45834.0,2020,4
TBQ04C03,Loaded Units (Number),20204,2020Q4,2,Outward,IEDUB,Dublin,Number,29532.0,2020,4
TBQ04C03,Loaded Units (Number),20204,2020Q4,2,Outward,IEORK,Cork,Number,14096.0,2020,4
TBQ04C03,Loaded Units (Number),20211,2021Q1,-,All directions,IEMIP,All Main Irish Ports,Number,117256.0,2021,1
TBQ04C03,Loaded Units (Number),20211,2021Q1,-,All directions,IEDUB,Dublin,Number,86390.0,2021,1
TBQ04C03,Loaded Units (Number),20211,2021Q1,-,All directions,IEORK,Cork,Number,26708.0,2021,1
TBQ04C03,Loaded Units (Number),20211,2021Q1,1,Inward,IEMIP,All Main Irish Ports,Number,71197.0,2021,1
TBQ04C03,Loaded Units (Number),20211,2021Q1,1,Inward,IEDUB,Dublin,Number,55416.0,2021,1
TBQ04C03,Loaded Units (Number),20211,2021Q1,1,Inward,IEORK,Cork,Number,14010.0,2021,1
TBQ04C03,Loaded Units (Number),20211,2021Q1,2,Outward,IEMIP,All Main Irish Ports,Number,46059.0,2021,1
TBQ04C03,Loaded Units (Number),20211,2021Q1,2,Outward,IEDUB,Dublin,Number,30974.0,2021,1
TBQ04C03,Loaded Units (Number),20211,2021Q1,2,Outward,IEORK,Cork,Number,12698.0,2021,1
TBQ04C03,Loaded Units (Number),20212,2021Q2,-,All directions,IEMIP,All Main Irish Ports,Number,126131.0,2021,2
TBQ04C03,Loaded Units (Number),20212,2021Q2,-,All directions,IEDUB,Dublin,Number,90792.0,2021,2
TBQ04C03,Loaded Units (Number),20212,2021Q2,-,All directions,IEORK,Cork,Number,31067.0,2021,2
TBQ04C03,Loaded Units (Number),20212,2021Q2,1,Inward,IEMIP,All Main Irish Ports,Number,74788.0,2021,2
TBQ04C03,Loaded Units (Number),20212,2021Q2,1,Inward,IEDUB,Dublin,Number,57417.0,2021,2
TBQ04C03,Loaded Units (Number),20212,2021Q2,1,Inward,IEORK,Cork,Number,15440.0,2021,2
TBQ04C03,Loaded Units (Number),20212,2021Q2,2,Outward,IEMIP,All Main Irish Ports,Number,51343.0,2021,2
TBQ04C03,Loaded Units (Number),20212,2021Q2,2,Outward,IEDUB,Dublin,Number,33375.0,2021,2
TBQ04C03,Loaded Units (Number),20212,2021Q2,2,Outward,IEORK,Cork,Number,15627.0,2021,2
TBQ04C03,Loaded Units (Number),20213,2021Q3,-,All directions,IEMIP,All Main Irish Ports,Number,124911.0,2021,3
TBQ04C03,Loaded Units (Number),20213,2021Q3,-,All directions,IEDUB,Dublin,Number,89855.0,2021,3
TBQ04C03,Loaded Units (Number),20213,2021Q3,-,All directions,IEORK,Cork,Number,30786.0,2021,3
TBQ04C03,Loaded Units (Number),20213,2021Q3,1,Inward,IEMIP,All Main Irish Ports,Number,75376.0,2021,3
TBQ04C03,Loaded Units (Number),20213,2021Q3,1,Inward,IEDUB,Dublin,Number,57790.0,2021,3
TBQ04C03,Loaded Units (Number),20213,2021Q3,1,Inward,IEORK,Cork,Number,15759.0,2021,3
TBQ04C03,Loaded Units (Number),20213,2021Q3,2,Outward,IEMIP,All Main Irish Ports,Number,49535.0,2021,3
TBQ04C03,Loaded Units (Number),20213,2021Q3,2,Outward,IEDUB,Dublin,Number,32065.0,2021,3
TBQ04C03,Loaded Units (Number),20213,2021Q3,2,Outward,IEORK,Cork,Number,15027.0,2021,3
TBQ04C03,Loaded Units (Number),20214,2021Q4,-,All directions,IEMIP,All Main Irish Ports,Number,119521.0,2021,4
TBQ04C03,Loaded Units (Number),20214,2021Q4,-,All directions,IEDUB,Dublin,Number,86300.0,2021,4
TBQ04C03,Loaded Units (Number),20214,2021Q4,-,All directions,IEORK,Cork,Number,29206.0,2021,4
TBQ04C03,Loaded Units (Number),20214,2021Q4,1,Inward,IEMIP,All Main Irish Ports,Number,72587.0,2021,4
TBQ04C03,Loaded Units (Number),20214,2021Q4,1,Inward,IEDUB,Dublin,Number,55931.0,2021,4
TBQ04C03,Loaded Units (Number),20214,2021Q4,1,Inward,IEORK,Cork,Number,15038.0,2021,4
TBQ04C03,Loaded Units (Number),20214,2021Q4,2,Outward,IEMIP,All Main Irish Ports,Number,46934.0,2021,4
TBQ04C03,Loaded Units (Number),20214,2021Q4,2,Outward,IEDUB,Dublin,Number,30369.0,2021,4
TBQ04C03,Loaded Units (Number),20214,2021Q4,2,Outward,IEORK,Cork,Number,14168.0,2021,4
TBQ04C03,Loaded Units (Number),20221,2022Q1,-,All directions,IEMIP,All Main Irish Ports,Number,114823.0,2022,1
TBQ04C03,Loaded Units (Number),20221,2022Q1,-,All directions,IEDUB,Dublin,Number,81866.0,2022,1
TBQ04C03,Loaded Units (Number),20221,2022Q1,-,All directions,IEORK,Cork,Number,28987.0,2022,1
TBQ04C03,Loaded Units (Number),20221,2022Q1,1,Inward,IEMIP,All Main Irish Ports,Number,71225.0,2022,1
TBQ04C03,Loaded Units (Number),20221,2022Q1,1,Inward,IEDUB,Dublin,Number,53360.0,2022,1
TBQ04C03,Loaded Units (Number),20221,2022Q1,1,Inward,IEORK,Cork,Number,15889.0,2022,1
TBQ04C03,Loaded Units (Number),20221,2022Q1,2,Outward,IEMIP,All Main Irish Ports,Number,43598.0,2022,1
TBQ04C03,Loaded Units (Number),20221,2022Q1,2,Outward,IEDUB,Dublin,Number,28506.0,2022,1
TBQ04C03,Loaded Units (Number),20221,2022Q1,2,Outward,IEORK,Cork,Number,13098.0,2022,1
TBQ04C03,Loaded Units (Number),20222,2022Q2,-,All directions,IEMIP,All Main Irish Ports,Number,127860.0,2022,2
TBQ04C03,Loaded Units (Number),20222,2022Q2,-,All directions,IEDUB,Dublin,Number,92182.0,2022,2
TBQ04C03,Loaded Units (Number),20222,2022Q2,-,All directions,IEORK,Cork,Number,30860.0,2022,2
TBQ04C03,Loaded Units (Number),20222,2022Q2,1,Inward,IEMIP,All Main Irish Ports,Number,76168.0,2022,2
TBQ04C03,Loaded Units (Number),20222,2022Q2,1,Inward,IEDUB,Dublin,Number,58221.0,2022,2
TBQ04C03,Loaded Units (Number),20222,2022Q2,1,Inward,IEORK,Cork,Number,15844.0,2022,2
TBQ04C03,Loaded Units (Number),20222,2022Q2,2,Outward,IEMIP,All Main Irish Ports,Number,51692.0,2022,2
TBQ04C03,Loaded Units (Number),20222,2022Q2,2,Outward,IEDUB,Dublin,Number,33961.0,2022,2
TBQ04C03,Loaded Units (Number),20222,2022Q2,2,Outward,IEORK,Cork,Number,15016.0,2022,2
TBQ04C03,Loaded Units (Number),20223,2022Q3,-,All directions,IEMIP,All Main Irish Ports,Number,119291.0,2022,3
TBQ04C03,Loaded Units (Number),20223,2022Q3,-,All directions,IEDUB,Dublin,Number,86585.0,2022,3
TBQ04C03,Loaded Units (Number),20223,2022Q3,-,All directions,IEORK,Cork,Number,28678.0,2022,3
TBQ04C03,Loaded Units (Number),20223,2022Q3,1,Inward,IEMIP,All Main Irish Ports,Number,71279.0,2022,3
TBQ04C03,Loaded Units (Number),20223,2022Q3,1,Inward,IEDUB,Dublin,Number,55006.0,2022,3
TBQ04C03,Loaded Units (Number),20223,2022Q3,1,Inward,IEORK,Cork,Number,14583.0,2022,3
TBQ04C03,Loaded Units (Number),20223,2022Q3,2,Outward,IEMIP,All Main Irish Ports,Number,48012.0,2022,3
TBQ04C03,Loaded Units (Number),20223,2022Q3,2,Outward,IEDUB,Dublin,Number,31579.0,2022,3
TBQ04C03,Loaded Units (Number),20223,2022Q3,2,Outward,IEORK,Cork,Number,14095.0,2022,3
TBQ04C03,Loaded Units (Number),20224,2022Q4,-,All directions,IEMIP,All Main Irish Ports,Number,110074.0,2022,4
TBQ04C03,Loaded Units (Number),20224,2022Q4,-,All directions,IEDUB,Dublin,Number,78655.0,2022,4
TBQ04C03,Loaded Units (Number),20224,2022Q4,-,All directions,IEORK,Cork,Number,27494.0,2022,4
TBQ04C03,Loaded Units (Number),20224,2022Q4,1,Inward,IEMIP,All Main Irish Ports,Number,64326.0,2022,4
TBQ04C03,Loaded Units (Number),20224,2022Q4,1,Inward,IEDUB,Dublin,Number,48619.0,2022,4
TBQ04C03,Loaded Units (Number),20224,2022Q4,1,Inward,IEORK,Cork,Number,14068.0,2022,4
TBQ04C03,Loaded Units (Number),20224,2022Q4,2,Outward,IEMIP,All Main Irish Ports,Number,45748.0,2022,4
TBQ04C03,Loaded Units (Number),20224,2022Q4,2,Outward,IEDUB,Dublin,Number,30036.0,2022,4
TBQ04C03,Loaded Units (Number),20224,2022Q4,2,Outward,IEORK,Cork,Number,13426.0,2022,4
TBQ04C03,Loaded Units (Number),20231,2023Q1,-,All directions,IEMIP,All Main Irish Ports,Number,107665.0,2023,1
TBQ04C03,Loaded Units (Number),20231,2023Q1,-,All directions,IEDUB,Dublin,Number,78282.0,2023,1
TBQ04C03,Loaded Units (Number),20231,2023Q1,-,All directions,IEORK,Cork,Number,26370.0,2023,1
TBQ04C03,Loaded Units (Number),20231,2023Q1,1,Inward,IEMIP,All Main Irish Ports,Number,65935.0,2023,1
TBQ04C03,Loaded Units (Number),20231,2023Q1,1,Inward,IEDUB,Dublin,Number,49901.0,2023,1
TBQ04C03,Loaded Units (Number),20231,2023Q1,1,Inward,IEORK,Cork,Number,14527.0,2023,1
TBQ04C03,Loaded Units (Number),20231,2023Q1,2,Outward,IEMIP,All Main Irish Ports,Number,41730.0,2023,1
TBQ04C03,Loaded Units (Number),20231,2023Q1,2,Outward,IEDUB,Dublin,Number,28381.0,2023,1
TBQ04C03,Loaded Units (Number),20231,2023Q1,2,Outward,IEORK,Cork,Number,11843.0,2023,1
TBQ04C03,Loaded Units (Number),20232,2023Q2,-,All directions,IEMIP,All Main Irish Ports,Number,115837.0,2023,2
TBQ04C03,Loaded Units (Number),20232,2023Q2,-,All directions,IEDUB,Dublin,Number,83976.0,2023,2
TBQ04C03,Loaded Units (Number),20232,2023Q2,-,All directions,IEORK,Cork,Number,28230.0,2023,2
TBQ04C03,Loaded Units (Number),20232,2023Q2,1,Inward,IEMIP,All Main Irish Ports,Number,69886.0,2023,2
TBQ04C03,Loaded Units (Number),20232,2023Q2,1,Inward,IEDUB,Dublin,Number,54352.0,2023,2
TBQ04C03,Loaded Units (Number),20232,2023Q2,1,Inward,IEORK,Cork,Number,14045.0,2023,2
TBQ04C03,Loaded Units (Number),20232,2023Q2,2,Outward,IEMIP,All Main Irish Ports,Number,45951.0,2023,2
TBQ04C03,Loaded Units (Number),20232,2023Q2,2,Outward,IEDUB,Dublin,Number,29624.0,2023,2
TBQ04C03,Loaded Units (Number),20232,2023Q2,2,Outward,IEORK,Cork,Number,14185.0,2023,2
TBQ04C03,Loaded Units (Number),20233,2023Q3,-,All directions,IEMIP,All Main Irish Ports,Number,101256.0,2023,3
TBQ04C03,Loaded Units (Number),20233,2023Q3,-,All directions,IEDUB,Dublin,Number,70869.0,2023,3
TBQ04C03,Loaded Units (Number),20233,2023Q3,-,All directions,IEORK,Cork,Number,27156.0,2023,3
TBQ04C03,Loaded Units (Number),20233,2023Q3,1,Inward,IEMIP,All Main Irish Ports,Number,70133.0,2023,3
TBQ04C03,Loaded Units (Number),20233,2023Q3,1,Inward,IEDUB,Dublin,Number,55181.0,2023,3
TBQ04C03,Loaded Units (Number),20233,2023Q3,1,Inward,IEORK,Cork,Number,13600.0,2023,3
TBQ04C03,Loaded Units (Number),20233,2023Q3,2,Outward,IEMIP,All Main Irish Ports,Number,31123.0,2023,3
TBQ04C03,Loaded Units (Number),20233,2023Q3,2,Outward,IEDUB,Dublin,Number,15688.0,2023,3
TBQ04C03,Loaded Units (Number),20233,2023Q3,2,Outward,IEORK,Cork,Number,13556.0,2023,3
TBQ04C03,Loaded Units (Number),20234,2023Q4,-,All directions,IEMIP,All Main Irish Ports,Number,115046.0,2023,4
TBQ04C03,Loaded Units (Number),20234,2023Q4,-,All directions,IEDUB,Dublin,Number,84459.0,2023,4
TBQ04C03,Loaded Units (Number),20234,2023Q4,-,All directions,IEORK,Cork,Number,27682.0,2023,4
TBQ04C03,Loaded Units (Number),20234,2023Q4,1,Inward,IEMIP,All Main Irish Ports,Number,69681.0,2023,4
TBQ04C03,Loaded Units (Number),20234,2023Q4,1,Inward,IEDUB,Dublin,Number,54581.0,2023,4
TBQ04C03,Loaded Units (Number),20234,2023Q4,1,Inward,IEORK,Cork,Number,13841.0,2023,4
TBQ04C03,Loaded Units (Number),20234,2023Q4,2,Outward,IEMIP,All Main Irish Ports,Number,45365.0,2023,4
TBQ04C03,Loaded Units (Number),20234,2023Q4,2,Outward,IEDUB,Dublin,Number,29878.0,2023,4
TBQ04C03,Loaded Units (Number),20234,2023Q4,2,Outward,IEORK,Cork,Number,13841.0,2023,4
TBQ04C03,Loaded Units (Number),20241,2024Q1,-,All directions,IEMIP,All Main Irish Ports,Number,115090.0,2024,1
TBQ04C03,Loaded Units (Number),20241,2024Q1,-,All directions,IEDUB,Dublin,Number,84643.0,2024,1
TBQ04C03,Loaded Units (Number),20241,2024Q1,-,All directions,IEORK,Cork,Number,27716.0,2024,1
TBQ04C03,Loaded Units (Number),20241,2024Q1,1,Inward,IEMIP,All Main Irish Ports,Number,71214.0,2024,1
TBQ04C03,Loaded Units (Number),20241,2024Q1,1,Inward,IEDUB,Dublin,Number,54829.0,2024,1
TBQ04C03,Loaded Units (Number),20241,2024Q1,1,Inward,IEORK,Cork,Number,15129.0,2024,1
TBQ04C03,Loaded Units (Number),20241,2024Q1,2,Outward,IEMIP,All Main Irish Ports,Number,43876.0,2024,1
TBQ04C03,Loaded Units (Number),20241,2024Q1,2,Outward,IEDUB,Dublin,Number,29814.0,2024,1
TBQ04C03,Loaded Units (Number),20241,2024Q1,2,Outward,IEORK,Cork,Number,12587.0,2024,1
TBQ04C03,Loaded Units (Number),20242,2024Q2,-,All directions,IEMIP,All Main Irish Ports,Number,124535.0,2024,2
TBQ04C03,Loaded Units (Number),20242,2024Q2,-,All directions,IEDUB,Dublin,Number,91396.0,2024,2
TBQ04C03,Loaded Units (Number),20242,2024Q2,-,All directions,IEORK,Cork,Number,29275.0,2024,2
TBQ04C03,Loaded Units (Number),20242,2024Q2,1,Inward,IEMIP,All Main Irish Ports,Number,75452.0,2024,2
TBQ04C03,Loaded Units (Number),20242,2024Q2,1,Inward,IEDUB,Dublin,Number,59074.0,2024,2
TBQ04C03,Loaded Units (Number),20242,2024Q2,1,Inward,IEORK,Cork,Number,14924.0,2024,2
TBQ04C03,Loaded Units (Number),20242,2024Q2,2,Outward,IEMIP,All Main Irish Ports,Number,49083.0,2024,2
TBQ04C03,Loaded Units (Number),20242,2024Q2,2,Outward,IEDUB,Dublin,Number,32322.0,2024,2
TBQ04C03,Loaded Units (Number),20242,2024Q2,2,Outward,IEORK,Cork,Number,14351.0,2024,2
TBQ04C03,Loaded Units (Number),20243,2024Q3,-,All directions,IEMIP,All Main Irish Ports,Number,129321.0,2024,3
TBQ04C03,Loaded Units (Number),20243,2024Q3,-,All directions,IEDUB,Dublin,Number,95431.0,2024,3
TBQ04C03,Loaded Units (Number),20243,2024Q3,-,All directions,IEORK,Cork,Number,29712.0,2024,3
TBQ04C03,Loaded Units (Number),20243,2024Q3,1,Inward,IEMIP,All Main Irish Ports,Number,80086.0,2024,3
TBQ04C03,Loaded Units (Number),20243,2024Q3,1,Inward,IEDUB,Dublin,Number,63037.0,2024,3
TBQ04C03,Loaded Units (Number),20243,2024Q3,1,Inward,IEORK,Cork,Number,15405.0,2024,3
TBQ04C03,Loaded Units (Number),20243,2024Q3,2,Outward,IEMIP,All Main Irish Ports,Number,49235.0,2024,3
TBQ04C03,Loaded Units (Number),20243,2024Q3,2,Outward,IEDUB,Dublin,Number,32394.0,2024,3
TBQ04C03,Loaded Units (Number),20243,2024Q3,2,Outward,IEORK,Cork,Number,14307.0,2024,3
TBQ04C03,Loaded Units (Number),20244,2024Q4,-,All directions,IEMIP,All Main Irish Ports,Number,123167.0,2024,4
TBQ04C03,Loaded Units (Number),20244,2024Q4,-,All directions,IEDUB,Dublin,Number,90569.0,2024,4
TBQ04C03,Loaded Units (Number),20244,2024Q4,-,All directions,IEORK,Cork,Number,28720.0,2024,4
TBQ04C03,Loaded Units (Number),20244,2024Q4,1,Inward,IEMIP,All Main Irish Ports,Number,76332.0,2024,4
TBQ04C03,Loaded Units (Number),20244,2024Q4,1,Inward,IEDUB,Dublin,Number,60367.0,2024,4
TBQ04C03,Loaded Units (Number),20244,2024Q4,1,Inward,IEORK,Cork,Number,14540.0,2024,4
TBQ04C03,Loaded Units (Number),20244,2024Q4,2,Outward,IEMIP,All Main Irish Ports,Number,46835.0,2024,4
TBQ04C03,Loaded Units (Number),20244,2024Q4,2,Outward,IEDUB,Dublin,Number,30202.0,2024,4
TBQ04C03,Loaded Units (Number),20244,2024Q4,2,Outward,IEORK,Cork,Number,14180.0,2024,4
TBQ04C03,Loaded Units (Number),20251,2025Q1,-,All directions,IEMIP,All Main Irish Ports,Number,122921.0,2025,1
TBQ04C03,Loaded Units (Number),20251,2025Q1,-,All directions,IEDUB,Dublin,Number,90022.0,2025,1
TBQ04C03,Loaded Units (Number),20251,2025Q1,-,All directions,IEORK,Cork,Number,28731.0,2025,1
TBQ04C03,Loaded Units (Number),20251,2025Q1,1,Inward,IEMIP,All Main Irish Ports,Number,76681.0,2025,1
TBQ04C03,Loaded Units (Number),20251,2025Q1,1,Inward,IEDUB,Dublin,Number,60117.0,2025,1
TBQ04C03,Loaded Units (Number),20251,2025Q1,1,Inward,IEORK,Cork,Number,15170.0,2025,1
TBQ04C03,Loaded Units (Number),20251,2025Q1,2,Outward,IEMIP,All Main Irish Ports,Number,46240.0,2025,1
TBQ04C03,Loaded Units (Number),20251,2025Q1,2,Outward,IEDUB,Dublin,Number,29905.0,2025,1
TBQ04C03,Loaded Units (Number),20251,2025Q1,2,Outward,IEORK,Cork,Number,13561.0,2025,1
TBQ04C03,Loaded Units (Number),20252,2025Q2,-,All directions,IEMIP,All Main Irish Ports,Number,135628.0,2025,2
TBQ04C03,Loaded Units (Number),20252,2025Q2,-,All directions,IEDUB,Dublin,Number,100460.0,2025,2
TBQ04C03,Loaded Units (Number),20252,2025Q2,-,All directions,IEORK,Cork,Number,30737.0,2025,2
TBQ04C03,Loaded Units (Number),20252,2025Q2,1,Inward,IEMIP,All Main Irish Ports,Number,83583.0,2025,2
TBQ04C03,Loaded Units (Number),20252,2025Q2,1,Inward,IEDUB,Dublin,Number,66188.0,2025,2
TBQ04C03,Loaded Units (Number),20252,2025Q2,1,Inward,IEORK,Cork,Number,15843.0,2025,2
TBQ04C03,Loaded Units (Number),20252,2025Q2,2,Outward,IEMIP,All Main Irish Ports,Number,52045.0,2025,2
TBQ04C03,Loaded Units (Number),20252,2025Q2,2,Outward,IEDUB,Dublin,Number,34272.0,2025,2
TBQ04C03,Loaded Units (Number),20252,2025Q2,2,Outward,IEORK,Cork,Number,14894.0,2025,2
TBQ04C03,Loaded Units (Number),20253,2025Q3,-,All directions,IEMIP,All Main Irish Ports,Number,133951.0,2025,3
TBQ04C03,Loaded Units (Number),20253,2025Q3,-,All directions,IEDUB,Dublin,Number,98917.0,2025,3
TBQ04C03,Loaded Units (Number),20253,2025Q3,-,All directions,IEORK,Cork,Number,30668.0,2025,3
TBQ04C03,Loaded Units (Number),20253,2025Q3,1,Inward,IEMIP,All Main Irish Ports,Number,82153.0,2025,3
TBQ04C03,Loaded Units (Number),20253,2025Q3,1,Inward,IEDUB,Dublin,Number,65511.0,2025,3
TBQ04C03,Loaded Units (Number),20253,2025Q3,1,Inward,IEORK,Cork,Number,15082.0,2025,3
TBQ04C03,Loaded Units (Number),20253,2025Q3,2,Outward,IEMIP,All Main Irish Ports,Number,51798.0,2025,3
TBQ04C03,Loaded Units (Number),20253,2025Q3,2,Outward,IEDUB,Dublin,Number,33406.0,2025,3
TBQ04C03,Loaded Units (Number),20253,2025Q3,2,Outward,IEORK,Cork,Number,15586.0,2025,3
TBQ04C03,Loaded Units (Number),20254,2025Q4,-,All directions,IEMIP,All Main Irish Ports,Number,134384.0,2025,4
TBQ04C03,Loaded Units (Number),20254,2025Q4,-,All directions,IEDUB,Dublin,Number,100085.0,2025,4
TBQ04C03,Loaded Units (Number),20254,2025Q4,-,All directions,IEORK,Cork,Number,30517.0,2025,4
TBQ04C03,Loaded Units (Number),20254,2025Q4,1,Inward,IEMIP,All Main Irish Ports,Number,82027.0,2025,4
TBQ04C03,Loaded Units (Number),20254,2025Q4,1,Inward,IEDUB,Dublin,Number,65355.0,2025,4
TBQ04C03,Loaded Units (Number),20254,2025Q4,1,Inward,IEORK,Cork,Number,15173.0,2025,4
TBQ04C03,Loaded Units (Number),20254,2025Q4,2,Outward,IEMIP,All Main Irish Ports,Number,52357.0,2025,4
TBQ04C03,Loaded Units (Number),20254,2025Q4,2,Outward,IEDUB,Dublin,Number,34730.0,2025,4
TBQ04C03,Loaded Units (Number),20254,2025Q4,2,Outward,IEORK,Cork,Number,15344.0,2025,4
TBQ04C03,Loaded Units (Number),20261,2026Q1,-,All directions,IEMIP,All Main Irish Ports,Number,126304.0,2026,1
TBQ04C03,Loaded Units (Number),20261,2026Q1,-,All directions,IEDUB,Dublin,Number,94059.0,2026,1
TBQ04C03,Loaded Units (Number),20261,2026Q1,-,All directions,IEORK,Cork,Number,29012.0,2026,1
TBQ04C03,Loaded Units (Number),20261,2026Q1,1,Inward,IEMIP,All Main Irish Ports,Number,78821.0,2026,1
TBQ04C03,Loaded Units (Number),20261,2026Q1,1,Inward,IEDUB,Dublin,Number,62418.0,2026,1
TBQ04C03,Loaded Units (Number),20261,2026Q1,1,Inward,IEORK,Cork,Number,15166.0,2026,1
TBQ04C03,Loaded Units (Number),20261,2026Q1,2,Outward,IEMIP,All Main Irish Ports,Number,47483.0,2026,1
TBQ04C03,Loaded Units (Number),20261,2026Q1,2,Outward,IEDUB,Dublin,Number,31641.0,2026,1
TBQ04C03,Loaded Units (Number),20261,2026Q1,2,Outward,IEORK,Cork,Number,13846.0,2026,1
TBQ04C04,Loaded Units (TEU Twenty-foot Equivalent),20171,2017Q1,-,All directions,IEMIP,All Main Irish Ports,TEU Twenty-foot Equivalent,174254.0,2017,1
TBQ04C04,Loaded Units (TEU Twenty-foot Equivalent),20171,2017Q1,-,All directions,IEDUB,Dublin,TEU Twenty-foot Equivalent,125373.0,2017,1
TBQ04C04,Loaded Units (TEU Twenty-foot Equivalent),20171,2017Q1,-,All directions,IEORK,Cork,TEU Twenty-foot Equivalent,41883.0,2017,1
TBQ04C04,Loaded Units (TEU Twenty-foot Equivalent),20171,2017Q1,1,Inward,IEMIP,All Main Irish Ports,TEU Twenty-foot Equivalent,99764.0,2017,1
TBQ04C04,Loaded Units (TEU Twenty-foot Equivalent),20171,2017Q1,1,Inward,IEDUB,Dublin,TEU Twenty-foot Equivalent,76238.0,2017,1
TBQ04C04,Loaded Units (TEU Twenty-foot Equivalent),20171,2017Q1,1,Inward,IEORK,Cork,TEU Twenty-foot Equivalent,20600.0,2017,1
TBQ04C04,Loaded Units (TEU Twenty-foot Equivalent),20171,2017Q1,2,Outward,IEMIP,All Main Irish Ports,TEU Twenty-foot Equivalent,74490.0,2017,1
TBQ04C04,Loaded Units (TEU Twenty-foot Equivalent),20171,2017Q1,2,Outward,IEDUB,Dublin,TEU Twenty-foot Equivalent,49135.0,2017,1
TBQ04C04,Loaded Units (TEU Twenty-foot Equivalent),20171,2017Q1,2,Outward,IEORK,Cork,TEU Twenty-foot Equivalent,21283.0,2017,1
TBQ04C04,Loaded Units (TEU Twenty-foot Equivalent),20172,2017Q2,-,All directions,IEMIP,All Main Irish Ports,TEU Twenty-foot Equivalent,184862.0,2017,2
TBQ04C04,Loaded Units (TEU Twenty-foot Equivalent),20172,2017Q2,-,All directions,IEDUB,Dublin,TEU Twenty-foot Equivalent,133222.0,2017,2
TBQ04C04,Loaded Units (TEU Twenty-foot Equivalent),20172,2017Q2,-,All directions,IEORK,Cork,TEU Twenty-foot Equivalent,43968.0,2017,2
TBQ04C04,Loaded Units (TEU Twenty-foot Equivalent),20172,2017Q2,1,Inward,IEMIP,All Main Irish Ports,TEU Twenty-foot Equivalent,103402.0,2017,2
TBQ04C04,Loaded Units (TEU Twenty-foot Equivalent),20172,2017Q2,1,Inward,IEDUB,Dublin,TEU Twenty-foot Equivalent,80385.0,2017,2
TBQ04C04,Loaded Units (TEU Twenty-foot Equivalent),20172,2017Q2,1,Inward,IEORK,Cork,TEU Twenty-foot Equivalent,20056.0,2017,2
TBQ04C04,Loaded Units (TEU Twenty-foot Equivalent),20172,2017Q2,2,Outward,IEMIP,All Main Irish Ports,TEU Twenty-foot Equivalent,81460.0,2017,2
TBQ04C04,Loaded Units (TEU Twenty-foot Equivalent),20172,2017Q2,2,Outward,IEDUB,Dublin,TEU Twenty-foot Equivalent,52837.0,2017,2
TBQ04C04,Loaded Units (TEU Twenty-foot Equivalent),20172,2017Q2,2,Outward,IEORK,Cork,TEU Twenty-foot Equivalent,23912.0,2017,2
TBQ04C04,Loaded Units (TEU Twenty-foot Equivalent),20173,2017Q3,-,All directions,IEMIP,All Main Irish Ports,TEU Twenty-foot Equivalent,187235.0,2017,3
TBQ04C04,Loaded Units (TEU Twenty-foot Equivalent),20173,2017Q3,-,All directions,IEDUB,Dublin,TEU Twenty-foot Equivalent,136266.0,2017,3
TBQ04C04,Loaded Units (TEU Twenty-foot Equivalent),20173,2017Q3,-,All directions,IEORK,Cork,TEU Twenty-foot Equivalent,42714.0,2017,3
TBQ04C04,Loaded Units (TEU Twenty-foot Equivalent),20173,2017Q3,1,Inward,IEMIP,All Main Irish Ports,TEU Twenty-foot Equivalent,105884.0,2017,3
TBQ04C04,Loaded Units (TEU Twenty-foot Equivalent),20173,2017Q3,1,Inward,IEDUB,Dublin,TEU Twenty-foot Equivalent,82893.0,2017,3
TBQ04C04,Loaded Units (TEU Twenty-foot Equivalent),20173,2017Q3,1,Inward,IEORK,Cork,TEU Twenty-foot Equivalent,19771.0,2017,3
TBQ04C04,Loaded Units (TEU Twenty-foot Equivalent),20173,2017Q3,2,Outward,IEMIP,All Main Irish Ports,TEU Twenty-foot Equivalent,81351.0,2017,3
TBQ04C04,Loaded Units (TEU Twenty-foot Equivalent),20173,2017Q3,2,Outward,IEDUB,Dublin,TEU Twenty-foot Equivalent,53374.0,2017,3
TBQ04C04,Loaded Units (TEU Twenty-foot Equivalent),20173,2017Q3,2,Outward,IEORK,Cork,TEU Twenty-foot Equivalent,22943.0,2017,3
TBQ04C04,Loaded Units (TEU Twenty-foot Equivalent),20174,2017Q4,-,All directions,IEMIP,All Main Irish Ports,TEU Twenty-foot Equivalent,184242.0,2017,4
TBQ04C04,Loaded Units (TEU Twenty-foot Equivalent),20174,2017Q4,-,All directions,IEDUB,Dublin,TEU Twenty-foot Equivalent,134703.0,2017,4
TBQ04C04,Loaded Units (TEU Twenty-foot Equivalent),20174,2017Q4,-,All directions,IEORK,Cork,TEU Twenty-foot Equivalent,42265.0,2017,4
TBQ04C04,Loaded Units (TEU Twenty-foot Equivalent),20174,2017Q4,1,Inward,IEMIP,All Main Irish Ports,TEU Twenty-foot Equivalent,102830.0,2017,4
TBQ04C04,Loaded Units (TEU Twenty-foot Equivalent),20174,2017Q4,1,Inward,IEDUB,Dublin,TEU Twenty-foot Equivalent,80632.0,2017,4
TBQ04C04,Loaded Units (TEU Twenty-foot Equivalent),20174,2017Q4,1,Inward,IEORK,Cork,TEU Twenty-foot Equivalent,19018.0,2017,4
TBQ04C04,Loaded Units (TEU Twenty-foot Equivalent),20174,2017Q4,2,Outward,IEMIP,All Main Irish Ports,TEU Twenty-foot Equivalent,81413.0,2017,4
TBQ04C04,Loaded Units (TEU Twenty-foot Equivalent),20174,2017Q4,2,Outward,IEDUB,Dublin,TEU Twenty-foot Equivalent,54071.0,2017,4
TBQ04C04,Loaded Units (TEU Twenty-foot Equivalent),20174,2017Q4,2,Outward,IEORK,Cork,TEU Twenty-foot Equivalent,23248.0,2017,4
TBQ04C04,Loaded Units (TEU Twenty-foot Equivalent),20181,2018Q1,-,All directions,IEMIP,All Main Irish Ports,TEU Twenty-foot Equivalent,184270.0,2018,1
TBQ04C04,Loaded Units (TEU Twenty-foot Equivalent),20181,2018Q1,-,All directions,IEDUB,Dublin,TEU Twenty-foot Equivalent,134661.0,2018,1
TBQ04C04,Loaded Units (TEU Twenty-foot Equivalent),20181,2018Q1,-,All directions,IEORK,Cork,TEU Twenty-foot Equivalent,42667.0,2018,1
TBQ04C04,Loaded Units (TEU Twenty-foot Equivalent),20181,2018Q1,1,Inward,IEMIP,All Main Irish Ports,TEU Twenty-foot Equivalent,105441.0,2018,1
TBQ04C04,Loaded Units (TEU Twenty-foot Equivalent),20181,2018Q1,1,Inward,IEDUB,Dublin,TEU Twenty-foot Equivalent,81621.0,2018,1
TBQ04C04,Loaded Units (TEU Twenty-foot Equivalent),20181,2018Q1,1,Inward,IEORK,Cork,TEU Twenty-foot Equivalent,20462.0,2018,1
TBQ04C04,Loaded Units (TEU Twenty-foot Equivalent),20181,2018Q1,2,Outward,IEMIP,All Main Irish Ports,TEU Twenty-foot Equivalent,78830.0,2018,1
TBQ04C04,Loaded Units (TEU Twenty-foot Equivalent),20181,2018Q1,2,Outward,IEDUB,Dublin,TEU Twenty-foot Equivalent,53040.0,2018,1
TBQ04C04,Loaded Units (TEU Twenty-foot Equivalent),20181,2018Q1,2,Outward,IEORK,Cork,TEU Twenty-foot Equivalent,22205.0,2018,1
TBQ04C04,Loaded Units (TEU Twenty-foot Equivalent),20182,2018Q2,-,All directions,IEMIP,All Main Irish Ports,TEU Twenty-foot Equivalent,191555.0,2018,2
TBQ04C04,Loaded Units (TEU Twenty-foot Equivalent),20182,2018Q2,-,All directions,IEDUB,Dublin,TEU Twenty-foot Equivalent,138514.0,2018,2
TBQ04C04,Loaded Units (TEU Twenty-foot Equivalent),20182,2018Q2,-,All directions,IEORK,Cork,TEU Twenty-foot Equivalent,44681.0,2018,2
TBQ04C04,Loaded Units (TEU Twenty-foot Equivalent),20182,2018Q2,1,Inward,IEMIP,All Main Irish Ports,TEU Twenty-foot Equivalent,105709.0,2018,2
TBQ04C04,Loaded Units (TEU Twenty-foot Equivalent),20182,2018Q2,1,Inward,IEDUB,Dublin,TEU Twenty-foot Equivalent,81951.0,2018,2
TBQ04C04,Loaded Units (TEU Twenty-foot Equivalent),20182,2018Q2,1,Inward,IEORK,Cork,TEU Twenty-foot Equivalent,20449.0,2018,2
TBQ04C04,Loaded Units (TEU Twenty-foot Equivalent),20182,2018Q2,2,Outward,IEMIP,All Main Irish Ports,TEU Twenty-foot Equivalent,85847.0,2018,2
TBQ04C04,Loaded Units (TEU Twenty-foot Equivalent),20182,2018Q2,2,Outward,IEDUB,Dublin,TEU Twenty-foot Equivalent,56563.0,2018,2
TBQ04C04,Loaded Units (TEU Twenty-foot Equivalent),20182,2018Q2,2,Outward,IEORK,Cork,TEU Twenty-foot Equivalent,24232.0,2018,2
TBQ04C04,Loaded Units (TEU Twenty-foot Equivalent),20183,2018Q3,-,All directions,IEMIP,All Main Irish Ports,TEU Twenty-foot Equivalent,196358.0,2018,3
TBQ04C04,Loaded Units (TEU Twenty-foot Equivalent),20183,2018Q3,-,All directions,IEDUB,Dublin,TEU Twenty-foot Equivalent,144721.0,2018,3
TBQ04C04,Loaded Units (TEU Twenty-foot Equivalent),20183,2018Q3,-,All directions,IEORK,Cork,TEU Twenty-foot Equivalent,43977.0,2018,3
TBQ04C04,Loaded Units (TEU Twenty-foot Equivalent),20183,2018Q3,1,Inward,IEMIP,All Main Irish Ports,TEU Twenty-foot Equivalent,114418.0,2018,3
TBQ04C04,Loaded Units (TEU Twenty-foot Equivalent),20183,2018Q3,1,Inward,IEDUB,Dublin,TEU Twenty-foot Equivalent,91014.0,2018,3
TBQ04C04,Loaded Units (TEU Twenty-foot Equivalent),20183,2018Q3,1,Inward,IEORK,Cork,TEU Twenty-foot Equivalent,20412.0,2018,3
TBQ04C04,Loaded Units (TEU Twenty-foot Equivalent),20183,2018Q3,2,Outward,IEMIP,All Main Irish Ports,TEU Twenty-foot Equivalent,81940.0,2018,3
TBQ04C04,Loaded Units (TEU Twenty-foot Equivalent),20183,2018Q3,2,Outward,IEDUB,Dublin,TEU Twenty-foot Equivalent,53708.0,2018,3
TBQ04C04,Loaded Units (TEU Twenty-foot Equivalent),20183,2018Q3,2,Outward,IEORK,Cork,TEU Twenty-foot Equivalent,23566.0,2018,3
TBQ04C04,Loaded Units (TEU Twenty-foot Equivalent),20184,2018Q4,-,All directions,IEMIP,All Main Irish Ports,TEU Twenty-foot Equivalent,191843.0,2018,4
TBQ04C04,Loaded Units (TEU Twenty-foot Equivalent),20184,2018Q4,-,All directions,IEDUB,Dublin,TEU Twenty-foot Equivalent,137986.0,2018,4
TBQ04C04,Loaded Units (TEU Twenty-foot Equivalent),20184,2018Q4,-,All directions,IEORK,Cork,TEU Twenty-foot Equivalent,46021.0,2018,4
TBQ04C04,Loaded Units (TEU Twenty-foot Equivalent),20184,2018Q4,1,Inward,IEMIP,All Main Irish Ports,TEU Twenty-foot Equivalent,110048.0,2018,4
TBQ04C04,Loaded Units (TEU Twenty-foot Equivalent),20184,2018Q4,1,Inward,IEDUB,Dublin,TEU Twenty-foot Equivalent,85367.0,2018,4
TBQ04C04,Loaded Units (TEU Twenty-foot Equivalent),20184,2018Q4,1,Inward,IEORK,Cork,TEU Twenty-foot Equivalent,21817.0,2018,4
TBQ04C04,Loaded Units (TEU Twenty-foot Equivalent),20184,2018Q4,2,Outward,IEMIP,All Main Irish Ports,TEU Twenty-foot Equivalent,81795.0,2018,4
TBQ04C04,Loaded Units (TEU Twenty-foot Equivalent),20184,2018Q4,2,Outward,IEDUB,Dublin,TEU Twenty-foot Equivalent,52620.0,2018,4
TBQ04C04,Loaded Units (TEU Twenty-foot Equivalent),20184,2018Q4,2,Outward,IEORK,Cork,TEU Twenty-foot Equivalent,24204.0,2018,4
TBQ04C04,Loaded Units (TEU Twenty-foot Equivalent),20191,2019Q1,-,All directions,IEMIP,All Main Irish Ports,TEU Twenty-foot Equivalent,197364.0,2019,1
TBQ04C04,Loaded Units (TEU Twenty-foot Equivalent),20191,2019Q1,-,All directions,IEDUB,Dublin,TEU Twenty-foot Equivalent,145120.0,2019,1
TBQ04C04,Loaded Units (TEU Twenty-foot Equivalent),20191,2019Q1,-,All directions,IEORK,Cork,TEU Twenty-foot Equivalent,44839.0,2019,1
TBQ04C04,Loaded Units (TEU Twenty-foot Equivalent),20191,2019Q1,1,Inward,IEMIP,All Main Irish Ports,TEU Twenty-foot Equivalent,113410.0,2019,1
TBQ04C04,Loaded Units (TEU Twenty-foot Equivalent),20191,2019Q1,1,Inward,IEDUB,Dublin,TEU Twenty-foot Equivalent,88631.0,2019,1
TBQ04C04,Loaded Units (TEU Twenty-foot Equivalent),20191,2019Q1,1,Inward,IEORK,Cork,TEU Twenty-foot Equivalent,21703.0,2019,1
TBQ04C04,Loaded Units (TEU Twenty-foot Equivalent),20191,2019Q1,2,Outward,IEMIP,All Main Irish Ports,TEU Twenty-foot Equivalent,83955.0,2019,1
TBQ04C04,Loaded Units (TEU Twenty-foot Equivalent),20191,2019Q1,2,Outward,IEDUB,Dublin,TEU Twenty-foot Equivalent,56490.0,2019,1
TBQ04C04,Loaded Units (TEU Twenty-foot Equivalent),20191,2019Q1,2,Outward,IEORK,Cork,TEU Twenty-foot Equivalent,23137.0,2019,1
TBQ04C04,Loaded Units (TEU Twenty-foot Equivalent),20192,2019Q2,-,All directions,IEMIP,All Main Irish Ports,TEU Twenty-foot Equivalent,210055.0,2019,2
TBQ04C04,Loaded Units (TEU Twenty-foot Equivalent),20192,2019Q2,-,All directions,IEDUB,Dublin,TEU Twenty-foot Equivalent,153170.0,2019,2
TBQ04C04,Loaded Units (TEU Twenty-foot Equivalent),20192,2019Q2,-,All directions,IEORK,Cork,TEU Twenty-foot Equivalent,48699.0,2019,2
TBQ04C04,Loaded Units (TEU Twenty-foot Equivalent),20192,2019Q2,1,Inward,IEMIP,All Main Irish Ports,TEU Twenty-foot Equivalent,116746.0,2019,2
TBQ04C04,Loaded Units (TEU Twenty-foot Equivalent),20192,2019Q2,1,Inward,IEDUB,Dublin,TEU Twenty-foot Equivalent,91545.0,2019,2
TBQ04C04,Loaded Units (TEU Twenty-foot Equivalent),20192,2019Q2,1,Inward,IEORK,Cork,TEU Twenty-foot Equivalent,22421.0,2019,2
TBQ04C04,Loaded Units (TEU Twenty-foot Equivalent),20192,2019Q2,2,Outward,IEMIP,All Main Irish Ports,TEU Twenty-foot Equivalent,93309.0,2019,2
TBQ04C04,Loaded Units (TEU Twenty-foot Equivalent),20192,2019Q2,2,Outward,IEDUB,Dublin,TEU Twenty-foot Equivalent,61626.0,2019,2
TBQ04C04,Loaded Units (TEU Twenty-foot Equivalent),20192,2019Q2,2,Outward,IEORK,Cork,TEU Twenty-foot Equivalent,26278.0,2019,2
TBQ04C04,Loaded Units (TEU Twenty-foot Equivalent),20193,2019Q3,-,All directions,IEMIP,All Main Irish Ports,TEU Twenty-foot Equivalent,204080.0,2019,3
TBQ04C04,Loaded Units (TEU Twenty-foot Equivalent),20193,2019Q3,-,All directions,IEDUB,Dublin,TEU Twenty-foot Equivalent,148875.0,2019,3
TBQ04C04,Loaded Units (TEU Twenty-foot Equivalent),20193,2019Q3,-,All directions,IEORK,Cork,TEU Twenty-foot Equivalent,47112.0,2019,3
TBQ04C04,Loaded Units (TEU Twenty-foot Equivalent),20193,2019Q3,1,Inward,IEMIP,All Main Irish Ports,TEU Twenty-foot Equivalent,114722.0,2019,3
TBQ04C04,Loaded Units (TEU Twenty-foot Equivalent),20193,2019Q3,1,Inward,IEDUB,Dublin,TEU Twenty-foot Equivalent,91410.0,2019,3
TBQ04C04,Loaded Units (TEU Twenty-foot Equivalent),20193,2019Q3,1,Inward,IEORK,Cork,TEU Twenty-foot Equivalent,20851.0,2019,3
TBQ04C04,Loaded Units (TEU Twenty-foot Equivalent),20193,2019Q3,2,Outward,IEMIP,All Main Irish Ports,TEU Twenty-foot Equivalent,89358.0,2019,3
TBQ04C04,Loaded Units (TEU Twenty-foot Equivalent),20193,2019Q3,2,Outward,IEDUB,Dublin,TEU Twenty-foot Equivalent,57465.0,2019,3
TBQ04C04,Loaded Units (TEU Twenty-foot Equivalent),20193,2019Q3,2,Outward,IEORK,Cork,TEU Twenty-foot Equivalent,26261.0,2019,3
TBQ04C04,Loaded Units (TEU Twenty-foot Equivalent),20194,2019Q4,-,All directions,IEMIP,All Main Irish Ports,TEU Twenty-foot Equivalent,196910.0,2019,4
TBQ04C04,Loaded Units (TEU Twenty-foot Equivalent),20194,2019Q4,-,All directions,IEDUB,Dublin,TEU Twenty-foot Equivalent,141814.0,2019,4
TBQ04C04,Loaded Units (TEU Twenty-foot Equivalent),20194,2019Q4,-,All directions,IEORK,Cork,TEU Twenty-foot Equivalent,46163.0,2019,4
TBQ04C04,Loaded Units (TEU Twenty-foot Equivalent),20194,2019Q4,1,Inward,IEMIP,All Main Irish Ports,TEU Twenty-foot Equivalent,109903.0,2019,4
TBQ04C04,Loaded Units (TEU Twenty-foot Equivalent),20194,2019Q4,1,Inward,IEDUB,Dublin,TEU Twenty-foot Equivalent,85584.0,2019,4
TBQ04C04,Loaded Units (TEU Twenty-foot Equivalent),20194,2019Q4,1,Inward,IEORK,Cork,TEU Twenty-foot Equivalent,21096.0,2019,4
TBQ04C04,Loaded Units (TEU Twenty-foot Equivalent),20194,2019Q4,2,Outward,IEMIP,All Main Irish Ports,TEU Twenty-foot Equivalent,87007.0,2019,4
TBQ04C04,Loaded Units (TEU Twenty-foot Equivalent),20194,2019Q4,2,Outward,IEDUB,Dublin,TEU Twenty-foot Equivalent,56230.0,2019,4
TBQ04C04,Loaded Units (TEU Twenty-foot Equivalent),20194,2019Q4,2,Outward,IEORK,Cork,TEU Twenty-foot Equivalent,25068.0,2019,4
TBQ04C04,Loaded Units (TEU Twenty-foot Equivalent),20201,2020Q1,-,All directions,IEMIP,All Main Irish Ports,TEU Twenty-foot Equivalent,194393.0,2020,1
TBQ04C04,Loaded Units (TEU Twenty-foot Equivalent),20201,2020Q1,-,All directions,IEDUB,Dublin,TEU Twenty-foot Equivalent,142928.0,2020,1
TBQ04C04,Loaded Units (TEU Twenty-foot Equivalent),20201,2020Q1,-,All directions,IEORK,Cork,TEU Twenty-foot Equivalent,42491.0,2020,1
TBQ04C04,Loaded Units (TEU Twenty-foot Equivalent),20201,2020Q1,1,Inward,IEMIP,All Main Irish Ports,TEU Twenty-foot Equivalent,111921.0,2020,1
TBQ04C04,Loaded Units (TEU Twenty-foot Equivalent),20201,2020Q1,1,Inward,IEDUB,Dublin,TEU Twenty-foot Equivalent,87383.0,2020,1
TBQ04C04,Loaded Units (TEU Twenty-foot Equivalent),20201,2020Q1,1,Inward,IEORK,Cork,TEU Twenty-foot Equivalent,20815.0,2020,1
TBQ04C04,Loaded Units (TEU Twenty-foot Equivalent),20201,2020Q1,2,Outward,IEMIP,All Main Irish Ports,TEU Twenty-foot Equivalent,82473.0,2020,1
TBQ04C04,Loaded Units (TEU Twenty-foot Equivalent),20201,2020Q1,2,Outward,IEDUB,Dublin,TEU Twenty-foot Equivalent,55545.0,2020,1
TBQ04C04,Loaded Units (TEU Twenty-foot Equivalent),20201,2020Q1,2,Outward,IEORK,Cork,TEU Twenty-foot Equivalent,21676.0,2020,1
TBQ04C04,Loaded Units (TEU Twenty-foot Equivalent),20202,2020Q2,-,All directions,IEMIP,All Main Irish Ports,TEU Twenty-foot Equivalent,187131.0,2020,2
TBQ04C04,Loaded Units (TEU Twenty-foot Equivalent),20202,2020Q2,-,All directions,IEDUB,Dublin,TEU Twenty-foot Equivalent,130049.0,2020,2
TBQ04C04,Loaded Units (TEU Twenty-foot Equivalent),20202,2020Q2,-,All directions,IEORK,Cork,TEU Twenty-foot Equivalent,48617.0,2020,2
TBQ04C04,Loaded Units (TEU Twenty-foot Equivalent),20202,2020Q2,1,Inward,IEMIP,All Main Irish Ports,TEU Twenty-foot Equivalent,99959.0,2020,2
TBQ04C04,Loaded Units (TEU Twenty-foot Equivalent),20202,2020Q2,1,Inward,IEDUB,Dublin,TEU Twenty-foot Equivalent,75063.0,2020,2
TBQ04C04,Loaded Units (TEU Twenty-foot Equivalent),20202,2020Q2,1,Inward,IEORK,Cork,TEU Twenty-foot Equivalent,21482.0,2020,2
TBQ04C04,Loaded Units (TEU Twenty-foot Equivalent),20202,2020Q2,2,Outward,IEMIP,All Main Irish Ports,TEU Twenty-foot Equivalent,87172.0,2020,2
TBQ04C04,Loaded Units (TEU Twenty-foot Equivalent),20202,2020Q2,2,Outward,IEDUB,Dublin,TEU Twenty-foot Equivalent,54987.0,2020,2
TBQ04C04,Loaded Units (TEU Twenty-foot Equivalent),20202,2020Q2,2,Outward,IEORK,Cork,TEU Twenty-foot Equivalent,27136.0,2020,2
TBQ04C04,Loaded Units (TEU Twenty-foot Equivalent),20203,2020Q3,-,All directions,IEMIP,All Main Irish Ports,TEU Twenty-foot Equivalent,207872.0,2020,3
TBQ04C04,Loaded Units (TEU Twenty-foot Equivalent),20203,2020Q3,-,All directions,IEDUB,Dublin,TEU Twenty-foot Equivalent,147882.0,2020,3
TBQ04C04,Loaded Units (TEU Twenty-foot Equivalent),20203,2020Q3,-,All directions,IEORK,Cork,TEU Twenty-foot Equivalent,50065.0,2020,3
TBQ04C04,Loaded Units (TEU Twenty-foot Equivalent),20203,2020Q3,1,Inward,IEMIP,All Main Irish Ports,TEU Twenty-foot Equivalent,119107.0,2020,3
TBQ04C04,Loaded Units (TEU Twenty-foot Equivalent),20203,2020Q3,1,Inward,IEDUB,Dublin,TEU Twenty-foot Equivalent,92293.0,2020,3
TBQ04C04,Loaded Units (TEU Twenty-foot Equivalent),20203,2020Q3,1,Inward,IEORK,Cork,TEU Twenty-foot Equivalent,23020.0,2020,3
TBQ04C04,Loaded Units (TEU Twenty-foot Equivalent),20203,2020Q3,2,Outward,IEMIP,All Main Irish Ports,TEU Twenty-foot Equivalent,88764.0,2020,3
TBQ04C04,Loaded Units (TEU Twenty-foot Equivalent),20203,2020Q3,2,Outward,IEDUB,Dublin,TEU Twenty-foot Equivalent,55589.0,2020,3
TBQ04C04,Loaded Units (TEU Twenty-foot Equivalent),20203,2020Q3,2,Outward,IEORK,Cork,TEU Twenty-foot Equivalent,27046.0,2020,3
TBQ04C04,Loaded Units (TEU Twenty-foot Equivalent),20204,2020Q4,-,All directions,IEMIP,All Main Irish Ports,TEU Twenty-foot Equivalent,210504.0,2020,4
TBQ04C04,Loaded Units (TEU Twenty-foot Equivalent),20204,2020Q4,-,All directions,IEDUB,Dublin,TEU Twenty-foot Equivalent,150933.0,2020,4
TBQ04C04,Loaded Units (TEU Twenty-foot Equivalent),20204,2020Q4,-,All directions,IEORK,Cork,TEU Twenty-foot Equivalent,51790.0,2020,4
TBQ04C04,Loaded Units (TEU Twenty-foot Equivalent),20204,2020Q4,1,Inward,IEMIP,All Main Irish Ports,TEU Twenty-foot Equivalent,124313.0,2020,4
TBQ04C04,Loaded Units (TEU Twenty-foot Equivalent),20204,2020Q4,1,Inward,IEDUB,Dublin,TEU Twenty-foot Equivalent,96380.0,2020,4
TBQ04C04,Loaded Units (TEU Twenty-foot Equivalent),20204,2020Q4,1,Inward,IEORK,Cork,TEU Twenty-foot Equivalent,24981.0,2020,4
TBQ04C04,Loaded Units (TEU Twenty-foot Equivalent),20204,2020Q4,2,Outward,IEMIP,All Main Irish Ports,TEU Twenty-foot Equivalent,86191.0,2020,4
TBQ04C04,Loaded Units (TEU Twenty-foot Equivalent),20204,2020Q4,2,Outward,IEDUB,Dublin,TEU Twenty-foot Equivalent,54553.0,2020,4
TBQ04C04,Loaded Units (TEU Twenty-foot Equivalent),20204,2020Q4,2,Outward,IEORK,Cork,TEU Twenty-foot Equivalent,26809.0,2020,4
TBQ04C04,Loaded Units (TEU Twenty-foot Equivalent),20211,2021Q1,-,All directions,IEMIP,All Main Irish Ports,TEU Twenty-foot Equivalent,214226.0,2021,1
TBQ04C04,Loaded Units (TEU Twenty-foot Equivalent),20211,2021Q1,-,All directions,IEDUB,Dublin,TEU Twenty-foot Equivalent,156984.0,2021,1
TBQ04C04,Loaded Units (TEU Twenty-foot Equivalent),20211,2021Q1,-,All directions,IEORK,Cork,TEU Twenty-foot Equivalent,48887.0,2021,1
TBQ04C04,Loaded Units (TEU Twenty-foot Equivalent),20211,2021Q1,1,Inward,IEMIP,All Main Irish Ports,TEU Twenty-foot Equivalent,127456.0,2021,1
TBQ04C04,Loaded Units (TEU Twenty-foot Equivalent),20211,2021Q1,1,Inward,IEDUB,Dublin,TEU Twenty-foot Equivalent,99320.0,2021,1
TBQ04C04,Loaded Units (TEU Twenty-foot Equivalent),20211,2021Q1,1,Inward,IEORK,Cork,TEU Twenty-foot Equivalent,24772.0,2021,1
TBQ04C04,Loaded Units (TEU Twenty-foot Equivalent),20211,2021Q1,2,Outward,IEMIP,All Main Irish Ports,TEU Twenty-foot Equivalent,86770.0,2021,1
TBQ04C04,Loaded Units (TEU Twenty-foot Equivalent),20211,2021Q1,2,Outward,IEDUB,Dublin,TEU Twenty-foot Equivalent,57665.0,2021,1
TBQ04C04,Loaded Units (TEU Twenty-foot Equivalent),20211,2021Q1,2,Outward,IEORK,Cork,TEU Twenty-foot Equivalent,24115.0,2021,1
TBQ04C04,Loaded Units (TEU Twenty-foot Equivalent),20212,2021Q2,-,All directions,IEMIP,All Main Irish Ports,TEU Twenty-foot Equivalent,231973.0,2021,2
TBQ04C04,Loaded Units (TEU Twenty-foot Equivalent),20212,2021Q2,-,All directions,IEDUB,Dublin,TEU Twenty-foot Equivalent,165735.0,2021,2
TBQ04C04,Loaded Units (TEU Twenty-foot Equivalent),20212,2021Q2,-,All directions,IEORK,Cork,TEU Twenty-foot Equivalent,57390.0,2021,2
TBQ04C04,Loaded Units (TEU Twenty-foot Equivalent),20212,2021Q2,1,Inward,IEMIP,All Main Irish Ports,TEU Twenty-foot Equivalent,134560.0,2021,2
TBQ04C04,Loaded Units (TEU Twenty-foot Equivalent),20212,2021Q2,1,Inward,IEDUB,Dublin,TEU Twenty-foot Equivalent,103157.0,2021,2
TBQ04C04,Loaded Units (TEU Twenty-foot Equivalent),20212,2021Q2,1,Inward,IEORK,Cork,TEU Twenty-foot Equivalent,27642.0,2021,2
TBQ04C04,Loaded Units (TEU Twenty-foot Equivalent),20212,2021Q2,2,Outward,IEMIP,All Main Irish Ports,TEU Twenty-foot Equivalent,97413.0,2021,2
TBQ04C04,Loaded Units (TEU Twenty-foot Equivalent),20212,2021Q2,2,Outward,IEDUB,Dublin,TEU Twenty-foot Equivalent,62578.0,2021,2
TBQ04C04,Loaded Units (TEU Twenty-foot Equivalent),20212,2021Q2,2,Outward,IEORK,Cork,TEU Twenty-foot Equivalent,29748.0,2021,2
TBQ04C04,Loaded Units (TEU Twenty-foot Equivalent),20213,2021Q3,-,All directions,IEMIP,All Main Irish Ports,TEU Twenty-foot Equivalent,227576.0,2021,3
TBQ04C04,Loaded Units (TEU Twenty-foot Equivalent),20213,2021Q3,-,All directions,IEDUB,Dublin,TEU Twenty-foot Equivalent,162453.0,2021,3
TBQ04C04,Loaded Units (TEU Twenty-foot Equivalent),20213,2021Q3,-,All directions,IEORK,Cork,TEU Twenty-foot Equivalent,56317.0,2021,3
TBQ04C04,Loaded Units (TEU Twenty-foot Equivalent),20213,2021Q3,1,Inward,IEMIP,All Main Irish Ports,TEU Twenty-foot Equivalent,134161.0,2021,3
TBQ04C04,Loaded Units (TEU Twenty-foot Equivalent),20213,2021Q3,1,Inward,IEDUB,Dublin,TEU Twenty-foot Equivalent,102914.0,2021,3
TBQ04C04,Loaded Units (TEU Twenty-foot Equivalent),20213,2021Q3,1,Inward,IEORK,Cork,TEU Twenty-foot Equivalent,27771.0,2021,3
TBQ04C04,Loaded Units (TEU Twenty-foot Equivalent),20213,2021Q3,2,Outward,IEMIP,All Main Irish Ports,TEU Twenty-foot Equivalent,93416.0,2021,3
TBQ04C04,Loaded Units (TEU Twenty-foot Equivalent),20213,2021Q3,2,Outward,IEDUB,Dublin,TEU Twenty-foot Equivalent,59539.0,2021,3
TBQ04C04,Loaded Units (TEU Twenty-foot Equivalent),20213,2021Q3,2,Outward,IEORK,Cork,TEU Twenty-foot Equivalent,28545.0,2021,3
TBQ04C04,Loaded Units (TEU Twenty-foot Equivalent),20214,2021Q4,-,All directions,IEMIP,All Main Irish Ports,TEU Twenty-foot Equivalent,219453.0,2021,4
TBQ04C04,Loaded Units (TEU Twenty-foot Equivalent),20214,2021Q4,-,All directions,IEDUB,Dublin,TEU Twenty-foot Equivalent,156435.0,2021,4
TBQ04C04,Loaded Units (TEU Twenty-foot Equivalent),20214,2021Q4,-,All directions,IEORK,Cork,TEU Twenty-foot Equivalent,54531.0,2021,4
TBQ04C04,Loaded Units (TEU Twenty-foot Equivalent),20214,2021Q4,1,Inward,IEMIP,All Main Irish Ports,TEU Twenty-foot Equivalent,130722.0,2021,4
TBQ04C04,Loaded Units (TEU Twenty-foot Equivalent),20214,2021Q4,1,Inward,IEDUB,Dublin,TEU Twenty-foot Equivalent,100166.0,2021,4
TBQ04C04,Loaded Units (TEU Twenty-foot Equivalent),20214,2021Q4,1,Inward,IEORK,Cork,TEU Twenty-foot Equivalent,27353.0,2021,4
TBQ04C04,Loaded Units (TEU Twenty-foot Equivalent),20214,2021Q4,2,Outward,IEMIP,All Main Irish Ports,TEU Twenty-foot Equivalent,88731.0,2021,4
TBQ04C04,Loaded Units (TEU Twenty-foot Equivalent),20214,2021Q4,2,Outward,IEDUB,Dublin,TEU Twenty-foot Equivalent,56269.0,2021,4
TBQ04C04,Loaded Units (TEU Twenty-foot Equivalent),20214,2021Q4,2,Outward,IEORK,Cork,TEU Twenty-foot Equivalent,27178.0,2021,4
TBQ04C04,Loaded Units (TEU Twenty-foot Equivalent),20221,2022Q1,-,All directions,IEMIP,All Main Irish Ports,TEU Twenty-foot Equivalent,209680.0,2022,1
TBQ04C04,Loaded Units (TEU Twenty-foot Equivalent),20221,2022Q1,-,All directions,IEDUB,Dublin,TEU Twenty-foot Equivalent,148005.0,2022,1
TBQ04C04,Loaded Units (TEU Twenty-foot Equivalent),20221,2022Q1,-,All directions,IEORK,Cork,TEU Twenty-foot Equivalent,53409.0,2022,1
TBQ04C04,Loaded Units (TEU Twenty-foot Equivalent),20221,2022Q1,1,Inward,IEMIP,All Main Irish Ports,TEU Twenty-foot Equivalent,127824.0,2022,1
TBQ04C04,Loaded Units (TEU Twenty-foot Equivalent),20221,2022Q1,1,Inward,IEDUB,Dublin,TEU Twenty-foot Equivalent,95256.0,2022,1
TBQ04C04,Loaded Units (TEU Twenty-foot Equivalent),20221,2022Q1,1,Inward,IEORK,Cork,TEU Twenty-foot Equivalent,28656.0,2022,1
TBQ04C04,Loaded Units (TEU Twenty-foot Equivalent),20221,2022Q1,2,Outward,IEMIP,All Main Irish Ports,TEU Twenty-foot Equivalent,81856.0,2022,1
TBQ04C04,Loaded Units (TEU Twenty-foot Equivalent),20221,2022Q1,2,Outward,IEDUB,Dublin,TEU Twenty-foot Equivalent,52749.0,2022,1
TBQ04C04,Loaded Units (TEU Twenty-foot Equivalent),20221,2022Q1,2,Outward,IEORK,Cork,TEU Twenty-foot Equivalent,24753.0,2022,1
TBQ04C04,Loaded Units (TEU Twenty-foot Equivalent),20222,2022Q2,-,All directions,IEMIP,All Main Irish Ports,TEU Twenty-foot Equivalent,233790.0,2022,2
TBQ04C04,Loaded Units (TEU Twenty-foot Equivalent),20222,2022Q2,-,All directions,IEDUB,Dublin,TEU Twenty-foot Equivalent,167124.0,2022,2
TBQ04C04,Loaded Units (TEU Twenty-foot Equivalent),20222,2022Q2,-,All directions,IEORK,Cork,TEU Twenty-foot Equivalent,56970.0,2022,2
TBQ04C04,Loaded Units (TEU Twenty-foot Equivalent),20222,2022Q2,1,Inward,IEMIP,All Main Irish Ports,TEU Twenty-foot Equivalent,135986.0,2022,2
TBQ04C04,Loaded Units (TEU Twenty-foot Equivalent),20222,2022Q2,1,Inward,IEDUB,Dublin,TEU Twenty-foot Equivalent,103690.0,2022,2
TBQ04C04,Loaded Units (TEU Twenty-foot Equivalent),20222,2022Q2,1,Inward,IEORK,Cork,TEU Twenty-foot Equivalent,28376.0,2022,2
TBQ04C04,Loaded Units (TEU Twenty-foot Equivalent),20222,2022Q2,2,Outward,IEMIP,All Main Irish Ports,TEU Twenty-foot Equivalent,97805.0,2022,2
TBQ04C04,Loaded Units (TEU Twenty-foot Equivalent),20222,2022Q2,2,Outward,IEDUB,Dublin,TEU Twenty-foot Equivalent,63434.0,2022,2
TBQ04C04,Loaded Units (TEU Twenty-foot Equivalent),20222,2022Q2,2,Outward,IEORK,Cork,TEU Twenty-foot Equivalent,28594.0,2022,2
TBQ04C04,Loaded Units (TEU Twenty-foot Equivalent),20223,2022Q3,-,All directions,IEMIP,All Main Irish Ports,TEU Twenty-foot Equivalent,218337.0,2022,3
TBQ04C04,Loaded Units (TEU Twenty-foot Equivalent),20223,2022Q3,-,All directions,IEDUB,Dublin,TEU Twenty-foot Equivalent,156863.0,2022,3
TBQ04C04,Loaded Units (TEU Twenty-foot Equivalent),20223,2022Q3,-,All directions,IEORK,Cork,TEU Twenty-foot Equivalent,53109.0,2022,3
TBQ04C04,Loaded Units (TEU Twenty-foot Equivalent),20223,2022Q3,1,Inward,IEMIP,All Main Irish Ports,TEU Twenty-foot Equivalent,128244.0,2022,3
TBQ04C04,Loaded Units (TEU Twenty-foot Equivalent),20223,2022Q3,1,Inward,IEDUB,Dublin,TEU Twenty-foot Equivalent,98860.0,2022,3
TBQ04C04,Loaded Units (TEU Twenty-foot Equivalent),20223,2022Q3,1,Inward,IEORK,Cork,TEU Twenty-foot Equivalent,26181.0,2022,3
TBQ04C04,Loaded Units (TEU Twenty-foot Equivalent),20223,2022Q3,2,Outward,IEMIP,All Main Irish Ports,TEU Twenty-foot Equivalent,90094.0,2022,3
TBQ04C04,Loaded Units (TEU Twenty-foot Equivalent),20223,2022Q3,2,Outward,IEDUB,Dublin,TEU Twenty-foot Equivalent,58003.0,2022,3
TBQ04C04,Loaded Units (TEU Twenty-foot Equivalent),20223,2022Q3,2,Outward,IEORK,Cork,TEU Twenty-foot Equivalent,26929.0,2022,3
TBQ04C04,Loaded Units (TEU Twenty-foot Equivalent),20224,2022Q4,-,All directions,IEMIP,All Main Irish Ports,TEU Twenty-foot Equivalent,202210.0,2022,4
TBQ04C04,Loaded Units (TEU Twenty-foot Equivalent),20224,2022Q4,-,All directions,IEDUB,Dublin,TEU Twenty-foot Equivalent,143241.0,2022,4
TBQ04C04,Loaded Units (TEU Twenty-foot Equivalent),20224,2022Q4,-,All directions,IEORK,Cork,TEU Twenty-foot Equivalent,50864.0,2022,4
TBQ04C04,Loaded Units (TEU Twenty-foot Equivalent),20224,2022Q4,1,Inward,IEMIP,All Main Irish Ports,TEU Twenty-foot Equivalent,116076.0,2022,4
TBQ04C04,Loaded Units (TEU Twenty-foot Equivalent),20224,2022Q4,1,Inward,IEDUB,Dublin,TEU Twenty-foot Equivalent,87591.0,2022,4
TBQ04C04,Loaded Units (TEU Twenty-foot Equivalent),20224,2022Q4,1,Inward,IEORK,Cork,TEU Twenty-foot Equivalent,25379.0,2022,4
TBQ04C04,Loaded Units (TEU Twenty-foot Equivalent),20224,2022Q4,2,Outward,IEMIP,All Main Irish Ports,TEU Twenty-foot Equivalent,86135.0,2022,4
TBQ04C04,Loaded Units (TEU Twenty-foot Equivalent),20224,2022Q4,2,Outward,IEDUB,Dublin,TEU Twenty-foot Equivalent,55651.0,2022,4
TBQ04C04,Loaded Units (TEU Twenty-foot Equivalent),20224,2022Q4,2,Outward,IEORK,Cork,TEU Twenty-foot Equivalent,25485.0,2022,4
TBQ04C04,Loaded Units (TEU Twenty-foot Equivalent),20231,2023Q1,-,All directions,IEMIP,All Main Irish Ports,TEU Twenty-foot Equivalent,196639.0,2023,1
TBQ04C04,Loaded Units (TEU Twenty-foot Equivalent),20231,2023Q1,-,All directions,IEDUB,Dublin,TEU Twenty-foot Equivalent,141841.0,2023,1
TBQ04C04,Loaded Units (TEU Twenty-foot Equivalent),20231,2023Q1,-,All directions,IEORK,Cork,TEU Twenty-foot Equivalent,48624.0,2023,1
TBQ04C04,Loaded Units (TEU Twenty-foot Equivalent),20231,2023Q1,1,Inward,IEMIP,All Main Irish Ports,TEU Twenty-foot Equivalent,118466.0,2023,1
TBQ04C04,Loaded Units (TEU Twenty-foot Equivalent),20231,2023Q1,1,Inward,IEDUB,Dublin,TEU Twenty-foot Equivalent,89495.0,2023,1
TBQ04C04,Loaded Units (TEU Twenty-foot Equivalent),20231,2023Q1,1,Inward,IEORK,Cork,TEU Twenty-foot Equivalent,26065.0,2023,1
TBQ04C04,Loaded Units (TEU Twenty-foot Equivalent),20231,2023Q1,2,Outward,IEMIP,All Main Irish Ports,TEU Twenty-foot Equivalent,78173.0,2023,1
TBQ04C04,Loaded Units (TEU Twenty-foot Equivalent),20231,2023Q1,2,Outward,IEDUB,Dublin,TEU Twenty-foot Equivalent,52346.0,2023,1
TBQ04C04,Loaded Units (TEU Twenty-foot Equivalent),20231,2023Q1,2,Outward,IEORK,Cork,TEU Twenty-foot Equivalent,22559.0,2023,1
TBQ04C04,Loaded Units (TEU Twenty-foot Equivalent),20232,2023Q2,-,All directions,IEMIP,All Main Irish Ports,TEU Twenty-foot Equivalent,212497.0,2023,2
TBQ04C04,Loaded Units (TEU Twenty-foot Equivalent),20232,2023Q2,-,All directions,IEDUB,Dublin,TEU Twenty-foot Equivalent,152636.0,2023,2
TBQ04C04,Loaded Units (TEU Twenty-foot Equivalent),20232,2023Q2,-,All directions,IEORK,Cork,TEU Twenty-foot Equivalent,52288.0,2023,2
TBQ04C04,Loaded Units (TEU Twenty-foot Equivalent),20232,2023Q2,1,Inward,IEMIP,All Main Irish Ports,TEU Twenty-foot Equivalent,125510.0,2023,2
TBQ04C04,Loaded Units (TEU Twenty-foot Equivalent),20232,2023Q2,1,Inward,IEDUB,Dublin,TEU Twenty-foot Equivalent,97537.0,2023,2
TBQ04C04,Loaded Units (TEU Twenty-foot Equivalent),20232,2023Q2,1,Inward,IEORK,Cork,TEU Twenty-foot Equivalent,25098.0,2023,2
TBQ04C04,Loaded Units (TEU Twenty-foot Equivalent),20232,2023Q2,2,Outward,IEMIP,All Main Irish Ports,TEU Twenty-foot Equivalent,86987.0,2023,2
TBQ04C04,Loaded Units (TEU Twenty-foot Equivalent),20232,2023Q2,2,Outward,IEDUB,Dublin,TEU Twenty-foot Equivalent,55099.0,2023,2
TBQ04C04,Loaded Units (TEU Twenty-foot Equivalent),20232,2023Q2,2,Outward,IEORK,Cork,TEU Twenty-foot Equivalent,27189.0,2023,2
TBQ04C04,Loaded Units (TEU Twenty-foot Equivalent),20233,2023Q3,-,All directions,IEMIP,All Main Irish Ports,TEU Twenty-foot Equivalent,182116.0,2023,3
TBQ04C04,Loaded Units (TEU Twenty-foot Equivalent),20233,2023Q3,-,All directions,IEDUB,Dublin,TEU Twenty-foot Equivalent,125196.0,2023,3
TBQ04C04,Loaded Units (TEU Twenty-foot Equivalent),20233,2023Q3,-,All directions,IEORK,Cork,TEU Twenty-foot Equivalent,50127.0,2023,3
TBQ04C04,Loaded Units (TEU Twenty-foot Equivalent),20233,2023Q3,1,Inward,IEMIP,All Main Irish Ports,TEU Twenty-foot Equivalent,125160.0,2023,3
TBQ04C04,Loaded Units (TEU Twenty-foot Equivalent),20233,2023Q3,1,Inward,IEDUB,Dublin,TEU Twenty-foot Equivalent,98445.0,2023,3
TBQ04C04,Loaded Units (TEU Twenty-foot Equivalent),20233,2023Q3,1,Inward,IEORK,Cork,TEU Twenty-foot Equivalent,24083.0,2023,3
TBQ04C04,Loaded Units (TEU Twenty-foot Equivalent),20233,2023Q3,2,Outward,IEMIP,All Main Irish Ports,TEU Twenty-foot Equivalent,56956.0,2023,3
TBQ04C04,Loaded Units (TEU Twenty-foot Equivalent),20233,2023Q3,2,Outward,IEDUB,Dublin,TEU Twenty-foot Equivalent,26752.0,2023,3
TBQ04C04,Loaded Units (TEU Twenty-foot Equivalent),20233,2023Q3,2,Outward,IEORK,Cork,TEU Twenty-foot Equivalent,26043.0,2023,3
TBQ04C04,Loaded Units (TEU Twenty-foot Equivalent),20234,2023Q4,-,All directions,IEMIP,All Main Irish Ports,TEU Twenty-foot Equivalent,211010.0,2023,4
TBQ04C04,Loaded Units (TEU Twenty-foot Equivalent),20234,2023Q4,-,All directions,IEDUB,Dublin,TEU Twenty-foot Equivalent,153448.0,2023,4
TBQ04C04,Loaded Units (TEU Twenty-foot Equivalent),20234,2023Q4,-,All directions,IEORK,Cork,TEU Twenty-foot Equivalent,51489.0,2023,4
TBQ04C04,Loaded Units (TEU Twenty-foot Equivalent),20234,2023Q4,1,Inward,IEMIP,All Main Irish Ports,TEU Twenty-foot Equivalent,125283.0,2023,4
TBQ04C04,Loaded Units (TEU Twenty-foot Equivalent),20234,2023Q4,1,Inward,IEDUB,Dublin,TEU Twenty-foot Equivalent,97969.0,2023,4
TBQ04C04,Loaded Units (TEU Twenty-foot Equivalent),20234,2023Q4,1,Inward,IEORK,Cork,TEU Twenty-foot Equivalent,24860.0,2023,4
TBQ04C04,Loaded Units (TEU Twenty-foot Equivalent),20234,2023Q4,2,Outward,IEMIP,All Main Irish Ports,TEU Twenty-foot Equivalent,85727.0,2023,4
TBQ04C04,Loaded Units (TEU Twenty-foot Equivalent),20234,2023Q4,2,Outward,IEDUB,Dublin,TEU Twenty-foot Equivalent,55479.0,2023,4
TBQ04C04,Loaded Units (TEU Twenty-foot Equivalent),20234,2023Q4,2,Outward,IEORK,Cork,TEU Twenty-foot Equivalent,26629.0,2023,4
TBQ04C04,Loaded Units (TEU Twenty-foot Equivalent),20241,2024Q1,-,All directions,IEMIP,All Main Irish Ports,TEU Twenty-foot Equivalent,210502.0,2024,1
TBQ04C04,Loaded Units (TEU Twenty-foot Equivalent),20241,2024Q1,-,All directions,IEDUB,Dublin,TEU Twenty-foot Equivalent,153861.0,2024,1
TBQ04C04,Loaded Units (TEU Twenty-foot Equivalent),20241,2024Q1,-,All directions,IEORK,Cork,TEU Twenty-foot Equivalent,50953.0,2024,1
TBQ04C04,Loaded Units (TEU Twenty-foot Equivalent),20241,2024Q1,1,Inward,IEMIP,All Main Irish Ports,TEU Twenty-foot Equivalent,128293.0,2024,1
TBQ04C04,Loaded Units (TEU Twenty-foot Equivalent),20241,2024Q1,1,Inward,IEDUB,Dublin,TEU Twenty-foot Equivalent,98563.0,2024,1
TBQ04C04,Loaded Units (TEU Twenty-foot Equivalent),20241,2024Q1,1,Inward,IEORK,Cork,TEU Twenty-foot Equivalent,27268.0,2024,1
TBQ04C04,Loaded Units (TEU Twenty-foot Equivalent),20241,2024Q1,2,Outward,IEMIP,All Main Irish Ports,TEU Twenty-foot Equivalent,82209.0,2024,1
TBQ04C04,Loaded Units (TEU Twenty-foot Equivalent),20241,2024Q1,2,Outward,IEDUB,Dublin,TEU Twenty-foot Equivalent,55299.0,2024,1
TBQ04C04,Loaded Units (TEU Twenty-foot Equivalent),20241,2024Q1,2,Outward,IEORK,Cork,TEU Twenty-foot Equivalent,23685.0,2024,1
TBQ04C04,Loaded Units (TEU Twenty-foot Equivalent),20242,2024Q2,-,All directions,IEMIP,All Main Irish Ports,TEU Twenty-foot Equivalent,228595.0,2024,2
TBQ04C04,Loaded Units (TEU Twenty-foot Equivalent),20242,2024Q2,-,All directions,IEDUB,Dublin,TEU Twenty-foot Equivalent,166323.0,2024,2
TBQ04C04,Loaded Units (TEU Twenty-foot Equivalent),20242,2024Q2,-,All directions,IEORK,Cork,TEU Twenty-foot Equivalent,54404.0,2024,2
TBQ04C04,Loaded Units (TEU Twenty-foot Equivalent),20242,2024Q2,1,Inward,IEMIP,All Main Irish Ports,TEU Twenty-foot Equivalent,135743.0,2024,2
TBQ04C04,Loaded Units (TEU Twenty-foot Equivalent),20242,2024Q2,1,Inward,IEDUB,Dublin,TEU Twenty-foot Equivalent,105924.0,2024,2
TBQ04C04,Loaded Units (TEU Twenty-foot Equivalent),20242,2024Q2,1,Inward,IEORK,Cork,TEU Twenty-foot Equivalent,27014.0,2024,2
TBQ04C04,Loaded Units (TEU Twenty-foot Equivalent),20242,2024Q2,2,Outward,IEMIP,All Main Irish Ports,TEU Twenty-foot Equivalent,92852.0,2024,2
TBQ04C04,Loaded Units (TEU Twenty-foot Equivalent),20242,2024Q2,2,Outward,IEDUB,Dublin,TEU Twenty-foot Equivalent,60400.0,2024,2
TBQ04C04,Loaded Units (TEU Twenty-foot Equivalent),20242,2024Q2,2,Outward,IEORK,Cork,TEU Twenty-foot Equivalent,27390.0,2024,2
TBQ04C04,Loaded Units (TEU Twenty-foot Equivalent),20243,2024Q3,-,All directions,IEMIP,All Main Irish Ports,TEU Twenty-foot Equivalent,237547.0,2024,3
TBQ04C04,Loaded Units (TEU Twenty-foot Equivalent),20243,2024Q3,-,All directions,IEDUB,Dublin,TEU Twenty-foot Equivalent,173980.0,2024,3
TBQ04C04,Loaded Units (TEU Twenty-foot Equivalent),20243,2024Q3,-,All directions,IEORK,Cork,TEU Twenty-foot Equivalent,55179.0,2024,3
TBQ04C04,Loaded Units (TEU Twenty-foot Equivalent),20243,2024Q3,1,Inward,IEMIP,All Main Irish Ports,TEU Twenty-foot Equivalent,144562.0,2024,3
TBQ04C04,Loaded Units (TEU Twenty-foot Equivalent),20243,2024Q3,1,Inward,IEDUB,Dublin,TEU Twenty-foot Equivalent,113429.0,2024,3
TBQ04C04,Loaded Units (TEU Twenty-foot Equivalent),20243,2024Q3,1,Inward,IEORK,Cork,TEU Twenty-foot Equivalent,28022.0,2024,3
TBQ04C04,Loaded Units (TEU Twenty-foot Equivalent),20243,2024Q3,2,Outward,IEMIP,All Main Irish Ports,TEU Twenty-foot Equivalent,92985.0,2024,3
TBQ04C04,Loaded Units (TEU Twenty-foot Equivalent),20243,2024Q3,2,Outward,IEDUB,Dublin,TEU Twenty-foot Equivalent,60551.0,2024,3
TBQ04C04,Loaded Units (TEU Twenty-foot Equivalent),20243,2024Q3,2,Outward,IEORK,Cork,TEU Twenty-foot Equivalent,27157.0,2024,3
TBQ04C04,Loaded Units (TEU Twenty-foot Equivalent),20244,2024Q4,-,All directions,IEMIP,All Main Irish Ports,TEU Twenty-foot Equivalent,226891.0,2024,4
TBQ04C04,Loaded Units (TEU Twenty-foot Equivalent),20244,2024Q4,-,All directions,IEDUB,Dublin,TEU Twenty-foot Equivalent,165231.0,2024,4
TBQ04C04,Loaded Units (TEU Twenty-foot Equivalent),20244,2024Q4,-,All directions,IEORK,Cork,TEU Twenty-foot Equivalent,53776.0,2024,4
TBQ04C04,Loaded Units (TEU Twenty-foot Equivalent),20244,2024Q4,1,Inward,IEMIP,All Main Irish Ports,TEU Twenty-foot Equivalent,137963.0,2024,4
TBQ04C04,Loaded Units (TEU Twenty-foot Equivalent),20244,2024Q4,1,Inward,IEDUB,Dublin,TEU Twenty-foot Equivalent,108676.0,2024,4
TBQ04C04,Loaded Units (TEU Twenty-foot Equivalent),20244,2024Q4,1,Inward,IEORK,Cork,TEU Twenty-foot Equivalent,26568.0,2024,4
TBQ04C04,Loaded Units (TEU Twenty-foot Equivalent),20244,2024Q4,2,Outward,IEMIP,All Main Irish Ports,TEU Twenty-foot Equivalent,88928.0,2024,4
TBQ04C04,Loaded Units (TEU Twenty-foot Equivalent),20244,2024Q4,2,Outward,IEDUB,Dublin,TEU Twenty-foot Equivalent,56556.0,2024,4
TBQ04C04,Loaded Units (TEU Twenty-foot Equivalent),20244,2024Q4,2,Outward,IEORK,Cork,TEU Twenty-foot Equivalent,27208.0,2024,4
TBQ04C04,Loaded Units (TEU Twenty-foot Equivalent),20251,2025Q1,-,All directions,IEMIP,All Main Irish Ports,TEU Twenty-foot Equivalent,224757.0,2025,1
TBQ04C04,Loaded Units (TEU Twenty-foot Equivalent),20251,2025Q1,-,All directions,IEDUB,Dublin,TEU Twenty-foot Equivalent,163827.0,2025,1
TBQ04C04,Loaded Units (TEU Twenty-foot Equivalent),20251,2025Q1,-,All directions,IEORK,Cork,TEU Twenty-foot Equivalent,53405.0,2025,1
TBQ04C04,Loaded Units (TEU Twenty-foot Equivalent),20251,2025Q1,1,Inward,IEMIP,All Main Irish Ports,TEU Twenty-foot Equivalent,138497.0,2025,1
TBQ04C04,Loaded Units (TEU Twenty-foot Equivalent),20251,2025Q1,1,Inward,IEDUB,Dublin,TEU Twenty-foot Equivalent,108097.0,2025,1
TBQ04C04,Loaded Units (TEU Twenty-foot Equivalent),20251,2025Q1,1,Inward,IEORK,Cork,TEU Twenty-foot Equivalent,27693.0,2025,1
TBQ04C04,Loaded Units (TEU Twenty-foot Equivalent),20251,2025Q1,2,Outward,IEMIP,All Main Irish Ports,TEU Twenty-foot Equivalent,86260.0,2025,1
TBQ04C04,Loaded Units (TEU Twenty-foot Equivalent),20251,2025Q1,2,Outward,IEDUB,Dublin,TEU Twenty-foot Equivalent,55730.0,2025,1
TBQ04C04,Loaded Units (TEU Twenty-foot Equivalent),20251,2025Q1,2,Outward,IEORK,Cork,TEU Twenty-foot Equivalent,25713.0,2025,1
TBQ04C04,Loaded Units (TEU Twenty-foot Equivalent),20252,2025Q2,-,All directions,IEMIP,All Main Irish Ports,TEU Twenty-foot Equivalent,247969.0,2025,2
TBQ04C04,Loaded Units (TEU Twenty-foot Equivalent),20252,2025Q2,-,All directions,IEDUB,Dublin,TEU Twenty-foot Equivalent,182454.0,2025,2
TBQ04C04,Loaded Units (TEU Twenty-foot Equivalent),20252,2025Q2,-,All directions,IEORK,Cork,TEU Twenty-foot Equivalent,56653.0,2025,2
TBQ04C04,Loaded Units (TEU Twenty-foot Equivalent),20252,2025Q2,1,Inward,IEMIP,All Main Irish Ports,TEU Twenty-foot Equivalent,149690.0,2025,2
TBQ04C04,Loaded Units (TEU Twenty-foot Equivalent),20252,2025Q2,1,Inward,IEDUB,Dublin,TEU Twenty-foot Equivalent,118404.0,2025,2
TBQ04C04,Loaded Units (TEU Twenty-foot Equivalent),20252,2025Q2,1,Inward,IEORK,Cork,TEU Twenty-foot Equivalent,28329.0,2025,2
TBQ04C04,Loaded Units (TEU Twenty-foot Equivalent),20252,2025Q2,2,Outward,IEMIP,All Main Irish Ports,TEU Twenty-foot Equivalent,98280.0,2025,2
TBQ04C04,Loaded Units (TEU Twenty-foot Equivalent),20252,2025Q2,2,Outward,IEDUB,Dublin,TEU Twenty-foot Equivalent,64050.0,2025,2
TBQ04C04,Loaded Units (TEU Twenty-foot Equivalent),20252,2025Q2,2,Outward,IEORK,Cork,TEU Twenty-foot Equivalent,28323.0,2025,2
TBQ04C04,Loaded Units (TEU Twenty-foot Equivalent),20253,2025Q3,-,All directions,IEMIP,All Main Irish Ports,TEU Twenty-foot Equivalent,245725.0,2025,3
TBQ04C04,Loaded Units (TEU Twenty-foot Equivalent),20253,2025Q3,-,All directions,IEDUB,Dublin,TEU Twenty-foot Equivalent,180193.0,2025,3
TBQ04C04,Loaded Units (TEU Twenty-foot Equivalent),20253,2025Q3,-,All directions,IEORK,Cork,TEU Twenty-foot Equivalent,56909.0,2025,3
TBQ04C04,Loaded Units (TEU Twenty-foot Equivalent),20253,2025Q3,1,Inward,IEMIP,All Main Irish Ports,TEU Twenty-foot Equivalent,147891.0,2025,3
TBQ04C04,Loaded Units (TEU Twenty-foot Equivalent),20253,2025Q3,1,Inward,IEDUB,Dublin,TEU Twenty-foot Equivalent,117710.0,2025,3
TBQ04C04,Loaded Units (TEU Twenty-foot Equivalent),20253,2025Q3,1,Inward,IEORK,Cork,TEU Twenty-foot Equivalent,27150.0,2025,3
TBQ04C04,Loaded Units (TEU Twenty-foot Equivalent),20253,2025Q3,2,Outward,IEMIP,All Main Irish Ports,TEU Twenty-foot Equivalent,97834.0,2025,3
TBQ04C04,Loaded Units (TEU Twenty-foot Equivalent),20253,2025Q3,2,Outward,IEDUB,Dublin,TEU Twenty-foot Equivalent,62483.0,2025,3
TBQ04C04,Loaded Units (TEU Twenty-foot Equivalent),20253,2025Q3,2,Outward,IEORK,Cork,TEU Twenty-foot Equivalent,29759.0,2025,3
TBQ04C04,Loaded Units (TEU Twenty-foot Equivalent),20254,2025Q4,-,All directions,IEMIP,All Main Irish Ports,TEU Twenty-foot Equivalent,245654.0,2025,4
TBQ04C04,Loaded Units (TEU Twenty-foot Equivalent),20254,2025Q4,-,All directions,IEDUB,Dublin,TEU Twenty-foot Equivalent,181532.0,2025,4
TBQ04C04,Loaded Units (TEU Twenty-foot Equivalent),20254,2025Q4,-,All directions,IEORK,Cork,TEU Twenty-foot Equivalent,56677.0,2025,4
TBQ04C04,Loaded Units (TEU Twenty-foot Equivalent),20254,2025Q4,1,Inward,IEMIP,All Main Irish Ports,TEU Twenty-foot Equivalent,147235.0,2025,4
TBQ04C04,Loaded Units (TEU Twenty-foot Equivalent),20254,2025Q4,1,Inward,IEDUB,Dublin,TEU Twenty-foot Equivalent,116756.0,2025,4
TBQ04C04,Loaded Units (TEU Twenty-foot Equivalent),20254,2025Q4,1,Inward,IEORK,Cork,TEU Twenty-foot Equivalent,27471.0,2025,4
TBQ04C04,Loaded Units (TEU Twenty-foot Equivalent),20254,2025Q4,2,Outward,IEMIP,All Main Irish Ports,TEU Twenty-foot Equivalent,98419.0,2025,4
TBQ04C04,Loaded Units (TEU Twenty-foot Equivalent),20254,2025Q4,2,Outward,IEDUB,Dublin,TEU Twenty-foot Equivalent,64776.0,2025,4
TBQ04C04,Loaded Units (TEU Twenty-foot Equivalent),20254,2025Q4,2,Outward,IEORK,Cork,TEU Twenty-foot Equivalent,29206.0,2025,4
TBQ04C04,Loaded Units (TEU Twenty-foot Equivalent),20261,2026Q1,-,All directions,IEMIP,All Main Irish Ports,TEU Twenty-foot Equivalent,228577.0,2026,1
TBQ04C04,Loaded Units (TEU Twenty-foot Equivalent),20261,2026Q1,-,All directions,IEDUB,Dublin,TEU Twenty-foot Equivalent,171059.0,2026,1
TBQ04C04,Loaded Units (TEU Twenty-foot Equivalent),20261,2026Q1,-,All directions,IEORK,Cork,TEU Twenty-foot Equivalent,51251.0,2026,1
TBQ04C04,Loaded Units (TEU Twenty-foot Equivalent),20261,2026Q1,1,Inward,IEMIP,All Main Irish Ports,TEU Twenty-foot Equivalent,141819.0,2026,1
TBQ04C04,Loaded Units (TEU Twenty-foot Equivalent),20261,2026Q1,1,Inward,IEDUB,Dublin,TEU Twenty-foot Equivalent,112032.0,2026,1
TBQ04C04,Loaded Units (TEU Twenty-foot Equivalent),20261,2026Q1,1,Inward,IEORK,Cork,TEU Twenty-foot Equivalent,27289.0,2026,1
TBQ04C04,Loaded Units (TEU Twenty-foot Equivalent),20261,2026Q1,2,Outward,IEMIP,All Main Irish Ports,TEU Twenty-foot Equivalent,86758.0,2026,1
TBQ04C04,Loaded Units (TEU Twenty-foot Equivalent),20261,2026Q1,2,Outward,IEDUB,Dublin,TEU Twenty-foot Equivalent,59027.0,2026,1
TBQ04C04,Loaded Units (TEU Twenty-foot Equivalent),20261,2026Q1,2,Outward,IEORK,Cork,TEU Twenty-foot Equivalent,23963.0,2026,1
TBQ04C05,Loaded Units (000 Tonnes),20171,2017Q1,-,All directions,IEMIP,All Main Irish Ports,000 Tonnes,1775.0,2017,1
TBQ04C05,Loaded Units (000 Tonnes),20171,2017Q1,-,All directions,IEDUB,Dublin,000 Tonnes,1280.0,2017,1
TBQ04C05,Loaded Units (000 Tonnes),20171,2017Q1,-,All directions,IEORK,Cork,000 Tonnes,427.0,2017,1
TBQ04C05,Loaded Units (000 Tonnes),20171,2017Q1,1,Inward,IEMIP,All Main Irish Ports,000 Tonnes,965.0,2017,1
TBQ04C05,Loaded Units (000 Tonnes),20171,2017Q1,1,Inward,IEDUB,Dublin,000 Tonnes,719.0,2017,1
TBQ04C05,Loaded Units (000 Tonnes),20171,2017Q1,1,Inward,IEORK,Cork,000 Tonnes,213.0,2017,1
TBQ04C05,Loaded Units (000 Tonnes),20171,2017Q1,2,Outward,IEMIP,All Main Irish Ports,000 Tonnes,810.0,2017,1
TBQ04C05,Loaded Units (000 Tonnes),20171,2017Q1,2,Outward,IEDUB,Dublin,000 Tonnes,561.0,2017,1
TBQ04C05,Loaded Units (000 Tonnes),20171,2017Q1,2,Outward,IEORK,Cork,000 Tonnes,214.0,2017,1
TBQ04C05,Loaded Units (000 Tonnes),20172,2017Q2,-,All directions,IEMIP,All Main Irish Ports,000 Tonnes,1887.0,2017,2
TBQ04C05,Loaded Units (000 Tonnes),20172,2017Q2,-,All directions,IEDUB,Dublin,000 Tonnes,1372.0,2017,2
TBQ04C05,Loaded Units (000 Tonnes),20172,2017Q2,-,All directions,IEORK,Cork,000 Tonnes,438.0,2017,2
TBQ04C05,Loaded Units (000 Tonnes),20172,2017Q2,1,Inward,IEMIP,All Main Irish Ports,000 Tonnes,1019.0,2017,2
TBQ04C05,Loaded Units (000 Tonnes),20172,2017Q2,1,Inward,IEDUB,Dublin,000 Tonnes,783.0,2017,2
TBQ04C05,Loaded Units (000 Tonnes),20172,2017Q2,1,Inward,IEORK,Cork,000 Tonnes,203.0,2017,2
TBQ04C05,Loaded Units (000 Tonnes),20172,2017Q2,2,Outward,IEMIP,All Main Irish Ports,000 Tonnes,868.0,2017,2
TBQ04C05,Loaded Units (000 Tonnes),20172,2017Q2,2,Outward,IEDUB,Dublin,000 Tonnes,590.0,2017,2
TBQ04C05,Loaded Units (000 Tonnes),20172,2017Q2,2,Outward,IEORK,Cork,000 Tonnes,236.0,2017,2
TBQ04C05,Loaded Units (000 Tonnes),20173,2017Q3,-,All directions,IEMIP,All Main Irish Ports,000 Tonnes,1872.0,2017,3
TBQ04C05,Loaded Units (000 Tonnes),20173,2017Q3,-,All directions,IEDUB,Dublin,000 Tonnes,1357.0,2017,3
TBQ04C05,Loaded Units (000 Tonnes),20173,2017Q3,-,All directions,IEORK,Cork,000 Tonnes,435.0,2017,3
TBQ04C05,Loaded Units (000 Tonnes),20173,2017Q3,1,Inward,IEMIP,All Main Irish Ports,000 Tonnes,1011.0,2017,3
TBQ04C05,Loaded Units (000 Tonnes),20173,2017Q3,1,Inward,IEDUB,Dublin,000 Tonnes,771.0,2017,3
TBQ04C05,Loaded Units (000 Tonnes),20173,2017Q3,1,Inward,IEORK,Cork,000 Tonnes,205.0,2017,3
TBQ04C05,Loaded Units (000 Tonnes),20173,2017Q3,2,Outward,IEMIP,All Main Irish Ports,000 Tonnes,860.0,2017,3
TBQ04C05,Loaded Units (000 Tonnes),20173,2017Q3,2,Outward,IEDUB,Dublin,000 Tonnes,587.0,2017,3
TBQ04C05,Loaded Units (000 Tonnes),20173,2017Q3,2,Outward,IEORK,Cork,000 Tonnes,230.0,2017,3
TBQ04C05,Loaded Units (000 Tonnes),20174,2017Q4,-,All directions,IEMIP,All Main Irish Ports,000 Tonnes,1813.0,2017,4
TBQ04C05,Loaded Units (000 Tonnes),20174,2017Q4,-,All directions,IEDUB,Dublin,000 Tonnes,1322.0,2017,4
TBQ04C05,Loaded Units (000 Tonnes),20174,2017Q4,-,All directions,IEORK,Cork,000 Tonnes,424.0,2017,4
TBQ04C05,Loaded Units (000 Tonnes),20174,2017Q4,1,Inward,IEMIP,All Main Irish Ports,000 Tonnes,959.0,2017,4
TBQ04C05,Loaded Units (000 Tonnes),20174,2017Q4,1,Inward,IEDUB,Dublin,000 Tonnes,734.0,2017,4
TBQ04C05,Loaded Units (000 Tonnes),20174,2017Q4,1,Inward,IEORK,Cork,000 Tonnes,192.0,2017,4
TBQ04C05,Loaded Units (000 Tonnes),20174,2017Q4,2,Outward,IEMIP,All Main Irish Ports,000 Tonnes,853.0,2017,4
TBQ04C05,Loaded Units (000 Tonnes),20174,2017Q4,2,Outward,IEDUB,Dublin,000 Tonnes,588.0,2017,4
TBQ04C05,Loaded Units (000 Tonnes),20174,2017Q4,2,Outward,IEORK,Cork,000 Tonnes,232.0,2017,4
TBQ04C05,Loaded Units (000 Tonnes),20181,2018Q1,-,All directions,IEMIP,All Main Irish Ports,000 Tonnes,1838.0,2018,1
TBQ04C05,Loaded Units (000 Tonnes),20181,2018Q1,-,All directions,IEDUB,Dublin,000 Tonnes,1348.0,2018,1
TBQ04C05,Loaded Units (000 Tonnes),20181,2018Q1,-,All directions,IEORK,Cork,000 Tonnes,423.0,2018,1
TBQ04C05,Loaded Units (000 Tonnes),20181,2018Q1,1,Inward,IEMIP,All Main Irish Ports,000 Tonnes,994.0,2018,1
TBQ04C05,Loaded Units (000 Tonnes),20181,2018Q1,1,Inward,IEDUB,Dublin,000 Tonnes,754.0,2018,1
TBQ04C05,Loaded Units (000 Tonnes),20181,2018Q1,1,Inward,IEORK,Cork,000 Tonnes,204.0,2018,1
TBQ04C05,Loaded Units (000 Tonnes),20181,2018Q1,2,Outward,IEMIP,All Main Irish Ports,000 Tonnes,844.0,2018,1
TBQ04C05,Loaded Units (000 Tonnes),20181,2018Q1,2,Outward,IEDUB,Dublin,000 Tonnes,594.0,2018,1
TBQ04C05,Loaded Units (000 Tonnes),20181,2018Q1,2,Outward,IEORK,Cork,000 Tonnes,219.0,2018,1
TBQ04C05,Loaded Units (000 Tonnes),20182,2018Q2,-,All directions,IEMIP,All Main Irish Ports,000 Tonnes,1949.0,2018,2
TBQ04C05,Loaded Units (000 Tonnes),20182,2018Q2,-,All directions,IEDUB,Dublin,000 Tonnes,1399.0,2018,2
TBQ04C05,Loaded Units (000 Tonnes),20182,2018Q2,-,All directions,IEORK,Cork,000 Tonnes,469.0,2018,2
TBQ04C05,Loaded Units (000 Tonnes),20182,2018Q2,1,Inward,IEMIP,All Main Irish Ports,000 Tonnes,1030.0,2018,2
TBQ04C05,Loaded Units (000 Tonnes),20182,2018Q2,1,Inward,IEDUB,Dublin,000 Tonnes,780.0,2018,2
TBQ04C05,Loaded Units (000 Tonnes),20182,2018Q2,1,Inward,IEORK,Cork,000 Tonnes,214.0,2018,2
TBQ04C05,Loaded Units (000 Tonnes),20182,2018Q2,2,Outward,IEMIP,All Main Irish Ports,000 Tonnes,920.0,2018,2
TBQ04C05,Loaded Units (000 Tonnes),20182,2018Q2,2,Outward,IEDUB,Dublin,000 Tonnes,619.0,2018,2
TBQ04C05,Loaded Units (000 Tonnes),20182,2018Q2,2,Outward,IEORK,Cork,000 Tonnes,256.0,2018,2
TBQ04C05,Loaded Units (000 Tonnes),20183,2018Q3,-,All directions,IEMIP,All Main Irish Ports,000 Tonnes,1942.0,2018,3
TBQ04C05,Loaded Units (000 Tonnes),20183,2018Q3,-,All directions,IEDUB,Dublin,000 Tonnes,1428.0,2018,3
TBQ04C05,Loaded Units (000 Tonnes),20183,2018Q3,-,All directions,IEORK,Cork,000 Tonnes,442.0,2018,3
TBQ04C05,Loaded Units (000 Tonnes),20183,2018Q3,1,Inward,IEMIP,All Main Irish Ports,000 Tonnes,1080.0,2018,3
TBQ04C05,Loaded Units (000 Tonnes),20183,2018Q3,1,Inward,IEDUB,Dublin,000 Tonnes,840.0,2018,3
TBQ04C05,Loaded Units (000 Tonnes),20183,2018Q3,1,Inward,IEORK,Cork,000 Tonnes,206.0,2018,3
TBQ04C05,Loaded Units (000 Tonnes),20183,2018Q3,2,Outward,IEMIP,All Main Irish Ports,000 Tonnes,863.0,2018,3
TBQ04C05,Loaded Units (000 Tonnes),20183,2018Q3,2,Outward,IEDUB,Dublin,000 Tonnes,587.0,2018,3
TBQ04C05,Loaded Units (000 Tonnes),20183,2018Q3,2,Outward,IEORK,Cork,000 Tonnes,235.0,2018,3
TBQ04C05,Loaded Units (000 Tonnes),20184,2018Q4,-,All directions,IEMIP,All Main Irish Ports,000 Tonnes,1899.0,2018,4
TBQ04C05,Loaded Units (000 Tonnes),20184,2018Q4,-,All directions,IEDUB,Dublin,000 Tonnes,1357.0,2018,4
TBQ04C05,Loaded Units (000 Tonnes),20184,2018Q4,-,All directions,IEORK,Cork,000 Tonnes,468.0,2018,4
TBQ04C05,Loaded Units (000 Tonnes),20184,2018Q4,1,Inward,IEMIP,All Main Irish Ports,000 Tonnes,1035.0,2018,4
TBQ04C05,Loaded Units (000 Tonnes),20184,2018Q4,1,Inward,IEDUB,Dublin,000 Tonnes,779.0,2018,4
TBQ04C05,Loaded Units (000 Tonnes),20184,2018Q4,1,Inward,IEORK,Cork,000 Tonnes,224.0,2018,4
TBQ04C05,Loaded Units (000 Tonnes),20184,2018Q4,2,Outward,IEMIP,All Main Irish Ports,000 Tonnes,864.0,2018,4
TBQ04C05,Loaded Units (000 Tonnes),20184,2018Q4,2,Outward,IEDUB,Dublin,000 Tonnes,579.0,2018,4
TBQ04C05,Loaded Units (000 Tonnes),20184,2018Q4,2,Outward,IEORK,Cork,000 Tonnes,244.0,2018,4
TBQ04C05,Loaded Units (000 Tonnes),20191,2019Q1,-,All directions,IEMIP,All Main Irish Ports,000 Tonnes,1977.0,2019,1
TBQ04C05,Loaded Units (000 Tonnes),20191,2019Q1,-,All directions,IEDUB,Dublin,000 Tonnes,1453.0,2019,1
TBQ04C05,Loaded Units (000 Tonnes),20191,2019Q1,-,All directions,IEORK,Cork,000 Tonnes,451.0,2019,1
TBQ04C05,Loaded Units (000 Tonnes),20191,2019Q1,1,Inward,IEMIP,All Main Irish Ports,000 Tonnes,1089.0,2019,1
TBQ04C05,Loaded Units (000 Tonnes),20191,2019Q1,1,Inward,IEDUB,Dublin,000 Tonnes,836.0,2019,1
TBQ04C05,Loaded Units (000 Tonnes),20191,2019Q1,1,Inward,IEORK,Cork,000 Tonnes,218.0,2019,1
TBQ04C05,Loaded Units (000 Tonnes),20191,2019Q1,2,Outward,IEMIP,All Main Irish Ports,000 Tonnes,888.0,2019,1
TBQ04C05,Loaded Units (000 Tonnes),20191,2019Q1,2,Outward,IEDUB,Dublin,000 Tonnes,617.0,2019,1
TBQ04C05,Loaded Units (000 Tonnes),20191,2019Q1,2,Outward,IEORK,Cork,000 Tonnes,233.0,2019,1
TBQ04C05,Loaded Units (000 Tonnes),20192,2019Q2,-,All directions,IEMIP,All Main Irish Ports,000 Tonnes,2097.0,2019,2
TBQ04C05,Loaded Units (000 Tonnes),20192,2019Q2,-,All directions,IEDUB,Dublin,000 Tonnes,1525.0,2019,2
TBQ04C05,Loaded Units (000 Tonnes),20192,2019Q2,-,All directions,IEORK,Cork,000 Tonnes,491.0,2019,2
TBQ04C05,Loaded Units (000 Tonnes),20192,2019Q2,1,Inward,IEMIP,All Main Irish Ports,000 Tonnes,1123.0,2019,2
TBQ04C05,Loaded Units (000 Tonnes),20192,2019Q2,1,Inward,IEDUB,Dublin,000 Tonnes,862.0,2019,2
TBQ04C05,Loaded Units (000 Tonnes),20192,2019Q2,1,Inward,IEORK,Cork,000 Tonnes,228.0,2019,2
TBQ04C05,Loaded Units (000 Tonnes),20192,2019Q2,2,Outward,IEMIP,All Main Irish Ports,000 Tonnes,973.0,2019,2
TBQ04C05,Loaded Units (000 Tonnes),20192,2019Q2,2,Outward,IEDUB,Dublin,000 Tonnes,663.0,2019,2
TBQ04C05,Loaded Units (000 Tonnes),20192,2019Q2,2,Outward,IEORK,Cork,000 Tonnes,263.0,2019,2
TBQ04C05,Loaded Units (000 Tonnes),20193,2019Q3,-,All directions,IEMIP,All Main Irish Ports,000 Tonnes,1978.0,2019,3
TBQ04C05,Loaded Units (000 Tonnes),20193,2019Q3,-,All directions,IEDUB,Dublin,000 Tonnes,1425.0,2019,3
TBQ04C05,Loaded Units (000 Tonnes),20193,2019Q3,-,All directions,IEORK,Cork,000 Tonnes,473.0,2019,3
TBQ04C05,Loaded Units (000 Tonnes),20193,2019Q3,1,Inward,IEMIP,All Main Irish Ports,000 Tonnes,1071.0,2019,3
TBQ04C05,Loaded Units (000 Tonnes),20193,2019Q3,1,Inward,IEDUB,Dublin,000 Tonnes,830.0,2019,3
TBQ04C05,Loaded Units (000 Tonnes),20193,2019Q3,1,Inward,IEORK,Cork,000 Tonnes,209.0,2019,3
TBQ04C05,Loaded Units (000 Tonnes),20193,2019Q3,2,Outward,IEMIP,All Main Irish Ports,000 Tonnes,908.0,2019,3
TBQ04C05,Loaded Units (000 Tonnes),20193,2019Q3,2,Outward,IEDUB,Dublin,000 Tonnes,594.0,2019,3
TBQ04C05,Loaded Units (000 Tonnes),20193,2019Q3,2,Outward,IEORK,Cork,000 Tonnes,265.0,2019,3
TBQ04C05,Loaded Units (000 Tonnes),20194,2019Q4,-,All directions,IEMIP,All Main Irish Ports,000 Tonnes,1957.0,2019,4
TBQ04C05,Loaded Units (000 Tonnes),20194,2019Q4,-,All directions,IEDUB,Dublin,000 Tonnes,1400.0,2019,4
TBQ04C05,Loaded Units (000 Tonnes),20194,2019Q4,-,All directions,IEORK,Cork,000 Tonnes,474.0,2019,4
TBQ04C05,Loaded Units (000 Tonnes),20194,2019Q4,1,Inward,IEMIP,All Main Irish Ports,000 Tonnes,1034.0,2019,4
TBQ04C05,Loaded Units (000 Tonnes),20194,2019Q4,1,Inward,IEDUB,Dublin,000 Tonnes,784.0,2019,4
TBQ04C05,Loaded Units (000 Tonnes),20194,2019Q4,1,Inward,IEORK,Cork,000 Tonnes,216.0,2019,4
TBQ04C05,Loaded Units (000 Tonnes),20194,2019Q4,2,Outward,IEMIP,All Main Irish Ports,000 Tonnes,924.0,2019,4
TBQ04C05,Loaded Units (000 Tonnes),20194,2019Q4,2,Outward,IEDUB,Dublin,000 Tonnes,616.0,2019,4
TBQ04C05,Loaded Units (000 Tonnes),20194,2019Q4,2,Outward,IEORK,Cork,000 Tonnes,258.0,2019,4
TBQ04C05,Loaded Units (000 Tonnes),20201,2020Q1,-,All directions,IEMIP,All Main Irish Ports,000 Tonnes,1929.0,2020,1
TBQ04C05,Loaded Units (000 Tonnes),20201,2020Q1,-,All directions,IEDUB,Dublin,000 Tonnes,1402.0,2020,1
TBQ04C05,Loaded Units (000 Tonnes),20201,2020Q1,-,All directions,IEORK,Cork,000 Tonnes,435.0,2020,1
TBQ04C05,Loaded Units (000 Tonnes),20201,2020Q1,1,Inward,IEMIP,All Main Irish Ports,000 Tonnes,1060.0,2020,1
TBQ04C05,Loaded Units (000 Tonnes),20201,2020Q1,1,Inward,IEDUB,Dublin,000 Tonnes,807.0,2020,1
TBQ04C05,Loaded Units (000 Tonnes),20201,2020Q1,1,Inward,IEORK,Cork,000 Tonnes,209.0,2020,1
TBQ04C05,Loaded Units (000 Tonnes),20201,2020Q1,2,Outward,IEMIP,All Main Irish Ports,000 Tonnes,869.0,2020,1
TBQ04C05,Loaded Units (000 Tonnes),20201,2020Q1,2,Outward,IEDUB,Dublin,000 Tonnes,595.0,2020,1
TBQ04C05,Loaded Units (000 Tonnes),20201,2020Q1,2,Outward,IEORK,Cork,000 Tonnes,226.0,2020,1
TBQ04C05,Loaded Units (000 Tonnes),20202,2020Q2,-,All directions,IEMIP,All Main Irish Ports,000 Tonnes,1946.0,2020,2
TBQ04C05,Loaded Units (000 Tonnes),20202,2020Q2,-,All directions,IEDUB,Dublin,000 Tonnes,1345.0,2020,2
TBQ04C05,Loaded Units (000 Tonnes),20202,2020Q2,-,All directions,IEORK,Cork,000 Tonnes,515.0,2020,2
TBQ04C05,Loaded Units (000 Tonnes),20202,2020Q2,1,Inward,IEMIP,All Main Irish Ports,000 Tonnes,1021.0,2020,2
TBQ04C05,Loaded Units (000 Tonnes),20202,2020Q2,1,Inward,IEDUB,Dublin,000 Tonnes,741.0,2020,2
TBQ04C05,Loaded Units (000 Tonnes),20202,2020Q2,1,Inward,IEORK,Cork,000 Tonnes,239.0,2020,2
TBQ04C05,Loaded Units (000 Tonnes),20202,2020Q2,2,Outward,IEMIP,All Main Irish Ports,000 Tonnes,925.0,2020,2
TBQ04C05,Loaded Units (000 Tonnes),20202,2020Q2,2,Outward,IEDUB,Dublin,000 Tonnes,604.0,2020,2
TBQ04C05,Loaded Units (000 Tonnes),20202,2020Q2,2,Outward,IEORK,Cork,000 Tonnes,276.0,2020,2
TBQ04C05,Loaded Units (000 Tonnes),20203,2020Q3,-,All directions,IEMIP,All Main Irish Ports,000 Tonnes,2078.0,2020,3
TBQ04C05,Loaded Units (000 Tonnes),20203,2020Q3,-,All directions,IEDUB,Dublin,000 Tonnes,1471.0,2020,3
TBQ04C05,Loaded Units (000 Tonnes),20203,2020Q3,-,All directions,IEORK,Cork,000 Tonnes,506.0,2020,3
TBQ04C05,Loaded Units (000 Tonnes),20203,2020Q3,1,Inward,IEMIP,All Main Irish Ports,000 Tonnes,1136.0,2020,3
TBQ04C05,Loaded Units (000 Tonnes),20203,2020Q3,1,Inward,IEDUB,Dublin,000 Tonnes,862.0,2020,3
TBQ04C05,Loaded Units (000 Tonnes),20203,2020Q3,1,Inward,IEORK,Cork,000 Tonnes,229.0,2020,3
TBQ04C05,Loaded Units (000 Tonnes),20203,2020Q3,2,Outward,IEMIP,All Main Irish Ports,000 Tonnes,943.0,2020,3
TBQ04C05,Loaded Units (000 Tonnes),20203,2020Q3,2,Outward,IEDUB,Dublin,000 Tonnes,609.0,2020,3
TBQ04C05,Loaded Units (000 Tonnes),20203,2020Q3,2,Outward,IEORK,Cork,000 Tonnes,278.0,2020,3
TBQ04C05,Loaded Units (000 Tonnes),20204,2020Q4,-,All directions,IEMIP,All Main Irish Ports,000 Tonnes,2031.0,2020,4
TBQ04C05,Loaded Units (000 Tonnes),20204,2020Q4,-,All directions,IEDUB,Dublin,000 Tonnes,1438.0,2020,4
TBQ04C05,Loaded Units (000 Tonnes),20204,2020Q4,-,All directions,IEORK,Cork,000 Tonnes,517.0,2020,4
TBQ04C05,Loaded Units (000 Tonnes),20204,2020Q4,1,Inward,IEMIP,All Main Irish Ports,000 Tonnes,1118.0,2020,4
TBQ04C05,Loaded Units (000 Tonnes),20204,2020Q4,1,Inward,IEDUB,Dublin,000 Tonnes,842.0,2020,4
TBQ04C05,Loaded Units (000 Tonnes),20204,2020Q4,1,Inward,IEORK,Cork,000 Tonnes,242.0,2020,4
TBQ04C05,Loaded Units (000 Tonnes),20204,2020Q4,2,Outward,IEMIP,All Main Irish Ports,000 Tonnes,913.0,2020,4
TBQ04C05,Loaded Units (000 Tonnes),20204,2020Q4,2,Outward,IEDUB,Dublin,000 Tonnes,595.0,2020,4
TBQ04C05,Loaded Units (000 Tonnes),20204,2020Q4,2,Outward,IEORK,Cork,000 Tonnes,275.0,2020,4
TBQ04C05,Loaded Units (000 Tonnes),20211,2021Q1,-,All directions,IEMIP,All Main Irish Ports,000 Tonnes,2123.0,2021,1
TBQ04C05,Loaded Units (000 Tonnes),20211,2021Q1,-,All directions,IEDUB,Dublin,000 Tonnes,1548.0,2021,1
TBQ04C05,Loaded Units (000 Tonnes),20211,2021Q1,-,All directions,IEORK,Cork,000 Tonnes,489.0,2021,1
TBQ04C05,Loaded Units (000 Tonnes),20211,2021Q1,1,Inward,IEMIP,All Main Irish Ports,000 Tonnes,1188.0,2021,1
TBQ04C05,Loaded Units (000 Tonnes),20211,2021Q1,1,Inward,IEDUB,Dublin,000 Tonnes,900.0,2021,1
TBQ04C05,Loaded Units (000 Tonnes),20211,2021Q1,1,Inward,IEORK,Cork,000 Tonnes,248.0,2021,1
TBQ04C05,Loaded Units (000 Tonnes),20211,2021Q1,2,Outward,IEMIP,All Main Irish Ports,000 Tonnes,935.0,2021,1
TBQ04C05,Loaded Units (000 Tonnes),20211,2021Q1,2,Outward,IEDUB,Dublin,000 Tonnes,648.0,2021,1
TBQ04C05,Loaded Units (000 Tonnes),20211,2021Q1,2,Outward,IEORK,Cork,000 Tonnes,240.0,2021,1
TBQ04C05,Loaded Units (000 Tonnes),20212,2021Q2,-,All directions,IEMIP,All Main Irish Ports,000 Tonnes,2287.0,2021,2
TBQ04C05,Loaded Units (000 Tonnes),20212,2021Q2,-,All directions,IEDUB,Dublin,000 Tonnes,1631.0,2021,2
TBQ04C05,Loaded Units (000 Tonnes),20212,2021Q2,-,All directions,IEORK,Cork,000 Tonnes,571.0,2021,2
TBQ04C05,Loaded Units (000 Tonnes),20212,2021Q2,1,Inward,IEMIP,All Main Irish Ports,000 Tonnes,1257.0,2021,2
TBQ04C05,Loaded Units (000 Tonnes),20212,2021Q2,1,Inward,IEDUB,Dublin,000 Tonnes,941.0,2021,2
TBQ04C05,Loaded Units (000 Tonnes),20212,2021Q2,1,Inward,IEORK,Cork,000 Tonnes,275.0,2021,2
TBQ04C05,Loaded Units (000 Tonnes),20212,2021Q2,2,Outward,IEMIP,All Main Irish Ports,000 Tonnes,1030.0,2021,2
TBQ04C05,Loaded Units (000 Tonnes),20212,2021Q2,2,Outward,IEDUB,Dublin,000 Tonnes,690.0,2021,2
TBQ04C05,Loaded Units (000 Tonnes),20212,2021Q2,2,Outward,IEORK,Cork,000 Tonnes,296.0,2021,2
TBQ04C05,Loaded Units (000 Tonnes),20213,2021Q3,-,All directions,IEMIP,All Main Irish Ports,000 Tonnes,2255.0,2021,3
TBQ04C05,Loaded Units (000 Tonnes),20213,2021Q3,-,All directions,IEDUB,Dublin,000 Tonnes,1600.0,2021,3
TBQ04C05,Loaded Units (000 Tonnes),20213,2021Q3,-,All directions,IEORK,Cork,000 Tonnes,569.0,2021,3
TBQ04C05,Loaded Units (000 Tonnes),20213,2021Q3,1,Inward,IEMIP,All Main Irish Ports,000 Tonnes,1271.0,2021,3
TBQ04C05,Loaded Units (000 Tonnes),20213,2021Q3,1,Inward,IEDUB,Dublin,000 Tonnes,949.0,2021,3
TBQ04C05,Loaded Units (000 Tonnes),20213,2021Q3,1,Inward,IEORK,Cork,000 Tonnes,283.0,2021,3
TBQ04C05,Loaded Units (000 Tonnes),20213,2021Q3,2,Outward,IEMIP,All Main Irish Ports,000 Tonnes,984.0,2021,3
TBQ04C05,Loaded Units (000 Tonnes),20213,2021Q3,2,Outward,IEDUB,Dublin,000 Tonnes,651.0,2021,3
TBQ04C05,Loaded Units (000 Tonnes),20213,2021Q3,2,Outward,IEORK,Cork,000 Tonnes,286.0,2021,3
TBQ04C05,Loaded Units (000 Tonnes),20214,2021Q4,-,All directions,IEMIP,All Main Irish Ports,000 Tonnes,2131.0,2021,4
TBQ04C05,Loaded Units (000 Tonnes),20214,2021Q4,-,All directions,IEDUB,Dublin,000 Tonnes,1491.0,2021,4
TBQ04C05,Loaded Units (000 Tonnes),20214,2021Q4,-,All directions,IEORK,Cork,000 Tonnes,560.0,2021,4
TBQ04C05,Loaded Units (000 Tonnes),20214,2021Q4,1,Inward,IEMIP,All Main Irish Ports,000 Tonnes,1180.0,2021,4
TBQ04C05,Loaded Units (000 Tonnes),20214,2021Q4,1,Inward,IEDUB,Dublin,000 Tonnes,869.0,2021,4
TBQ04C05,Loaded Units (000 Tonnes),20214,2021Q4,1,Inward,IEORK,Cork,000 Tonnes,277.0,2021,4
TBQ04C05,Loaded Units (000 Tonnes),20214,2021Q4,2,Outward,IEMIP,All Main Irish Ports,000 Tonnes,951.0,2021,4
TBQ04C05,Loaded Units (000 Tonnes),20214,2021Q4,2,Outward,IEDUB,Dublin,000 Tonnes,622.0,2021,4
TBQ04C05,Loaded Units (000 Tonnes),20214,2021Q4,2,Outward,IEORK,Cork,000 Tonnes,283.0,2021,4
TBQ04C05,Loaded Units (000 Tonnes),20221,2022Q1,-,All directions,IEMIP,All Main Irish Ports,000 Tonnes,2012.0,2022,1
TBQ04C05,Loaded Units (000 Tonnes),20221,2022Q1,-,All directions,IEDUB,Dublin,000 Tonnes,1426.0,2022,1
TBQ04C05,Loaded Units (000 Tonnes),20221,2022Q1,-,All directions,IEORK,Cork,000 Tonnes,505.0,2022,1
TBQ04C05,Loaded Units (000 Tonnes),20221,2022Q1,1,Inward,IEMIP,All Main Irish Ports,000 Tonnes,1159.0,2022,1
TBQ04C05,Loaded Units (000 Tonnes),20221,2022Q1,1,Inward,IEDUB,Dublin,000 Tonnes,844.0,2022,1
TBQ04C05,Loaded Units (000 Tonnes),20221,2022Q1,1,Inward,IEORK,Cork,000 Tonnes,272.0,2022,1
TBQ04C05,Loaded Units (000 Tonnes),20221,2022Q1,2,Outward,IEMIP,All Main Irish Ports,000 Tonnes,853.0,2022,1
TBQ04C05,Loaded Units (000 Tonnes),20221,2022Q1,2,Outward,IEDUB,Dublin,000 Tonnes,582.0,2022,1
TBQ04C05,Loaded Units (000 Tonnes),20221,2022Q1,2,Outward,IEORK,Cork,000 Tonnes,233.0,2022,1
TBQ04C05,Loaded Units (000 Tonnes),20222,2022Q2,-,All directions,IEMIP,All Main Irish Ports,000 Tonnes,2287.0,2022,2
TBQ04C05,Loaded Units (000 Tonnes),20222,2022Q2,-,All directions,IEDUB,Dublin,000 Tonnes,1621.0,2022,2
TBQ04C05,Loaded Units (000 Tonnes),20222,2022Q2,-,All directions,IEORK,Cork,000 Tonnes,571.0,2022,2
TBQ04C05,Loaded Units (000 Tonnes),20222,2022Q2,1,Inward,IEMIP,All Main Irish Ports,000 Tonnes,1265.0,2022,2
TBQ04C05,Loaded Units (000 Tonnes),20222,2022Q2,1,Inward,IEDUB,Dublin,000 Tonnes,933.0,2022,2
TBQ04C05,Loaded Units (000 Tonnes),20222,2022Q2,1,Inward,IEORK,Cork,000 Tonnes,289.0,2022,2
TBQ04C05,Loaded Units (000 Tonnes),20222,2022Q2,2,Outward,IEMIP,All Main Irish Ports,000 Tonnes,1021.0,2022,2
TBQ04C05,Loaded Units (000 Tonnes),20222,2022Q2,2,Outward,IEDUB,Dublin,000 Tonnes,687.0,2022,2
TBQ04C05,Loaded Units (000 Tonnes),20222,2022Q2,2,Outward,IEORK,Cork,000 Tonnes,282.0,2022,2
TBQ04C05,Loaded Units (000 Tonnes),20223,2022Q3,-,All directions,IEMIP,All Main Irish Ports,000 Tonnes,2162.0,2022,3
TBQ04C05,Loaded Units (000 Tonnes),20223,2022Q3,-,All directions,IEDUB,Dublin,000 Tonnes,1541.0,2022,3
TBQ04C05,Loaded Units (000 Tonnes),20223,2022Q3,-,All directions,IEORK,Cork,000 Tonnes,538.0,2022,3
TBQ04C05,Loaded Units (000 Tonnes),20223,2022Q3,1,Inward,IEMIP,All Main Irish Ports,000 Tonnes,1190.0,2022,3
TBQ04C05,Loaded Units (000 Tonnes),20223,2022Q3,1,Inward,IEDUB,Dublin,000 Tonnes,888.0,2022,3
TBQ04C05,Loaded Units (000 Tonnes),20223,2022Q3,1,Inward,IEORK,Cork,000 Tonnes,265.0,2022,3
TBQ04C05,Loaded Units (000 Tonnes),20223,2022Q3,2,Outward,IEMIP,All Main Irish Ports,000 Tonnes,972.0,2022,3
TBQ04C05,Loaded Units (000 Tonnes),20223,2022Q3,2,Outward,IEDUB,Dublin,000 Tonnes,653.0,2022,3
TBQ04C05,Loaded Units (000 Tonnes),20223,2022Q3,2,Outward,IEORK,Cork,000 Tonnes,273.0,2022,3
TBQ04C05,Loaded Units (000 Tonnes),20224,2022Q4,-,All directions,IEMIP,All Main Irish Ports,000 Tonnes,1996.0,2022,4
TBQ04C05,Loaded Units (000 Tonnes),20224,2022Q4,-,All directions,IEDUB,Dublin,000 Tonnes,1404.0,2022,4
TBQ04C05,Loaded Units (000 Tonnes),20224,2022Q4,-,All directions,IEORK,Cork,000 Tonnes,516.0,2022,4
TBQ04C05,Loaded Units (000 Tonnes),20224,2022Q4,1,Inward,IEMIP,All Main Irish Ports,000 Tonnes,1084.0,2022,4
TBQ04C05,Loaded Units (000 Tonnes),20224,2022Q4,1,Inward,IEDUB,Dublin,000 Tonnes,795.0,2022,4
TBQ04C05,Loaded Units (000 Tonnes),20224,2022Q4,1,Inward,IEORK,Cork,000 Tonnes,254.0,2022,4
TBQ04C05,Loaded Units (000 Tonnes),20224,2022Q4,2,Outward,IEMIP,All Main Irish Ports,000 Tonnes,913.0,2022,4
TBQ04C05,Loaded Units (000 Tonnes),20224,2022Q4,2,Outward,IEDUB,Dublin,000 Tonnes,609.0,2022,4
TBQ04C05,Loaded Units (000 Tonnes),20224,2022Q4,2,Outward,IEORK,Cork,000 Tonnes,262.0,2022,4
TBQ04C05,Loaded Units (000 Tonnes),20231,2023Q1,-,All directions,IEMIP,All Main Irish Ports,000 Tonnes,1945.0,2023,1
TBQ04C05,Loaded Units (000 Tonnes),20231,2023Q1,-,All directions,IEDUB,Dublin,000 Tonnes,1394.0,2023,1
TBQ04C05,Loaded Units (000 Tonnes),20231,2023Q1,-,All directions,IEORK,Cork,000 Tonnes,491.0,2023,1
TBQ04C05,Loaded Units (000 Tonnes),20231,2023Q1,1,Inward,IEMIP,All Main Irish Ports,000 Tonnes,1106.0,2023,1
TBQ04C05,Loaded Units (000 Tonnes),20231,2023Q1,1,Inward,IEDUB,Dublin,000 Tonnes,811.0,2023,1
TBQ04C05,Loaded Units (000 Tonnes),20231,2023Q1,1,Inward,IEORK,Cork,000 Tonnes,263.0,2023,1
TBQ04C05,Loaded Units (000 Tonnes),20231,2023Q1,2,Outward,IEMIP,All Main Irish Ports,000 Tonnes,839.0,2023,1
TBQ04C05,Loaded Units (000 Tonnes),20231,2023Q1,2,Outward,IEDUB,Dublin,000 Tonnes,582.0,2023,1
TBQ04C05,Loaded Units (000 Tonnes),20231,2023Q1,2,Outward,IEORK,Cork,000 Tonnes,228.0,2023,1
TBQ04C05,Loaded Units (000 Tonnes),20232,2023Q2,-,All directions,IEMIP,All Main Irish Ports,000 Tonnes,2076.0,2023,2
TBQ04C05,Loaded Units (000 Tonnes),20232,2023Q2,-,All directions,IEDUB,Dublin,000 Tonnes,1487.0,2023,2
TBQ04C05,Loaded Units (000 Tonnes),20232,2023Q2,-,All directions,IEORK,Cork,000 Tonnes,516.0,2023,2
TBQ04C05,Loaded Units (000 Tonnes),20232,2023Q2,1,Inward,IEMIP,All Main Irish Ports,000 Tonnes,1167.0,2023,2
TBQ04C05,Loaded Units (000 Tonnes),20232,2023Q2,1,Inward,IEDUB,Dublin,000 Tonnes,884.0,2023,2
TBQ04C05,Loaded Units (000 Tonnes),20232,2023Q2,1,Inward,IEORK,Cork,000 Tonnes,254.0,2023,2
TBQ04C05,Loaded Units (000 Tonnes),20232,2023Q2,2,Outward,IEMIP,All Main Irish Ports,000 Tonnes,909.0,2023,2
TBQ04C05,Loaded Units (000 Tonnes),20232,2023Q2,2,Outward,IEDUB,Dublin,000 Tonnes,603.0,2023,2
TBQ04C05,Loaded Units (000 Tonnes),20232,2023Q2,2,Outward,IEORK,Cork,000 Tonnes,262.0,2023,2
TBQ04C05,Loaded Units (000 Tonnes),20233,2023Q3,-,All directions,IEMIP,All Main Irish Ports,000 Tonnes,1761.0,2023,3
TBQ04C05,Loaded Units (000 Tonnes),20233,2023Q3,-,All directions,IEDUB,Dublin,000 Tonnes,1180.0,2023,3
TBQ04C05,Loaded Units (000 Tonnes),20233,2023Q3,-,All directions,IEORK,Cork,000 Tonnes,514.0,2023,3
TBQ04C05,Loaded Units (000 Tonnes),20233,2023Q3,1,Inward,IEMIP,All Main Irish Ports,000 Tonnes,1161.0,2023,3
TBQ04C05,Loaded Units (000 Tonnes),20233,2023Q3,1,Inward,IEDUB,Dublin,000 Tonnes,883.0,2023,3
TBQ04C05,Loaded Units (000 Tonnes),20233,2023Q3,1,Inward,IEORK,Cork,000 Tonnes,250.0,2023,3
TBQ04C05,Loaded Units (000 Tonnes),20233,2023Q3,2,Outward,IEMIP,All Main Irish Ports,000 Tonnes,600.0,2023,3
TBQ04C05,Loaded Units (000 Tonnes),20233,2023Q3,2,Outward,IEDUB,Dublin,000 Tonnes,297.0,2023,3
TBQ04C05,Loaded Units (000 Tonnes),20233,2023Q3,2,Outward,IEORK,Cork,000 Tonnes,264.0,2023,3
TBQ04C05,Loaded Units (000 Tonnes),20234,2023Q4,-,All directions,IEMIP,All Main Irish Ports,000 Tonnes,2034.0,2023,4
TBQ04C05,Loaded Units (000 Tonnes),20234,2023Q4,-,All directions,IEDUB,Dublin,000 Tonnes,1453.0,2023,4
TBQ04C05,Loaded Units (000 Tonnes),20234,2023Q4,-,All directions,IEORK,Cork,000 Tonnes,522.0,2023,4
TBQ04C05,Loaded Units (000 Tonnes),20234,2023Q4,1,Inward,IEMIP,All Main Irish Ports,000 Tonnes,1128.0,2023,4
TBQ04C05,Loaded Units (000 Tonnes),20234,2023Q4,1,Inward,IEDUB,Dublin,000 Tonnes,852.0,2023,4
TBQ04C05,Loaded Units (000 Tonnes),20234,2023Q4,1,Inward,IEORK,Cork,000 Tonnes,252.0,2023,4
TBQ04C05,Loaded Units (000 Tonnes),20234,2023Q4,2,Outward,IEMIP,All Main Irish Ports,000 Tonnes,906.0,2023,4
TBQ04C05,Loaded Units (000 Tonnes),20234,2023Q4,2,Outward,IEDUB,Dublin,000 Tonnes,602.0,2023,4
TBQ04C05,Loaded Units (000 Tonnes),20234,2023Q4,2,Outward,IEORK,Cork,000 Tonnes,271.0,2023,4
TBQ04C05,Loaded Units (000 Tonnes),20241,2024Q1,-,All directions,IEMIP,All Main Irish Ports,000 Tonnes,2057.0,2024,1
TBQ04C05,Loaded Units (000 Tonnes),20241,2024Q1,-,All directions,IEDUB,Dublin,000 Tonnes,1490.0,2024,1
TBQ04C05,Loaded Units (000 Tonnes),20241,2024Q1,-,All directions,IEORK,Cork,000 Tonnes,514.0,2024,1
TBQ04C05,Loaded Units (000 Tonnes),20241,2024Q1,1,Inward,IEMIP,All Main Irish Ports,000 Tonnes,1187.0,2024,1
TBQ04C05,Loaded Units (000 Tonnes),20241,2024Q1,1,Inward,IEDUB,Dublin,000 Tonnes,887.0,2024,1
TBQ04C05,Loaded Units (000 Tonnes),20241,2024Q1,1,Inward,IEORK,Cork,000 Tonnes,276.0,2024,1
TBQ04C05,Loaded Units (000 Tonnes),20241,2024Q1,2,Outward,IEMIP,All Main Irish Ports,000 Tonnes,870.0,2024,1
TBQ04C05,Loaded Units (000 Tonnes),20241,2024Q1,2,Outward,IEDUB,Dublin,000 Tonnes,603.0,2024,1
TBQ04C05,Loaded Units (000 Tonnes),20241,2024Q1,2,Outward,IEORK,Cork,000 Tonnes,238.0,2024,1
TBQ04C05,Loaded Units (000 Tonnes),20242,2024Q2,-,All directions,IEMIP,All Main Irish Ports,000 Tonnes,2270.0,2024,2
TBQ04C05,Loaded Units (000 Tonnes),20242,2024Q2,-,All directions,IEDUB,Dublin,000 Tonnes,1636.0,2024,2
TBQ04C05,Loaded Units (000 Tonnes),20242,2024Q2,-,All directions,IEORK,Cork,000 Tonnes,552.0,2024,2
TBQ04C05,Loaded Units (000 Tonnes),20242,2024Q2,1,Inward,IEMIP,All Main Irish Ports,000 Tonnes,1282.0,2024,2
TBQ04C05,Loaded Units (000 Tonnes),20242,2024Q2,1,Inward,IEDUB,Dublin,000 Tonnes,975.0,2024,2
TBQ04C05,Loaded Units (000 Tonnes),20242,2024Q2,1,Inward,IEORK,Cork,000 Tonnes,277.0,2024,2
TBQ04C05,Loaded Units (000 Tonnes),20242,2024Q2,2,Outward,IEMIP,All Main Irish Ports,000 Tonnes,988.0,2024,2
TBQ04C05,Loaded Units (000 Tonnes),20242,2024Q2,2,Outward,IEDUB,Dublin,000 Tonnes,661.0,2024,2
TBQ04C05,Loaded Units (000 Tonnes),20242,2024Q2,2,Outward,IEORK,Cork,000 Tonnes,275.0,2024,2
TBQ04C05,Loaded Units (000 Tonnes),20243,2024Q3,-,All directions,IEMIP,All Main Irish Ports,000 Tonnes,2333.0,2024,3
TBQ04C05,Loaded Units (000 Tonnes),20243,2024Q3,-,All directions,IEDUB,Dublin,000 Tonnes,1682.0,2024,3
TBQ04C05,Loaded Units (000 Tonnes),20243,2024Q3,-,All directions,IEORK,Cork,000 Tonnes,563.0,2024,3
TBQ04C05,Loaded Units (000 Tonnes),20243,2024Q3,1,Inward,IEMIP,All Main Irish Ports,000 Tonnes,1341.0,2024,3
TBQ04C05,Loaded Units (000 Tonnes),20243,2024Q3,1,Inward,IEDUB,Dublin,000 Tonnes,1027.0,2024,3
TBQ04C05,Loaded Units (000 Tonnes),20243,2024Q3,1,Inward,IEORK,Cork,000 Tonnes,282.0,2024,3
TBQ04C05,Loaded Units (000 Tonnes),20243,2024Q3,2,Outward,IEMIP,All Main Irish Ports,000 Tonnes,992.0,2024,3
TBQ04C05,Loaded Units (000 Tonnes),20243,2024Q3,2,Outward,IEDUB,Dublin,000 Tonnes,655.0,2024,3
TBQ04C05,Loaded Units (000 Tonnes),20243,2024Q3,2,Outward,IEORK,Cork,000 Tonnes,281.0,2024,3
TBQ04C05,Loaded Units (000 Tonnes),20244,2024Q4,-,All directions,IEMIP,All Main Irish Ports,000 Tonnes,2226.0,2024,4
TBQ04C05,Loaded Units (000 Tonnes),20244,2024Q4,-,All directions,IEDUB,Dublin,000 Tonnes,1601.0,2024,4
TBQ04C05,Loaded Units (000 Tonnes),20244,2024Q4,-,All directions,IEORK,Cork,000 Tonnes,544.0,2024,4
TBQ04C05,Loaded Units (000 Tonnes),20244,2024Q4,1,Inward,IEMIP,All Main Irish Ports,000 Tonnes,1284.0,2024,4
TBQ04C05,Loaded Units (000 Tonnes),20244,2024Q4,1,Inward,IEDUB,Dublin,000 Tonnes,987.0,2024,4
TBQ04C05,Loaded Units (000 Tonnes),20244,2024Q4,1,Inward,IEORK,Cork,000 Tonnes,269.0,2024,4
TBQ04C05,Loaded Units (000 Tonnes),20244,2024Q4,2,Outward,IEMIP,All Main Irish Ports,000 Tonnes,943.0,2024,4
TBQ04C05,Loaded Units (000 Tonnes),20244,2024Q4,2,Outward,IEDUB,Dublin,000 Tonnes,614.0,2024,4
TBQ04C05,Loaded Units (000 Tonnes),20244,2024Q4,2,Outward,IEORK,Cork,000 Tonnes,276.0,2024,4
TBQ04C05,Loaded Units (000 Tonnes),20251,2025Q1,-,All directions,IEMIP,All Main Irish Ports,000 Tonnes,2236.0,2025,1
TBQ04C05,Loaded Units (000 Tonnes),20251,2025Q1,-,All directions,IEDUB,Dublin,000 Tonnes,1611.0,2025,1
TBQ04C05,Loaded Units (000 Tonnes),20251,2025Q1,-,All directions,IEORK,Cork,000 Tonnes,531.0,2025,1
TBQ04C05,Loaded Units (000 Tonnes),20251,2025Q1,1,Inward,IEMIP,All Main Irish Ports,000 Tonnes,1301.0,2025,1
TBQ04C05,Loaded Units (000 Tonnes),20251,2025Q1,1,Inward,IEDUB,Dublin,000 Tonnes,998.0,2025,1
TBQ04C05,Loaded Units (000 Tonnes),20251,2025Q1,1,Inward,IEORK,Cork,000 Tonnes,275.0,2025,1
TBQ04C05,Loaded Units (000 Tonnes),20251,2025Q1,2,Outward,IEMIP,All Main Irish Ports,000 Tonnes,935.0,2025,1
TBQ04C05,Loaded Units (000 Tonnes),20251,2025Q1,2,Outward,IEDUB,Dublin,000 Tonnes,613.0,2025,1
TBQ04C05,Loaded Units (000 Tonnes),20251,2025Q1,2,Outward,IEORK,Cork,000 Tonnes,257.0,2025,1
TBQ04C05,Loaded Units (000 Tonnes),20252,2025Q2,-,All directions,IEMIP,All Main Irish Ports,000 Tonnes,2503.0,2025,2
TBQ04C05,Loaded Units (000 Tonnes),20252,2025Q2,-,All directions,IEDUB,Dublin,000 Tonnes,1827.0,2025,2
TBQ04C05,Loaded Units (000 Tonnes),20252,2025Q2,-,All directions,IEORK,Cork,000 Tonnes,582.0,2025,2
TBQ04C05,Loaded Units (000 Tonnes),20252,2025Q2,1,Inward,IEMIP,All Main Irish Ports,000 Tonnes,1432.0,2025,2
TBQ04C05,Loaded Units (000 Tonnes),20252,2025Q2,1,Inward,IEDUB,Dublin,000 Tonnes,1109.0,2025,2
TBQ04C05,Loaded Units (000 Tonnes),20252,2025Q2,1,Inward,IEORK,Cork,000 Tonnes,290.0,2025,2
TBQ04C05,Loaded Units (000 Tonnes),20252,2025Q2,2,Outward,IEMIP,All Main Irish Ports,000 Tonnes,1071.0,2025,2
TBQ04C05,Loaded Units (000 Tonnes),20252,2025Q2,2,Outward,IEDUB,Dublin,000 Tonnes,718.0,2025,2
TBQ04C05,Loaded Units (000 Tonnes),20252,2025Q2,2,Outward,IEORK,Cork,000 Tonnes,292.0,2025,2
TBQ04C05,Loaded Units (000 Tonnes),20253,2025Q3,-,All directions,IEMIP,All Main Irish Ports,000 Tonnes,2477.0,2025,3
TBQ04C05,Loaded Units (000 Tonnes),20253,2025Q3,-,All directions,IEDUB,Dublin,000 Tonnes,1779.0,2025,3
TBQ04C05,Loaded Units (000 Tonnes),20253,2025Q3,-,All directions,IEORK,Cork,000 Tonnes,591.0,2025,3
TBQ04C05,Loaded Units (000 Tonnes),20253,2025Q3,1,Inward,IEMIP,All Main Irish Ports,000 Tonnes,1402.0,2025,3
TBQ04C05,Loaded Units (000 Tonnes),20253,2025Q3,1,Inward,IEDUB,Dublin,000 Tonnes,1084.0,2025,3
TBQ04C05,Loaded Units (000 Tonnes),20253,2025Q3,1,Inward,IEORK,Cork,000 Tonnes,289.0,2025,3
TBQ04C05,Loaded Units (000 Tonnes),20253,2025Q3,2,Outward,IEMIP,All Main Irish Ports,000 Tonnes,1074.0,2025,3
TBQ04C05,Loaded Units (000 Tonnes),20253,2025Q3,2,Outward,IEDUB,Dublin,000 Tonnes,695.0,2025,3
TBQ04C05,Loaded Units (000 Tonnes),20253,2025Q3,2,Outward,IEORK,Cork,000 Tonnes,303.0,2025,3
TBQ04C05,Loaded Units (000 Tonnes),20254,2025Q4,-,All directions,IEMIP,All Main Irish Ports,000 Tonnes,2459.0,2025,4
TBQ04C05,Loaded Units (000 Tonnes),20254,2025Q4,-,All directions,IEDUB,Dublin,000 Tonnes,1808.0,2025,4
TBQ04C05,Loaded Units (000 Tonnes),20254,2025Q4,-,All directions,IEORK,Cork,000 Tonnes,574.0,2025,4
TBQ04C05,Loaded Units (000 Tonnes),20254,2025Q4,1,Inward,IEMIP,All Main Irish Ports,000 Tonnes,1379.0,2025,4
TBQ04C05,Loaded Units (000 Tonnes),20254,2025Q4,1,Inward,IEDUB,Dublin,000 Tonnes,1074.0,2025,4
TBQ04C05,Loaded Units (000 Tonnes),20254,2025Q4,1,Inward,IEORK,Cork,000 Tonnes,278.0,2025,4
TBQ04C05,Loaded Units (000 Tonnes),20254,2025Q4,2,Outward,IEMIP,All Main Irish Ports,000 Tonnes,1080.0,2025,4
TBQ04C05,Loaded Units (000 Tonnes),20254,2025Q4,2,Outward,IEDUB,Dublin,000 Tonnes,734.0,2025,4
TBQ04C05,Loaded Units (000 Tonnes),20254,2025Q4,2,Outward,IEORK,Cork,000 Tonnes,296.0,2025,4
TBQ04C05,Loaded Units (000 Tonnes),20261,2026Q1,-,All directions,IEMIP,All Main Irish Ports,000 Tonnes,2328.0,2026,1
TBQ04C05,Loaded Units (000 Tonnes),20261,2026Q1,-,All directions,IEDUB,Dublin,000 Tonnes,1711.0,2026,1
TBQ04C05,Loaded Units (000 Tonnes),20261,2026Q1,-,All directions,IEORK,Cork,000 Tonnes,550.0,2026,1
TBQ04C05,Loaded Units (000 Tonnes),20261,2026Q1,1,Inward,IEMIP,All Main Irish Ports,000 Tonnes,1344.0,2026,1
TBQ04C05,Loaded Units (000 Tonnes),20261,2026Q1,1,Inward,IEDUB,Dublin,000 Tonnes,1036.0,2026,1
TBQ04C05,Loaded Units (000 Tonnes),20261,2026Q1,1,Inward,IEORK,Cork,000 Tonnes,283.0,2026,1
TBQ04C05,Loaded Units (000 Tonnes),20261,2026Q1,2,Outward,IEMIP,All Main Irish Ports,000 Tonnes,985.0,2026,1
TBQ04C05,Loaded Units (000 Tonnes),20261,2026Q1,2,Outward,IEDUB,Dublin,000 Tonnes,675.0,2026,1
TBQ04C05,Loaded Units (000 Tonnes),20261,2026Q1,2,Outward,IEORK,Cork,000 Tonnes,267.0,2026,1
TBQ04C06,Empty Units (Number),20171,2017Q1,-,All directions,IEMIP,All Main Irish Ports,Number,29612.0,2017,1
TBQ04C06,Empty Units (Number),20171,2017Q1,-,All directions,IEDUB,Dublin,Number,22016.0,2017,1
TBQ04C06,Empty Units (Number),20171,2017Q1,-,All directions,IEORK,Cork,Number,6250.0,2017,1
TBQ04C06,Empty Units (Number),20171,2017Q1,1,Inward,IEMIP,All Main Irish Ports,Number,6403.0,2017,1
TBQ04C06,Empty Units (Number),20171,2017Q1,1,Inward,IEDUB,Dublin,Number,3031.0,2017,1
TBQ04C06,Empty Units (Number),20171,2017Q1,1,Inward,IEORK,Cork,Number,2547.0,2017,1
TBQ04C06,Empty Units (Number),20171,2017Q1,2,Outward,IEMIP,All Main Irish Ports,Number,23209.0,2017,1
TBQ04C06,Empty Units (Number),20171,2017Q1,2,Outward,IEDUB,Dublin,Number,18985.0,2017,1
TBQ04C06,Empty Units (Number),20171,2017Q1,2,Outward,IEORK,Cork,Number,3703.0,2017,1
TBQ04C06,Empty Units (Number),20172,2017Q2,-,All directions,IEMIP,All Main Irish Ports,Number,32570.0,2017,2
TBQ04C06,Empty Units (Number),20172,2017Q2,-,All directions,IEDUB,Dublin,Number,22969.0,2017,2
TBQ04C06,Empty Units (Number),20172,2017Q2,-,All directions,IEORK,Cork,Number,7731.0,2017,2
TBQ04C06,Empty Units (Number),20172,2017Q2,1,Inward,IEMIP,All Main Irish Ports,Number,8039.0,2017,2
TBQ04C06,Empty Units (Number),20172,2017Q2,1,Inward,IEDUB,Dublin,Number,2552.0,2017,2
TBQ04C06,Empty Units (Number),20172,2017Q2,1,Inward,IEORK,Cork,Number,4238.0,2017,2
TBQ04C06,Empty Units (Number),20172,2017Q2,2,Outward,IEMIP,All Main Irish Ports,Number,24531.0,2017,2
TBQ04C06,Empty Units (Number),20172,2017Q2,2,Outward,IEDUB,Dublin,Number,20417.0,2017,2
TBQ04C06,Empty Units (Number),20172,2017Q2,2,Outward,IEORK,Cork,Number,3493.0,2017,2
TBQ04C06,Empty Units (Number),20173,2017Q3,-,All directions,IEMIP,All Main Irish Ports,Number,33400.0,2017,3
TBQ04C06,Empty Units (Number),20173,2017Q3,-,All directions,IEDUB,Dublin,Number,24946.0,2017,3
TBQ04C06,Empty Units (Number),20173,2017Q3,-,All directions,IEORK,Cork,Number,6862.0,2017,3
TBQ04C06,Empty Units (Number),20173,2017Q3,1,Inward,IEMIP,All Main Irish Ports,Number,8400.0,2017,3
TBQ04C06,Empty Units (Number),20173,2017Q3,1,Inward,IEDUB,Dublin,Number,3794.0,2017,3
TBQ04C06,Empty Units (Number),20173,2017Q3,1,Inward,IEORK,Cork,Number,3584.0,2017,3
TBQ04C06,Empty Units (Number),20173,2017Q3,2,Outward,IEMIP,All Main Irish Ports,Number,25000.0,2017,3
TBQ04C06,Empty Units (Number),20173,2017Q3,2,Outward,IEDUB,Dublin,Number,21152.0,2017,3
TBQ04C06,Empty Units (Number),20173,2017Q3,2,Outward,IEORK,Cork,Number,3278.0,2017,3
TBQ04C06,Empty Units (Number),20174,2017Q4,-,All directions,IEMIP,All Main Irish Ports,Number,35917.0,2017,4
TBQ04C06,Empty Units (Number),20174,2017Q4,-,All directions,IEDUB,Dublin,Number,27240.0,2017,4
TBQ04C06,Empty Units (Number),20174,2017Q4,-,All directions,IEORK,Cork,Number,7348.0,2017,4
TBQ04C06,Empty Units (Number),20174,2017Q4,1,Inward,IEMIP,All Main Irish Ports,Number,9631.0,2017,4
TBQ04C06,Empty Units (Number),20174,2017Q4,1,Inward,IEDUB,Dublin,Number,4547.0,2017,4
TBQ04C06,Empty Units (Number),20174,2017Q4,1,Inward,IEORK,Cork,Number,4314.0,2017,4
TBQ04C06,Empty Units (Number),20174,2017Q4,2,Outward,IEMIP,All Main Irish Ports,Number,26286.0,2017,4
TBQ04C06,Empty Units (Number),20174,2017Q4,2,Outward,IEDUB,Dublin,Number,22693.0,2017,4
TBQ04C06,Empty Units (Number),20174,2017Q4,2,Outward,IEORK,Cork,Number,3034.0,2017,4
TBQ04C06,Empty Units (Number),20181,2018Q1,-,All directions,IEMIP,All Main Irish Ports,Number,31751.0,2018,1
TBQ04C06,Empty Units (Number),20181,2018Q1,-,All directions,IEDUB,Dublin,Number,23591.0,2018,1
TBQ04C06,Empty Units (Number),20181,2018Q1,-,All directions,IEORK,Cork,Number,6890.0,2018,1
TBQ04C06,Empty Units (Number),20181,2018Q1,1,Inward,IEMIP,All Main Irish Ports,Number,8761.0,2018,1
TBQ04C06,Empty Units (Number),20181,2018Q1,1,Inward,IEDUB,Dublin,Number,4565.0,2018,1
TBQ04C06,Empty Units (Number),20181,2018Q1,1,Inward,IEORK,Cork,Number,3601.0,2018,1
TBQ04C06,Empty Units (Number),20181,2018Q1,2,Outward,IEMIP,All Main Irish Ports,Number,22990.0,2018,1
TBQ04C06,Empty Units (Number),20181,2018Q1,2,Outward,IEDUB,Dublin,Number,19026.0,2018,1
TBQ04C06,Empty Units (Number),20181,2018Q1,2,Outward,IEORK,Cork,Number,3289.0,2018,1
TBQ04C06,Empty Units (Number),20182,2018Q2,-,All directions,IEMIP,All Main Irish Ports,Number,33616.0,2018,2
TBQ04C06,Empty Units (Number),20182,2018Q2,-,All directions,IEDUB,Dublin,Number,23781.0,2018,2
TBQ04C06,Empty Units (Number),20182,2018Q2,-,All directions,IEORK,Cork,Number,8168.0,2018,2
TBQ04C06,Empty Units (Number),20182,2018Q2,1,Inward,IEMIP,All Main Irish Ports,Number,8671.0,2018,2
TBQ04C06,Empty Units (Number),20182,2018Q2,1,Inward,IEDUB,Dublin,Number,3226.0,2018,2
TBQ04C06,Empty Units (Number),20182,2018Q2,1,Inward,IEORK,Cork,Number,4442.0,2018,2
TBQ04C06,Empty Units (Number),20182,2018Q2,2,Outward,IEMIP,All Main Irish Ports,Number,24945.0,2018,2
TBQ04C06,Empty Units (Number),20182,2018Q2,2,Outward,IEDUB,Dublin,Number,20555.0,2018,2
TBQ04C06,Empty Units (Number),20182,2018Q2,2,Outward,IEORK,Cork,Number,3726.0,2018,2
TBQ04C06,Empty Units (Number),20183,2018Q3,-,All directions,IEMIP,All Main Irish Ports,Number,35474.0,2018,3
TBQ04C06,Empty Units (Number),20183,2018Q3,-,All directions,IEDUB,Dublin,Number,25075.0,2018,3
TBQ04C06,Empty Units (Number),20183,2018Q3,-,All directions,IEORK,Cork,Number,8610.0,2018,3
TBQ04C06,Empty Units (Number),20183,2018Q3,1,Inward,IEMIP,All Main Irish Ports,Number,7958.0,2018,3
TBQ04C06,Empty Units (Number),20183,2018Q3,1,Inward,IEDUB,Dublin,Number,2358.0,2018,3
TBQ04C06,Empty Units (Number),20183,2018Q3,1,Inward,IEORK,Cork,Number,4384.0,2018,3
TBQ04C06,Empty Units (Number),20183,2018Q3,2,Outward,IEMIP,All Main Irish Ports,Number,27516.0,2018,3
TBQ04C06,Empty Units (Number),20183,2018Q3,2,Outward,IEDUB,Dublin,Number,22717.0,2018,3
TBQ04C06,Empty Units (Number),20183,2018Q3,2,Outward,IEORK,Cork,Number,4226.0,2018,3
TBQ04C06,Empty Units (Number),20184,2018Q4,-,All directions,IEMIP,All Main Irish Ports,Number,35387.0,2018,4
TBQ04C06,Empty Units (Number),20184,2018Q4,-,All directions,IEDUB,Dublin,Number,25918.0,2018,4
TBQ04C06,Empty Units (Number),20184,2018Q4,-,All directions,IEORK,Cork,Number,7565.0,2018,4
TBQ04C06,Empty Units (Number),20184,2018Q4,1,Inward,IEMIP,All Main Irish Ports,Number,8821.0,2018,4
TBQ04C06,Empty Units (Number),20184,2018Q4,1,Inward,IEDUB,Dublin,Number,3531.0,2018,4
TBQ04C06,Empty Units (Number),20184,2018Q4,1,Inward,IEORK,Cork,Number,3999.0,2018,4
TBQ04C06,Empty Units (Number),20184,2018Q4,2,Outward,IEMIP,All Main Irish Ports,Number,26566.0,2018,4
TBQ04C06,Empty Units (Number),20184,2018Q4,2,Outward,IEDUB,Dublin,Number,22387.0,2018,4
TBQ04C06,Empty Units (Number),20184,2018Q4,2,Outward,IEORK,Cork,Number,3566.0,2018,4
TBQ04C06,Empty Units (Number),20191,2019Q1,-,All directions,IEMIP,All Main Irish Ports,Number,34814.0,2019,1
TBQ04C06,Empty Units (Number),20191,2019Q1,-,All directions,IEDUB,Dublin,Number,26179.0,2019,1
TBQ04C06,Empty Units (Number),20191,2019Q1,-,All directions,IEORK,Cork,Number,7034.0,2019,1
TBQ04C06,Empty Units (Number),20191,2019Q1,1,Inward,IEMIP,All Main Irish Ports,Number,9477.0,2019,1
TBQ04C06,Empty Units (Number),20191,2019Q1,1,Inward,IEDUB,Dublin,Number,5272.0,2019,1
TBQ04C06,Empty Units (Number),20191,2019Q1,1,Inward,IEORK,Cork,Number,3221.0,2019,1
TBQ04C06,Empty Units (Number),20191,2019Q1,2,Outward,IEMIP,All Main Irish Ports,Number,25337.0,2019,1
TBQ04C06,Empty Units (Number),20191,2019Q1,2,Outward,IEDUB,Dublin,Number,20907.0,2019,1
TBQ04C06,Empty Units (Number),20191,2019Q1,2,Outward,IEORK,Cork,Number,3813.0,2019,1
TBQ04C06,Empty Units (Number),20192,2019Q2,-,All directions,IEMIP,All Main Irish Ports,Number,38423.0,2019,2
TBQ04C06,Empty Units (Number),20192,2019Q2,-,All directions,IEDUB,Dublin,Number,27897.0,2019,2
TBQ04C06,Empty Units (Number),20192,2019Q2,-,All directions,IEORK,Cork,Number,8644.0,2019,2
TBQ04C06,Empty Units (Number),20192,2019Q2,1,Inward,IEMIP,All Main Irish Ports,Number,10886.0,2019,2
TBQ04C06,Empty Units (Number),20192,2019Q2,1,Inward,IEDUB,Dublin,Number,4613.0,2019,2
TBQ04C06,Empty Units (Number),20192,2019Q2,1,Inward,IEORK,Cork,Number,4838.0,2019,2
TBQ04C06,Empty Units (Number),20192,2019Q2,2,Outward,IEMIP,All Main Irish Ports,Number,27537.0,2019,2
TBQ04C06,Empty Units (Number),20192,2019Q2,2,Outward,IEDUB,Dublin,Number,23284.0,2019,2
TBQ04C06,Empty Units (Number),20192,2019Q2,2,Outward,IEORK,Cork,Number,3806.0,2019,2
TBQ04C06,Empty Units (Number),20193,2019Q3,-,All directions,IEMIP,All Main Irish Ports,Number,35628.0,2019,3
TBQ04C06,Empty Units (Number),20193,2019Q3,-,All directions,IEDUB,Dublin,Number,24760.0,2019,3
TBQ04C06,Empty Units (Number),20193,2019Q3,-,All directions,IEORK,Cork,Number,8311.0,2019,3
TBQ04C06,Empty Units (Number),20193,2019Q3,1,Inward,IEMIP,All Main Irish Ports,Number,9306.0,2019,3
TBQ04C06,Empty Units (Number),20193,2019Q3,1,Inward,IEDUB,Dublin,Number,2736.0,2019,3
TBQ04C06,Empty Units (Number),20193,2019Q3,1,Inward,IEORK,Cork,Number,4598.0,2019,3
TBQ04C06,Empty Units (Number),20193,2019Q3,2,Outward,IEMIP,All Main Irish Ports,Number,26322.0,2019,3
TBQ04C06,Empty Units (Number),20193,2019Q3,2,Outward,IEDUB,Dublin,Number,22024.0,2019,3
TBQ04C06,Empty Units (Number),20193,2019Q3,2,Outward,IEORK,Cork,Number,3713.0,2019,3
TBQ04C06,Empty Units (Number),20194,2019Q4,-,All directions,IEMIP,All Main Irish Ports,Number,37322.0,2019,4
TBQ04C06,Empty Units (Number),20194,2019Q4,-,All directions,IEDUB,Dublin,Number,27412.0,2019,4
TBQ04C06,Empty Units (Number),20194,2019Q4,-,All directions,IEORK,Cork,Number,7575.0,2019,4
TBQ04C06,Empty Units (Number),20194,2019Q4,1,Inward,IEMIP,All Main Irish Ports,Number,10415.0,2019,4
TBQ04C06,Empty Units (Number),20194,2019Q4,1,Inward,IEDUB,Dublin,Number,4661.0,2019,4
TBQ04C06,Empty Units (Number),20194,2019Q4,1,Inward,IEORK,Cork,Number,4025.0,2019,4
TBQ04C06,Empty Units (Number),20194,2019Q4,2,Outward,IEMIP,All Main Irish Ports,Number,26907.0,2019,4
TBQ04C06,Empty Units (Number),20194,2019Q4,2,Outward,IEDUB,Dublin,Number,22751.0,2019,4
TBQ04C06,Empty Units (Number),20194,2019Q4,2,Outward,IEORK,Cork,Number,3550.0,2019,4
TBQ04C06,Empty Units (Number),20201,2020Q1,-,All directions,IEMIP,All Main Irish Ports,Number,34182.0,2020,1
TBQ04C06,Empty Units (Number),20201,2020Q1,-,All directions,IEDUB,Dublin,Number,25602.0,2020,1
TBQ04C06,Empty Units (Number),20201,2020Q1,-,All directions,IEORK,Cork,Number,6639.0,2020,1
TBQ04C06,Empty Units (Number),20201,2020Q1,1,Inward,IEMIP,All Main Irish Ports,Number,10072.0,2020,1
TBQ04C06,Empty Units (Number),20201,2020Q1,1,Inward,IEDUB,Dublin,Number,5340.0,2020,1
TBQ04C06,Empty Units (Number),20201,2020Q1,1,Inward,IEORK,Cork,Number,3448.0,2020,1
TBQ04C06,Empty Units (Number),20201,2020Q1,2,Outward,IEMIP,All Main Irish Ports,Number,24110.0,2020,1
TBQ04C06,Empty Units (Number),20201,2020Q1,2,Outward,IEDUB,Dublin,Number,20262.0,2020,1
TBQ04C06,Empty Units (Number),20201,2020Q1,2,Outward,IEORK,Cork,Number,3191.0,2020,1
TBQ04C06,Empty Units (Number),20202,2020Q2,-,All directions,IEMIP,All Main Irish Ports,Number,35510.0,2020,2
TBQ04C06,Empty Units (Number),20202,2020Q2,-,All directions,IEDUB,Dublin,Number,24201.0,2020,2
TBQ04C06,Empty Units (Number),20202,2020Q2,-,All directions,IEORK,Cork,Number,9377.0,2020,2
TBQ04C06,Empty Units (Number),20202,2020Q2,1,Inward,IEMIP,All Main Irish Ports,Number,12499.0,2020,2
TBQ04C06,Empty Units (Number),20202,2020Q2,1,Inward,IEDUB,Dublin,Number,5980.0,2020,2
TBQ04C06,Empty Units (Number),20202,2020Q2,1,Inward,IEORK,Cork,Number,5272.0,2020,2
TBQ04C06,Empty Units (Number),20202,2020Q2,2,Outward,IEMIP,All Main Irish Ports,Number,23011.0,2020,2
TBQ04C06,Empty Units (Number),20202,2020Q2,2,Outward,IEDUB,Dublin,Number,18221.0,2020,2
TBQ04C06,Empty Units (Number),20202,2020Q2,2,Outward,IEORK,Cork,Number,4105.0,2020,2
TBQ04C06,Empty Units (Number),20203,2020Q3,-,All directions,IEMIP,All Main Irish Ports,Number,37277.0,2020,3
TBQ04C06,Empty Units (Number),20203,2020Q3,-,All directions,IEDUB,Dublin,Number,25826.0,2020,3
TBQ04C06,Empty Units (Number),20203,2020Q3,-,All directions,IEORK,Cork,Number,9090.0,2020,3
TBQ04C06,Empty Units (Number),20203,2020Q3,1,Inward,IEMIP,All Main Irish Ports,Number,11060.0,2020,3
TBQ04C06,Empty Units (Number),20203,2020Q3,1,Inward,IEDUB,Dublin,Number,4074.0,2020,3
TBQ04C06,Empty Units (Number),20203,2020Q3,1,Inward,IEORK,Cork,Number,5222.0,2020,3
TBQ04C06,Empty Units (Number),20203,2020Q3,2,Outward,IEMIP,All Main Irish Ports,Number,26217.0,2020,3
TBQ04C06,Empty Units (Number),20203,2020Q3,2,Outward,IEDUB,Dublin,Number,21752.0,2020,3
TBQ04C06,Empty Units (Number),20203,2020Q3,2,Outward,IEORK,Cork,Number,3868.0,2020,3
TBQ04C06,Empty Units (Number),20204,2020Q4,-,All directions,IEMIP,All Main Irish Ports,Number,40242.0,2020,4
TBQ04C06,Empty Units (Number),20204,2020Q4,-,All directions,IEDUB,Dublin,Number,30657.0,2020,4
TBQ04C06,Empty Units (Number),20204,2020Q4,-,All directions,IEORK,Cork,Number,7935.0,2020,4
TBQ04C06,Empty Units (Number),20204,2020Q4,1,Inward,IEMIP,All Main Irish Ports,Number,8586.0,2020,4
TBQ04C06,Empty Units (Number),20204,2020Q4,1,Inward,IEDUB,Dublin,Number,4131.0,2020,4
TBQ04C06,Empty Units (Number),20204,2020Q4,1,Inward,IEORK,Cork,Number,3458.0,2020,4
TBQ04C06,Empty Units (Number),20204,2020Q4,2,Outward,IEMIP,All Main Irish Ports,Number,31656.0,2020,4
TBQ04C06,Empty Units (Number),20204,2020Q4,2,Outward,IEDUB,Dublin,Number,26526.0,2020,4
TBQ04C06,Empty Units (Number),20204,2020Q4,2,Outward,IEORK,Cork,Number,4477.0,2020,4
TBQ04C06,Empty Units (Number),20211,2021Q1,-,All directions,IEMIP,All Main Irish Ports,Number,38372.0,2021,1
TBQ04C06,Empty Units (Number),20211,2021Q1,-,All directions,IEDUB,Dublin,Number,28456.0,2021,1
TBQ04C06,Empty Units (Number),20211,2021Q1,-,All directions,IEORK,Cork,Number,8158.0,2021,1
TBQ04C06,Empty Units (Number),20211,2021Q1,1,Inward,IEMIP,All Main Irish Ports,Number,9077.0,2021,1
TBQ04C06,Empty Units (Number),20211,2021Q1,1,Inward,IEDUB,Dublin,Number,4574.0,2021,1
TBQ04C06,Empty Units (Number),20211,2021Q1,1,Inward,IEORK,Cork,Number,3304.0,2021,1
TBQ04C06,Empty Units (Number),20211,2021Q1,2,Outward,IEMIP,All Main Irish Ports,Number,29295.0,2021,1
TBQ04C06,Empty Units (Number),20211,2021Q1,2,Outward,IEDUB,Dublin,Number,23882.0,2021,1
TBQ04C06,Empty Units (Number),20211,2021Q1,2,Outward,IEORK,Cork,Number,4854.0,2021,1
TBQ04C06,Empty Units (Number),20212,2021Q2,-,All directions,IEMIP,All Main Irish Ports,Number,42022.0,2021,2
TBQ04C06,Empty Units (Number),20212,2021Q2,-,All directions,IEDUB,Dublin,Number,30127.0,2021,2
TBQ04C06,Empty Units (Number),20212,2021Q2,-,All directions,IEORK,Cork,Number,10100.0,2021,2
TBQ04C06,Empty Units (Number),20212,2021Q2,1,Inward,IEMIP,All Main Irish Ports,Number,9878.0,2021,2
TBQ04C06,Empty Units (Number),20212,2021Q2,1,Inward,IEDUB,Dublin,Number,4059.0,2021,2
TBQ04C06,Empty Units (Number),20212,2021Q2,1,Inward,IEORK,Cork,Number,4751.0,2021,2
TBQ04C06,Empty Units (Number),20212,2021Q2,2,Outward,IEMIP,All Main Irish Ports,Number,32144.0,2021,2
TBQ04C06,Empty Units (Number),20212,2021Q2,2,Outward,IEDUB,Dublin,Number,26068.0,2021,2
TBQ04C06,Empty Units (Number),20212,2021Q2,2,Outward,IEORK,Cork,Number,5349.0,2021,2
TBQ04C06,Empty Units (Number),20213,2021Q3,-,All directions,IEMIP,All Main Irish Ports,Number,41317.0,2021,3
TBQ04C06,Empty Units (Number),20213,2021Q3,-,All directions,IEDUB,Dublin,Number,28495.0,2021,3
TBQ04C06,Empty Units (Number),20213,2021Q3,-,All directions,IEORK,Cork,Number,10827.0,2021,3
TBQ04C06,Empty Units (Number),20213,2021Q3,1,Inward,IEMIP,All Main Irish Ports,Number,9123.0,2021,3
TBQ04C06,Empty Units (Number),20213,2021Q3,1,Inward,IEDUB,Dublin,Number,2793.0,2021,3
TBQ04C06,Empty Units (Number),20213,2021Q3,1,Inward,IEORK,Cork,Number,5048.0,2021,3
TBQ04C06,Empty Units (Number),20213,2021Q3,2,Outward,IEMIP,All Main Irish Ports,Number,32194.0,2021,3
TBQ04C06,Empty Units (Number),20213,2021Q3,2,Outward,IEDUB,Dublin,Number,25702.0,2021,3
TBQ04C06,Empty Units (Number),20213,2021Q3,2,Outward,IEORK,Cork,Number,5779.0,2021,3
TBQ04C06,Empty Units (Number),20214,2021Q4,-,All directions,IEMIP,All Main Irish Ports,Number,38106.0,2021,4
TBQ04C06,Empty Units (Number),20214,2021Q4,-,All directions,IEDUB,Dublin,Number,27208.0,2021,4
TBQ04C06,Empty Units (Number),20214,2021Q4,-,All directions,IEORK,Cork,Number,8781.0,2021,4
TBQ04C06,Empty Units (Number),20214,2021Q4,1,Inward,IEMIP,All Main Irish Ports,Number,8903.0,2021,4
TBQ04C06,Empty Units (Number),20214,2021Q4,1,Inward,IEDUB,Dublin,Number,3084.0,2021,4
TBQ04C06,Empty Units (Number),20214,2021Q4,1,Inward,IEORK,Cork,Number,4368.0,2021,4
TBQ04C06,Empty Units (Number),20214,2021Q4,2,Outward,IEMIP,All Main Irish Ports,Number,29203.0,2021,4
TBQ04C06,Empty Units (Number),20214,2021Q4,2,Outward,IEDUB,Dublin,Number,24124.0,2021,4
TBQ04C06,Empty Units (Number),20214,2021Q4,2,Outward,IEORK,Cork,Number,4413.0,2021,4
TBQ04C06,Empty Units (Number),20221,2022Q1,-,All directions,IEMIP,All Main Irish Ports,Number,41299.0,2022,1
TBQ04C06,Empty Units (Number),20221,2022Q1,-,All directions,IEDUB,Dublin,Number,30165.0,2022,1
TBQ04C06,Empty Units (Number),20221,2022Q1,-,All directions,IEORK,Cork,Number,9529.0,2022,1
TBQ04C06,Empty Units (Number),20221,2022Q1,1,Inward,IEMIP,All Main Irish Ports,Number,8413.0,2022,1
TBQ04C06,Empty Units (Number),20221,2022Q1,1,Inward,IEDUB,Dublin,Number,4202.0,2022,1
TBQ04C06,Empty Units (Number),20221,2022Q1,1,Inward,IEORK,Cork,Number,3318.0,2022,1
TBQ04C06,Empty Units (Number),20221,2022Q1,2,Outward,IEMIP,All Main Irish Ports,Number,32886.0,2022,1
TBQ04C06,Empty Units (Number),20221,2022Q1,2,Outward,IEDUB,Dublin,Number,25963.0,2022,1
TBQ04C06,Empty Units (Number),20221,2022Q1,2,Outward,IEORK,Cork,Number,6211.0,2022,1
TBQ04C06,Empty Units (Number),20222,2022Q2,-,All directions,IEMIP,All Main Irish Ports,Number,43892.0,2022,2
TBQ04C06,Empty Units (Number),20222,2022Q2,-,All directions,IEDUB,Dublin,Number,31880.0,2022,2
TBQ04C06,Empty Units (Number),20222,2022Q2,-,All directions,IEORK,Cork,Number,10170.0,2022,2
TBQ04C06,Empty Units (Number),20222,2022Q2,1,Inward,IEMIP,All Main Irish Ports,Number,9234.0,2022,2
TBQ04C06,Empty Units (Number),20222,2022Q2,1,Inward,IEDUB,Dublin,Number,3659.0,2022,2
TBQ04C06,Empty Units (Number),20222,2022Q2,1,Inward,IEORK,Cork,Number,4469.0,2022,2
TBQ04C06,Empty Units (Number),20222,2022Q2,2,Outward,IEMIP,All Main Irish Ports,Number,34658.0,2022,2
TBQ04C06,Empty Units (Number),20222,2022Q2,2,Outward,IEDUB,Dublin,Number,28221.0,2022,2
TBQ04C06,Empty Units (Number),20222,2022Q2,2,Outward,IEORK,Cork,Number,5701.0,2022,2
TBQ04C06,Empty Units (Number),20223,2022Q3,-,All directions,IEMIP,All Main Irish Ports,Number,42009.0,2022,3
TBQ04C06,Empty Units (Number),20223,2022Q3,-,All directions,IEDUB,Dublin,Number,29175.0,2022,3
TBQ04C06,Empty Units (Number),20223,2022Q3,-,All directions,IEORK,Cork,Number,10870.0,2022,3
TBQ04C06,Empty Units (Number),20223,2022Q3,1,Inward,IEMIP,All Main Irish Ports,Number,10205.0,2022,3
TBQ04C06,Empty Units (Number),20223,2022Q3,1,Inward,IEDUB,Dublin,Number,3718.0,2022,3
TBQ04C06,Empty Units (Number),20223,2022Q3,1,Inward,IEORK,Cork,Number,5241.0,2022,3
TBQ04C06,Empty Units (Number),20223,2022Q3,2,Outward,IEMIP,All Main Irish Ports,Number,31804.0,2022,3
TBQ04C06,Empty Units (Number),20223,2022Q3,2,Outward,IEDUB,Dublin,Number,25457.0,2022,3
TBQ04C06,Empty Units (Number),20223,2022Q3,2,Outward,IEORK,Cork,Number,5629.0,2022,3
TBQ04C06,Empty Units (Number),20224,2022Q4,-,All directions,IEMIP,All Main Irish Ports,Number,35519.0,2022,4
TBQ04C06,Empty Units (Number),20224,2022Q4,-,All directions,IEDUB,Dublin,Number,25219.0,2022,4
TBQ04C06,Empty Units (Number),20224,2022Q4,-,All directions,IEORK,Cork,Number,8465.0,2022,4
TBQ04C06,Empty Units (Number),20224,2022Q4,1,Inward,IEMIP,All Main Irish Ports,Number,8343.0,2022,4
TBQ04C06,Empty Units (Number),20224,2022Q4,1,Inward,IEDUB,Dublin,Number,3368.0,2022,4
TBQ04C06,Empty Units (Number),20224,2022Q4,1,Inward,IEORK,Cork,Number,3740.0,2022,4
TBQ04C06,Empty Units (Number),20224,2022Q4,2,Outward,IEMIP,All Main Irish Ports,Number,27176.0,2022,4
TBQ04C06,Empty Units (Number),20224,2022Q4,2,Outward,IEDUB,Dublin,Number,21851.0,2022,4
TBQ04C06,Empty Units (Number),20224,2022Q4,2,Outward,IEORK,Cork,Number,4725.0,2022,4
TBQ04C06,Empty Units (Number),20231,2023Q1,-,All directions,IEMIP,All Main Irish Ports,Number,37361.0,2023,1
TBQ04C06,Empty Units (Number),20231,2023Q1,-,All directions,IEDUB,Dublin,Number,27578.0,2023,1
TBQ04C06,Empty Units (Number),20231,2023Q1,-,All directions,IEORK,Cork,Number,8743.0,2023,1
TBQ04C06,Empty Units (Number),20231,2023Q1,1,Inward,IEMIP,All Main Irish Ports,Number,7600.0,2023,1
TBQ04C06,Empty Units (Number),20231,2023Q1,1,Inward,IEDUB,Dublin,Number,3761.0,2023,1
TBQ04C06,Empty Units (Number),20231,2023Q1,1,Inward,IEORK,Cork,Number,3349.0,2023,1
TBQ04C06,Empty Units (Number),20231,2023Q1,2,Outward,IEMIP,All Main Irish Ports,Number,29761.0,2023,1
TBQ04C06,Empty Units (Number),20231,2023Q1,2,Outward,IEDUB,Dublin,Number,23817.0,2023,1
TBQ04C06,Empty Units (Number),20231,2023Q1,2,Outward,IEORK,Cork,Number,5394.0,2023,1
TBQ04C06,Empty Units (Number),20232,2023Q2,-,All directions,IEMIP,All Main Irish Ports,Number,36458.0,2023,2
TBQ04C06,Empty Units (Number),20232,2023Q2,-,All directions,IEDUB,Dublin,Number,25812.0,2023,2
TBQ04C06,Empty Units (Number),20232,2023Q2,-,All directions,IEORK,Cork,Number,9069.0,2023,2
TBQ04C06,Empty Units (Number),20232,2023Q2,1,Inward,IEMIP,All Main Irish Ports,Number,8487.0,2023,2
TBQ04C06,Empty Units (Number),20232,2023Q2,1,Inward,IEDUB,Dublin,Number,3182.0,2023,2
TBQ04C06,Empty Units (Number),20232,2023Q2,1,Inward,IEORK,Cork,Number,4282.0,2023,2
TBQ04C06,Empty Units (Number),20232,2023Q2,2,Outward,IEMIP,All Main Irish Ports,Number,27971.0,2023,2
TBQ04C06,Empty Units (Number),20232,2023Q2,2,Outward,IEDUB,Dublin,Number,22630.0,2023,2
TBQ04C06,Empty Units (Number),20232,2023Q2,2,Outward,IEORK,Cork,Number,4787.0,2023,2
TBQ04C06,Empty Units (Number),20233,2023Q3,-,All directions,IEMIP,All Main Irish Ports,Number,52825.0,2023,3
TBQ04C06,Empty Units (Number),20233,2023Q3,-,All directions,IEDUB,Dublin,Number,42226.0,2023,3
TBQ04C06,Empty Units (Number),20233,2023Q3,-,All directions,IEORK,Cork,Number,9077.0,2023,3
TBQ04C06,Empty Units (Number),20233,2023Q3,1,Inward,IEMIP,All Main Irish Ports,Number,8499.0,2023,3
TBQ04C06,Empty Units (Number),20233,2023Q3,1,Inward,IEDUB,Dublin,Number,2954.0,2023,3
TBQ04C06,Empty Units (Number),20233,2023Q3,1,Inward,IEORK,Cork,Number,4563.0,2023,3
TBQ04C06,Empty Units (Number),20233,2023Q3,2,Outward,IEMIP,All Main Irish Ports,Number,44326.0,2023,3
TBQ04C06,Empty Units (Number),20233,2023Q3,2,Outward,IEDUB,Dublin,Number,39272.0,2023,3
TBQ04C06,Empty Units (Number),20233,2023Q3,2,Outward,IEORK,Cork,Number,4514.0,2023,3
TBQ04C06,Empty Units (Number),20234,2023Q4,-,All directions,IEMIP,All Main Irish Ports,Number,38811.0,2023,4
TBQ04C06,Empty Units (Number),20234,2023Q4,-,All directions,IEDUB,Dublin,Number,28455.0,2023,4
TBQ04C06,Empty Units (Number),20234,2023Q4,-,All directions,IEORK,Cork,Number,9118.0,2023,4
TBQ04C06,Empty Units (Number),20234,2023Q4,1,Inward,IEMIP,All Main Irish Ports,Number,8441.0,2023,4
TBQ04C06,Empty Units (Number),20234,2023Q4,1,Inward,IEDUB,Dublin,Number,3254.0,2023,4
TBQ04C06,Empty Units (Number),20234,2023Q4,1,Inward,IEORK,Cork,Number,4365.0,2023,4
TBQ04C06,Empty Units (Number),20234,2023Q4,2,Outward,IEMIP,All Main Irish Ports,Number,30370.0,2023,4
TBQ04C06,Empty Units (Number),20234,2023Q4,2,Outward,IEDUB,Dublin,Number,25201.0,2023,4
TBQ04C06,Empty Units (Number),20234,2023Q4,2,Outward,IEORK,Cork,Number,4753.0,2023,4
TBQ04C06,Empty Units (Number),20241,2024Q1,-,All directions,IEMIP,All Main Irish Ports,Number,38087.0,2024,1
TBQ04C06,Empty Units (Number),20241,2024Q1,-,All directions,IEDUB,Dublin,Number,27849.0,2024,1
TBQ04C06,Empty Units (Number),20241,2024Q1,-,All directions,IEORK,Cork,Number,9097.0,2024,1
TBQ04C06,Empty Units (Number),20241,2024Q1,1,Inward,IEMIP,All Main Irish Ports,Number,6459.0,2024,1
TBQ04C06,Empty Units (Number),20241,2024Q1,1,Inward,IEDUB,Dublin,Number,2544.0,2024,1
TBQ04C06,Empty Units (Number),20241,2024Q1,1,Inward,IEORK,Cork,Number,3241.0,2024,1
TBQ04C06,Empty Units (Number),20241,2024Q1,2,Outward,IEMIP,All Main Irish Ports,Number,31628.0,2024,1
TBQ04C06,Empty Units (Number),20241,2024Q1,2,Outward,IEDUB,Dublin,Number,25305.0,2024,1
TBQ04C06,Empty Units (Number),20241,2024Q1,2,Outward,IEORK,Cork,Number,5856.0,2024,1
TBQ04C06,Empty Units (Number),20242,2024Q2,-,All directions,IEMIP,All Main Irish Ports,Number,42334.0,2024,2
TBQ04C06,Empty Units (Number),20242,2024Q2,-,All directions,IEDUB,Dublin,Number,31095.0,2024,2
TBQ04C06,Empty Units (Number),20242,2024Q2,-,All directions,IEORK,Cork,Number,9094.0,2024,2
TBQ04C06,Empty Units (Number),20242,2024Q2,1,Inward,IEMIP,All Main Irish Ports,Number,7883.0,2024,2
TBQ04C06,Empty Units (Number),20242,2024Q2,1,Inward,IEDUB,Dublin,Number,2561.0,2024,2
TBQ04C06,Empty Units (Number),20242,2024Q2,1,Inward,IEORK,Cork,Number,3826.0,2024,2
TBQ04C06,Empty Units (Number),20242,2024Q2,2,Outward,IEMIP,All Main Irish Ports,Number,34451.0,2024,2
TBQ04C06,Empty Units (Number),20242,2024Q2,2,Outward,IEDUB,Dublin,Number,28534.0,2024,2
TBQ04C06,Empty Units (Number),20242,2024Q2,2,Outward,IEORK,Cork,Number,5268.0,2024,2
TBQ04C06,Empty Units (Number),20243,2024Q3,-,All directions,IEMIP,All Main Irish Ports,Number,45641.0,2024,3
TBQ04C06,Empty Units (Number),20243,2024Q3,-,All directions,IEDUB,Dublin,Number,33583.0,2024,3
TBQ04C06,Empty Units (Number),20243,2024Q3,-,All directions,IEORK,Cork,Number,10006.0,2024,3
TBQ04C06,Empty Units (Number),20243,2024Q3,1,Inward,IEMIP,All Main Irish Ports,Number,9425.0,2024,3
TBQ04C06,Empty Units (Number),20243,2024Q3,1,Inward,IEDUB,Dublin,Number,3058.0,2024,3
TBQ04C06,Empty Units (Number),20243,2024Q3,1,Inward,IEORK,Cork,Number,4924.0,2024,3
TBQ04C06,Empty Units (Number),20243,2024Q3,2,Outward,IEMIP,All Main Irish Ports,Number,36216.0,2024,3
TBQ04C06,Empty Units (Number),20243,2024Q3,2,Outward,IEDUB,Dublin,Number,30525.0,2024,3
TBQ04C06,Empty Units (Number),20243,2024Q3,2,Outward,IEORK,Cork,Number,5082.0,2024,3
TBQ04C06,Empty Units (Number),20244,2024Q4,-,All directions,IEMIP,All Main Irish Ports,Number,45570.0,2024,4
TBQ04C06,Empty Units (Number),20244,2024Q4,-,All directions,IEDUB,Dublin,Number,34443.0,2024,4
TBQ04C06,Empty Units (Number),20244,2024Q4,-,All directions,IEORK,Cork,Number,9125.0,2024,4
TBQ04C06,Empty Units (Number),20244,2024Q4,1,Inward,IEMIP,All Main Irish Ports,Number,8999.0,2024,4
TBQ04C06,Empty Units (Number),20244,2024Q4,1,Inward,IEDUB,Dublin,Number,3492.0,2024,4
TBQ04C06,Empty Units (Number),20244,2024Q4,1,Inward,IEORK,Cork,Number,4064.0,2024,4
TBQ04C06,Empty Units (Number),20244,2024Q4,2,Outward,IEMIP,All Main Irish Ports,Number,36571.0,2024,4
TBQ04C06,Empty Units (Number),20244,2024Q4,2,Outward,IEDUB,Dublin,Number,30951.0,2024,4
TBQ04C06,Empty Units (Number),20244,2024Q4,2,Outward,IEORK,Cork,Number,5061.0,2024,4
TBQ04C06,Empty Units (Number),20251,2025Q1,-,All directions,IEMIP,All Main Irish Ports,Number,46921.0,2025,1
TBQ04C06,Empty Units (Number),20251,2025Q1,-,All directions,IEDUB,Dublin,Number,34826.0,2025,1
TBQ04C06,Empty Units (Number),20251,2025Q1,-,All directions,IEORK,Cork,Number,9650.0,2025,1
TBQ04C06,Empty Units (Number),20251,2025Q1,1,Inward,IEMIP,All Main Irish Ports,Number,10411.0,2025,1
TBQ04C06,Empty Units (Number),20251,2025Q1,1,Inward,IEDUB,Dublin,Number,4083.0,2025,1
TBQ04C06,Empty Units (Number),20251,2025Q1,1,Inward,IEORK,Cork,Number,4416.0,2025,1
TBQ04C06,Empty Units (Number),20251,2025Q1,2,Outward,IEMIP,All Main Irish Ports,Number,36510.0,2025,1
TBQ04C06,Empty Units (Number),20251,2025Q1,2,Outward,IEDUB,Dublin,Number,30743.0,2025,1
TBQ04C06,Empty Units (Number),20251,2025Q1,2,Outward,IEORK,Cork,Number,5234.0,2025,1
TBQ04C06,Empty Units (Number),20252,2025Q2,-,All directions,IEMIP,All Main Irish Ports,Number,50657.0,2025,2
TBQ04C06,Empty Units (Number),20252,2025Q2,-,All directions,IEDUB,Dublin,Number,37620.0,2025,2
TBQ04C06,Empty Units (Number),20252,2025Q2,-,All directions,IEORK,Cork,Number,10456.0,2025,2
TBQ04C06,Empty Units (Number),20252,2025Q2,1,Inward,IEMIP,All Main Irish Ports,Number,10216.0,2025,2
TBQ04C06,Empty Units (Number),20252,2025Q2,1,Inward,IEDUB,Dublin,Number,2953.0,2025,2
TBQ04C06,Empty Units (Number),20252,2025Q2,1,Inward,IEORK,Cork,Number,5245.0,2025,2
TBQ04C06,Empty Units (Number),20252,2025Q2,2,Outward,IEMIP,All Main Irish Ports,Number,40441.0,2025,2
TBQ04C06,Empty Units (Number),20252,2025Q2,2,Outward,IEDUB,Dublin,Number,34667.0,2025,2
TBQ04C06,Empty Units (Number),20252,2025Q2,2,Outward,IEORK,Cork,Number,5211.0,2025,2
TBQ04C06,Empty Units (Number),20253,2025Q3,-,All directions,IEMIP,All Main Irish Ports,Number,45928.0,2025,3
TBQ04C06,Empty Units (Number),20253,2025Q3,-,All directions,IEDUB,Dublin,Number,34533.0,2025,3
TBQ04C06,Empty Units (Number),20253,2025Q3,-,All directions,IEORK,Cork,Number,9087.0,2025,3
TBQ04C06,Empty Units (Number),20253,2025Q3,1,Inward,IEMIP,All Main Irish Ports,Number,8605.0,2025,3
TBQ04C06,Empty Units (Number),20253,2025Q3,1,Inward,IEDUB,Dublin,Number,2878.0,2025,3
TBQ04C06,Empty Units (Number),20253,2025Q3,1,Inward,IEORK,Cork,Number,3921.0,2025,3
TBQ04C06,Empty Units (Number),20253,2025Q3,2,Outward,IEMIP,All Main Irish Ports,Number,37323.0,2025,3
TBQ04C06,Empty Units (Number),20253,2025Q3,2,Outward,IEDUB,Dublin,Number,31655.0,2025,3
TBQ04C06,Empty Units (Number),20253,2025Q3,2,Outward,IEORK,Cork,Number,5166.0,2025,3
TBQ04C06,Empty Units (Number),20254,2025Q4,-,All directions,IEMIP,All Main Irish Ports,Number,44680.0,2025,4
TBQ04C06,Empty Units (Number),20254,2025Q4,-,All directions,IEDUB,Dublin,Number,32598.0,2025,4
TBQ04C06,Empty Units (Number),20254,2025Q4,-,All directions,IEORK,Cork,Number,10043.0,2025,4
TBQ04C06,Empty Units (Number),20254,2025Q4,1,Inward,IEMIP,All Main Irish Ports,Number,10081.0,2025,4
TBQ04C06,Empty Units (Number),20254,2025Q4,1,Inward,IEDUB,Dublin,Number,3710.0,2025,4
TBQ04C06,Empty Units (Number),20254,2025Q4,1,Inward,IEORK,Cork,Number,4973.0,2025,4
TBQ04C06,Empty Units (Number),20254,2025Q4,2,Outward,IEMIP,All Main Irish Ports,Number,34599.0,2025,4
TBQ04C06,Empty Units (Number),20254,2025Q4,2,Outward,IEDUB,Dublin,Number,28888.0,2025,4
TBQ04C06,Empty Units (Number),20254,2025Q4,2,Outward,IEORK,Cork,Number,5070.0,2025,4
TBQ04C06,Empty Units (Number),20261,2026Q1,-,All directions,IEMIP,All Main Irish Ports,Number,45583.0,2026,1
TBQ04C06,Empty Units (Number),20261,2026Q1,-,All directions,IEDUB,Dublin,Number,34817.0,2026,1
TBQ04C06,Empty Units (Number),20261,2026Q1,-,All directions,IEORK,Cork,Number,9513.0,2026,1
TBQ04C06,Empty Units (Number),20261,2026Q1,1,Inward,IEMIP,All Main Irish Ports,Number,8427.0,2026,1
TBQ04C06,Empty Units (Number),20261,2026Q1,1,Inward,IEDUB,Dublin,Number,3514.0,2026,1
TBQ04C06,Empty Units (Number),20261,2026Q1,1,Inward,IEORK,Cork,Number,4061.0,2026,1
TBQ04C06,Empty Units (Number),20261,2026Q1,2,Outward,IEMIP,All Main Irish Ports,Number,37156.0,2026,1
TBQ04C06,Empty Units (Number),20261,2026Q1,2,Outward,IEDUB,Dublin,Number,31303.0,2026,1
TBQ04C06,Empty Units (Number),20261,2026Q1,2,Outward,IEORK,Cork,Number,5452.0,2026,1
TBQ04C07,Empty Units (TEU Twenty-foot Equivalent),20171,2017Q1,-,All directions,IEMIP,All Main Irish Ports,TEU Twenty-foot Equivalent,50649.0,2017,1
TBQ04C07,Empty Units (TEU Twenty-foot Equivalent),20171,2017Q1,-,All directions,IEDUB,Dublin,TEU Twenty-foot Equivalent,37683.0,2017,1
TBQ04C07,Empty Units (TEU Twenty-foot Equivalent),20171,2017Q1,-,All directions,IEORK,Cork,TEU Twenty-foot Equivalent,10313.0,2017,1
TBQ04C07,Empty Units (TEU Twenty-foot Equivalent),20171,2017Q1,1,Inward,IEMIP,All Main Irish Ports,TEU Twenty-foot Equivalent,12538.0,2017,1
TBQ04C07,Empty Units (TEU Twenty-foot Equivalent),20171,2017Q1,1,Inward,IEDUB,Dublin,TEU Twenty-foot Equivalent,5782.0,2017,1
TBQ04C07,Empty Units (TEU Twenty-foot Equivalent),20171,2017Q1,1,Inward,IEORK,Cork,TEU Twenty-foot Equivalent,4905.0,2017,1
TBQ04C07,Empty Units (TEU Twenty-foot Equivalent),20171,2017Q1,2,Outward,IEMIP,All Main Irish Ports,TEU Twenty-foot Equivalent,38111.0,2017,1
TBQ04C07,Empty Units (TEU Twenty-foot Equivalent),20171,2017Q1,2,Outward,IEDUB,Dublin,TEU Twenty-foot Equivalent,31901.0,2017,1
TBQ04C07,Empty Units (TEU Twenty-foot Equivalent),20171,2017Q1,2,Outward,IEORK,Cork,TEU Twenty-foot Equivalent,5408.0,2017,1
TBQ04C07,Empty Units (TEU Twenty-foot Equivalent),20172,2017Q2,-,All directions,IEMIP,All Main Irish Ports,TEU Twenty-foot Equivalent,55846.0,2017,2
TBQ04C07,Empty Units (TEU Twenty-foot Equivalent),20172,2017Q2,-,All directions,IEDUB,Dublin,TEU Twenty-foot Equivalent,39062.0,2017,2
TBQ04C07,Empty Units (TEU Twenty-foot Equivalent),20172,2017Q2,-,All directions,IEORK,Cork,TEU Twenty-foot Equivalent,12990.0,2017,2
TBQ04C07,Empty Units (TEU Twenty-foot Equivalent),20172,2017Q2,1,Inward,IEMIP,All Main Irish Ports,TEU Twenty-foot Equivalent,15927.0,2017,2
TBQ04C07,Empty Units (TEU Twenty-foot Equivalent),20172,2017Q2,1,Inward,IEDUB,Dublin,TEU Twenty-foot Equivalent,4901.0,2017,2
TBQ04C07,Empty Units (TEU Twenty-foot Equivalent),20172,2017Q2,1,Inward,IEORK,Cork,TEU Twenty-foot Equivalent,8220.0,2017,2
TBQ04C07,Empty Units (TEU Twenty-foot Equivalent),20172,2017Q2,2,Outward,IEMIP,All Main Irish Ports,TEU Twenty-foot Equivalent,39919.0,2017,2
TBQ04C07,Empty Units (TEU Twenty-foot Equivalent),20172,2017Q2,2,Outward,IEDUB,Dublin,TEU Twenty-foot Equivalent,34161.0,2017,2
TBQ04C07,Empty Units (TEU Twenty-foot Equivalent),20172,2017Q2,2,Outward,IEORK,Cork,TEU Twenty-foot Equivalent,4770.0,2017,2
TBQ04C07,Empty Units (TEU Twenty-foot Equivalent),20173,2017Q3,-,All directions,IEMIP,All Main Irish Ports,TEU Twenty-foot Equivalent,57484.0,2017,3
TBQ04C07,Empty Units (TEU Twenty-foot Equivalent),20173,2017Q3,-,All directions,IEDUB,Dublin,TEU Twenty-foot Equivalent,43119.0,2017,3
TBQ04C07,Empty Units (TEU Twenty-foot Equivalent),20173,2017Q3,-,All directions,IEORK,Cork,TEU Twenty-foot Equivalent,11221.0,2017,3
TBQ04C07,Empty Units (TEU Twenty-foot Equivalent),20173,2017Q3,1,Inward,IEMIP,All Main Irish Ports,TEU Twenty-foot Equivalent,16397.0,2017,3
TBQ04C07,Empty Units (TEU Twenty-foot Equivalent),20173,2017Q3,1,Inward,IEDUB,Dublin,TEU Twenty-foot Equivalent,7119.0,2017,3
TBQ04C07,Empty Units (TEU Twenty-foot Equivalent),20173,2017Q3,1,Inward,IEORK,Cork,TEU Twenty-foot Equivalent,6981.0,2017,3
TBQ04C07,Empty Units (TEU Twenty-foot Equivalent),20173,2017Q3,2,Outward,IEMIP,All Main Irish Ports,TEU Twenty-foot Equivalent,41087.0,2017,3
TBQ04C07,Empty Units (TEU Twenty-foot Equivalent),20173,2017Q3,2,Outward,IEDUB,Dublin,TEU Twenty-foot Equivalent,36000.0,2017,3
TBQ04C07,Empty Units (TEU Twenty-foot Equivalent),20173,2017Q3,2,Outward,IEORK,Cork,TEU Twenty-foot Equivalent,4240.0,2017,3
TBQ04C07,Empty Units (TEU Twenty-foot Equivalent),20174,2017Q4,-,All directions,IEMIP,All Main Irish Ports,TEU Twenty-foot Equivalent,62334.0,2017,4
TBQ04C07,Empty Units (TEU Twenty-foot Equivalent),20174,2017Q4,-,All directions,IEDUB,Dublin,TEU Twenty-foot Equivalent,47327.0,2017,4
TBQ04C07,Empty Units (TEU Twenty-foot Equivalent),20174,2017Q4,-,All directions,IEORK,Cork,TEU Twenty-foot Equivalent,12421.0,2017,4
TBQ04C07,Empty Units (TEU Twenty-foot Equivalent),20174,2017Q4,1,Inward,IEMIP,All Main Irish Ports,TEU Twenty-foot Equivalent,18840.0,2017,4
TBQ04C07,Empty Units (TEU Twenty-foot Equivalent),20174,2017Q4,1,Inward,IEDUB,Dublin,TEU Twenty-foot Equivalent,8654.0,2017,4
TBQ04C07,Empty Units (TEU Twenty-foot Equivalent),20174,2017Q4,1,Inward,IEORK,Cork,TEU Twenty-foot Equivalent,8471.0,2017,4
TBQ04C07,Empty Units (TEU Twenty-foot Equivalent),20174,2017Q4,2,Outward,IEMIP,All Main Irish Ports,TEU Twenty-foot Equivalent,43494.0,2017,4
TBQ04C07,Empty Units (TEU Twenty-foot Equivalent),20174,2017Q4,2,Outward,IEDUB,Dublin,TEU Twenty-foot Equivalent,38673.0,2017,4
TBQ04C07,Empty Units (TEU Twenty-foot Equivalent),20174,2017Q4,2,Outward,IEORK,Cork,TEU Twenty-foot Equivalent,3950.0,2017,4
TBQ04C07,Empty Units (TEU Twenty-foot Equivalent),20181,2018Q1,-,All directions,IEMIP,All Main Irish Ports,TEU Twenty-foot Equivalent,55338.0,2018,1
TBQ04C07,Empty Units (TEU Twenty-foot Equivalent),20181,2018Q1,-,All directions,IEDUB,Dublin,TEU Twenty-foot Equivalent,41515.0,2018,1
TBQ04C07,Empty Units (TEU Twenty-foot Equivalent),20181,2018Q1,-,All directions,IEORK,Cork,TEU Twenty-foot Equivalent,11382.0,2018,1
TBQ04C07,Empty Units (TEU Twenty-foot Equivalent),20181,2018Q1,1,Inward,IEMIP,All Main Irish Ports,TEU Twenty-foot Equivalent,17192.0,2018,1
TBQ04C07,Empty Units (TEU Twenty-foot Equivalent),20181,2018Q1,1,Inward,IEDUB,Dublin,TEU Twenty-foot Equivalent,8823.0,2018,1
TBQ04C07,Empty Units (TEU Twenty-foot Equivalent),20181,2018Q1,1,Inward,IEORK,Cork,TEU Twenty-foot Equivalent,7044.0,2018,1
TBQ04C07,Empty Units (TEU Twenty-foot Equivalent),20181,2018Q1,2,Outward,IEMIP,All Main Irish Ports,TEU Twenty-foot Equivalent,38146.0,2018,1
TBQ04C07,Empty Units (TEU Twenty-foot Equivalent),20181,2018Q1,2,Outward,IEDUB,Dublin,TEU Twenty-foot Equivalent,32692.0,2018,1
TBQ04C07,Empty Units (TEU Twenty-foot Equivalent),20181,2018Q1,2,Outward,IEORK,Cork,TEU Twenty-foot Equivalent,4338.0,2018,1
TBQ04C07,Empty Units (TEU Twenty-foot Equivalent),20182,2018Q2,-,All directions,IEMIP,All Main Irish Ports,TEU Twenty-foot Equivalent,57939.0,2018,2
TBQ04C07,Empty Units (TEU Twenty-foot Equivalent),20182,2018Q2,-,All directions,IEDUB,Dublin,TEU Twenty-foot Equivalent,41116.0,2018,2
TBQ04C07,Empty Units (TEU Twenty-foot Equivalent),20182,2018Q2,-,All directions,IEORK,Cork,TEU Twenty-foot Equivalent,13572.0,2018,2
TBQ04C07,Empty Units (TEU Twenty-foot Equivalent),20182,2018Q2,1,Inward,IEMIP,All Main Irish Ports,TEU Twenty-foot Equivalent,17047.0,2018,2
TBQ04C07,Empty Units (TEU Twenty-foot Equivalent),20182,2018Q2,1,Inward,IEDUB,Dublin,TEU Twenty-foot Equivalent,6282.0,2018,2
TBQ04C07,Empty Units (TEU Twenty-foot Equivalent),20182,2018Q2,1,Inward,IEORK,Cork,TEU Twenty-foot Equivalent,8517.0,2018,2
TBQ04C07,Empty Units (TEU Twenty-foot Equivalent),20182,2018Q2,2,Outward,IEMIP,All Main Irish Ports,TEU Twenty-foot Equivalent,40892.0,2018,2
TBQ04C07,Empty Units (TEU Twenty-foot Equivalent),20182,2018Q2,2,Outward,IEDUB,Dublin,TEU Twenty-foot Equivalent,34834.0,2018,2
TBQ04C07,Empty Units (TEU Twenty-foot Equivalent),20182,2018Q2,2,Outward,IEORK,Cork,TEU Twenty-foot Equivalent,5056.0,2018,2
TBQ04C07,Empty Units (TEU Twenty-foot Equivalent),20183,2018Q3,-,All directions,IEMIP,All Main Irish Ports,TEU Twenty-foot Equivalent,61273.0,2018,3
TBQ04C07,Empty Units (TEU Twenty-foot Equivalent),20183,2018Q3,-,All directions,IEDUB,Dublin,TEU Twenty-foot Equivalent,43491.0,2018,3
TBQ04C07,Empty Units (TEU Twenty-foot Equivalent),20183,2018Q3,-,All directions,IEORK,Cork,TEU Twenty-foot Equivalent,14152.0,2018,3
TBQ04C07,Empty Units (TEU Twenty-foot Equivalent),20183,2018Q3,1,Inward,IEMIP,All Main Irish Ports,TEU Twenty-foot Equivalent,15685.0,2018,3
TBQ04C07,Empty Units (TEU Twenty-foot Equivalent),20183,2018Q3,1,Inward,IEDUB,Dublin,TEU Twenty-foot Equivalent,4498.0,2018,3
TBQ04C07,Empty Units (TEU Twenty-foot Equivalent),20183,2018Q3,1,Inward,IEORK,Cork,TEU Twenty-foot Equivalent,8463.0,2018,3
TBQ04C07,Empty Units (TEU Twenty-foot Equivalent),20183,2018Q3,2,Outward,IEMIP,All Main Irish Ports,TEU Twenty-foot Equivalent,45588.0,2018,3
TBQ04C07,Empty Units (TEU Twenty-foot Equivalent),20183,2018Q3,2,Outward,IEDUB,Dublin,TEU Twenty-foot Equivalent,38993.0,2018,3
TBQ04C07,Empty Units (TEU Twenty-foot Equivalent),20183,2018Q3,2,Outward,IEORK,Cork,TEU Twenty-foot Equivalent,5689.0,2018,3
TBQ04C07,Empty Units (TEU Twenty-foot Equivalent),20184,2018Q4,-,All directions,IEMIP,All Main Irish Ports,TEU Twenty-foot Equivalent,61983.0,2018,4
TBQ04C07,Empty Units (TEU Twenty-foot Equivalent),20184,2018Q4,-,All directions,IEDUB,Dublin,TEU Twenty-foot Equivalent,45329.0,2018,4
TBQ04C07,Empty Units (TEU Twenty-foot Equivalent),20184,2018Q4,-,All directions,IEORK,Cork,TEU Twenty-foot Equivalent,12832.0,2018,4
TBQ04C07,Empty Units (TEU Twenty-foot Equivalent),20184,2018Q4,1,Inward,IEMIP,All Main Irish Ports,TEU Twenty-foot Equivalent,17570.0,2018,4
TBQ04C07,Empty Units (TEU Twenty-foot Equivalent),20184,2018Q4,1,Inward,IEDUB,Dublin,TEU Twenty-foot Equivalent,6895.0,2018,4
TBQ04C07,Empty Units (TEU Twenty-foot Equivalent),20184,2018Q4,1,Inward,IEORK,Cork,TEU Twenty-foot Equivalent,7788.0,2018,4
TBQ04C07,Empty Units (TEU Twenty-foot Equivalent),20184,2018Q4,2,Outward,IEMIP,All Main Irish Ports,TEU Twenty-foot Equivalent,44412.0,2018,4
TBQ04C07,Empty Units (TEU Twenty-foot Equivalent),20184,2018Q4,2,Outward,IEDUB,Dublin,TEU Twenty-foot Equivalent,38434.0,2018,4
TBQ04C07,Empty Units (TEU Twenty-foot Equivalent),20184,2018Q4,2,Outward,IEORK,Cork,TEU Twenty-foot Equivalent,5044.0,2018,4
TBQ04C07,Empty Units (TEU Twenty-foot Equivalent),20191,2019Q1,-,All directions,IEMIP,All Main Irish Ports,TEU Twenty-foot Equivalent,60764.0,2019,1
TBQ04C07,Empty Units (TEU Twenty-foot Equivalent),20191,2019Q1,-,All directions,IEDUB,Dublin,TEU Twenty-foot Equivalent,45957.0,2019,1
TBQ04C07,Empty Units (TEU Twenty-foot Equivalent),20191,2019Q1,-,All directions,IEORK,Cork,TEU Twenty-foot Equivalent,11696.0,2019,1
TBQ04C07,Empty Units (TEU Twenty-foot Equivalent),20191,2019Q1,1,Inward,IEMIP,All Main Irish Ports,TEU Twenty-foot Equivalent,18893.0,2019,1
TBQ04C07,Empty Units (TEU Twenty-foot Equivalent),20191,2019Q1,1,Inward,IEDUB,Dublin,TEU Twenty-foot Equivalent,10397.0,2019,1
TBQ04C07,Empty Units (TEU Twenty-foot Equivalent),20191,2019Q1,1,Inward,IEORK,Cork,TEU Twenty-foot Equivalent,6297.0,2019,1
TBQ04C07,Empty Units (TEU Twenty-foot Equivalent),20191,2019Q1,2,Outward,IEMIP,All Main Irish Ports,TEU Twenty-foot Equivalent,41871.0,2019,1
TBQ04C07,Empty Units (TEU Twenty-foot Equivalent),20191,2019Q1,2,Outward,IEDUB,Dublin,TEU Twenty-foot Equivalent,35560.0,2019,1
TBQ04C07,Empty Units (TEU Twenty-foot Equivalent),20191,2019Q1,2,Outward,IEORK,Cork,TEU Twenty-foot Equivalent,5399.0,2019,1
TBQ04C07,Empty Units (TEU Twenty-foot Equivalent),20192,2019Q2,-,All directions,IEMIP,All Main Irish Ports,TEU Twenty-foot Equivalent,66622.0,2019,2
TBQ04C07,Empty Units (TEU Twenty-foot Equivalent),20192,2019Q2,-,All directions,IEDUB,Dublin,TEU Twenty-foot Equivalent,48008.0,2019,2
TBQ04C07,Empty Units (TEU Twenty-foot Equivalent),20192,2019Q2,-,All directions,IEORK,Cork,TEU Twenty-foot Equivalent,14887.0,2019,2
TBQ04C07,Empty Units (TEU Twenty-foot Equivalent),20192,2019Q2,1,Inward,IEMIP,All Main Irish Ports,TEU Twenty-foot Equivalent,21736.0,2019,2
TBQ04C07,Empty Units (TEU Twenty-foot Equivalent),20192,2019Q2,1,Inward,IEDUB,Dublin,TEU Twenty-foot Equivalent,9027.0,2019,2
TBQ04C07,Empty Units (TEU Twenty-foot Equivalent),20192,2019Q2,1,Inward,IEORK,Cork,TEU Twenty-foot Equivalent,9540.0,2019,2
TBQ04C07,Empty Units (TEU Twenty-foot Equivalent),20192,2019Q2,2,Outward,IEMIP,All Main Irish Ports,TEU Twenty-foot Equivalent,44886.0,2019,2
TBQ04C07,Empty Units (TEU Twenty-foot Equivalent),20192,2019Q2,2,Outward,IEDUB,Dublin,TEU Twenty-foot Equivalent,38982.0,2019,2
TBQ04C07,Empty Units (TEU Twenty-foot Equivalent),20192,2019Q2,2,Outward,IEORK,Cork,TEU Twenty-foot Equivalent,5347.0,2019,2
TBQ04C07,Empty Units (TEU Twenty-foot Equivalent),20193,2019Q3,-,All directions,IEMIP,All Main Irish Ports,TEU Twenty-foot Equivalent,62114.0,2019,3
TBQ04C07,Empty Units (TEU Twenty-foot Equivalent),20193,2019Q3,-,All directions,IEDUB,Dublin,TEU Twenty-foot Equivalent,42906.0,2019,3
TBQ04C07,Empty Units (TEU Twenty-foot Equivalent),20193,2019Q3,-,All directions,IEORK,Cork,TEU Twenty-foot Equivalent,14064.0,2019,3
TBQ04C07,Empty Units (TEU Twenty-foot Equivalent),20193,2019Q3,1,Inward,IEMIP,All Main Irish Ports,TEU Twenty-foot Equivalent,18664.0,2019,3
TBQ04C07,Empty Units (TEU Twenty-foot Equivalent),20193,2019Q3,1,Inward,IEDUB,Dublin,TEU Twenty-foot Equivalent,5293.0,2019,3
TBQ04C07,Empty Units (TEU Twenty-foot Equivalent),20193,2019Q3,1,Inward,IEORK,Cork,TEU Twenty-foot Equivalent,9083.0,2019,3
TBQ04C07,Empty Units (TEU Twenty-foot Equivalent),20193,2019Q3,2,Outward,IEMIP,All Main Irish Ports,TEU Twenty-foot Equivalent,43450.0,2019,3
TBQ04C07,Empty Units (TEU Twenty-foot Equivalent),20193,2019Q3,2,Outward,IEDUB,Dublin,TEU Twenty-foot Equivalent,37613.0,2019,3
TBQ04C07,Empty Units (TEU Twenty-foot Equivalent),20193,2019Q3,2,Outward,IEORK,Cork,TEU Twenty-foot Equivalent,4981.0,2019,3
TBQ04C07,Empty Units (TEU Twenty-foot Equivalent),20194,2019Q4,-,All directions,IEMIP,All Main Irish Ports,TEU Twenty-foot Equivalent,65579.0,2019,4
TBQ04C07,Empty Units (TEU Twenty-foot Equivalent),20194,2019Q4,-,All directions,IEDUB,Dublin,TEU Twenty-foot Equivalent,48195.0,2019,4
TBQ04C07,Empty Units (TEU Twenty-foot Equivalent),20194,2019Q4,-,All directions,IEORK,Cork,TEU Twenty-foot Equivalent,12639.0,2019,4
TBQ04C07,Empty Units (TEU Twenty-foot Equivalent),20194,2019Q4,1,Inward,IEMIP,All Main Irish Ports,TEU Twenty-foot Equivalent,20815.0,2019,4
TBQ04C07,Empty Units (TEU Twenty-foot Equivalent),20194,2019Q4,1,Inward,IEDUB,Dublin,TEU Twenty-foot Equivalent,8999.0,2019,4
TBQ04C07,Empty Units (TEU Twenty-foot Equivalent),20194,2019Q4,1,Inward,IEORK,Cork,TEU Twenty-foot Equivalent,7996.0,2019,4
TBQ04C07,Empty Units (TEU Twenty-foot Equivalent),20194,2019Q4,2,Outward,IEMIP,All Main Irish Ports,TEU Twenty-foot Equivalent,44764.0,2019,4
TBQ04C07,Empty Units (TEU Twenty-foot Equivalent),20194,2019Q4,2,Outward,IEDUB,Dublin,TEU Twenty-foot Equivalent,39196.0,2019,4
TBQ04C07,Empty Units (TEU Twenty-foot Equivalent),20194,2019Q4,2,Outward,IEORK,Cork,TEU Twenty-foot Equivalent,4644.0,2019,4
TBQ04C07,Empty Units (TEU Twenty-foot Equivalent),20201,2020Q1,-,All directions,IEMIP,All Main Irish Ports,TEU Twenty-foot Equivalent,59730.0,2020,1
TBQ04C07,Empty Units (TEU Twenty-foot Equivalent),20201,2020Q1,-,All directions,IEDUB,Dublin,TEU Twenty-foot Equivalent,44837.0,2020,1
TBQ04C07,Empty Units (TEU Twenty-foot Equivalent),20201,2020Q1,-,All directions,IEORK,Cork,TEU Twenty-foot Equivalent,11048.0,2020,1
TBQ04C07,Empty Units (TEU Twenty-foot Equivalent),20201,2020Q1,1,Inward,IEMIP,All Main Irish Ports,TEU Twenty-foot Equivalent,19614.0,2020,1
TBQ04C07,Empty Units (TEU Twenty-foot Equivalent),20201,2020Q1,1,Inward,IEDUB,Dublin,TEU Twenty-foot Equivalent,10113.0,2020,1
TBQ04C07,Empty Units (TEU Twenty-foot Equivalent),20201,2020Q1,1,Inward,IEORK,Cork,TEU Twenty-foot Equivalent,6657.0,2020,1
TBQ04C07,Empty Units (TEU Twenty-foot Equivalent),20201,2020Q1,2,Outward,IEMIP,All Main Irish Ports,TEU Twenty-foot Equivalent,40116.0,2020,1
TBQ04C07,Empty Units (TEU Twenty-foot Equivalent),20201,2020Q1,2,Outward,IEDUB,Dublin,TEU Twenty-foot Equivalent,34724.0,2020,1
TBQ04C07,Empty Units (TEU Twenty-foot Equivalent),20201,2020Q1,2,Outward,IEORK,Cork,TEU Twenty-foot Equivalent,4392.0,2020,1
TBQ04C07,Empty Units (TEU Twenty-foot Equivalent),20202,2020Q2,-,All directions,IEMIP,All Main Irish Ports,TEU Twenty-foot Equivalent,62688.0,2020,2
TBQ04C07,Empty Units (TEU Twenty-foot Equivalent),20202,2020Q2,-,All directions,IEDUB,Dublin,TEU Twenty-foot Equivalent,42675.0,2020,2
TBQ04C07,Empty Units (TEU Twenty-foot Equivalent),20202,2020Q2,-,All directions,IEORK,Cork,TEU Twenty-foot Equivalent,16153.0,2020,2
TBQ04C07,Empty Units (TEU Twenty-foot Equivalent),20202,2020Q2,1,Inward,IEMIP,All Main Irish Ports,TEU Twenty-foot Equivalent,24413.0,2020,2
TBQ04C07,Empty Units (TEU Twenty-foot Equivalent),20202,2020Q2,1,Inward,IEDUB,Dublin,TEU Twenty-foot Equivalent,11356.0,2020,2
TBQ04C07,Empty Units (TEU Twenty-foot Equivalent),20202,2020Q2,1,Inward,IEORK,Cork,TEU Twenty-foot Equivalent,10291.0,2020,2
TBQ04C07,Empty Units (TEU Twenty-foot Equivalent),20202,2020Q2,2,Outward,IEMIP,All Main Irish Ports,TEU Twenty-foot Equivalent,38275.0,2020,2
TBQ04C07,Empty Units (TEU Twenty-foot Equivalent),20202,2020Q2,2,Outward,IEDUB,Dublin,TEU Twenty-foot Equivalent,31319.0,2020,2
TBQ04C07,Empty Units (TEU Twenty-foot Equivalent),20202,2020Q2,2,Outward,IEORK,Cork,TEU Twenty-foot Equivalent,5863.0,2020,2
TBQ04C07,Empty Units (TEU Twenty-foot Equivalent),20203,2020Q3,-,All directions,IEMIP,All Main Irish Ports,TEU Twenty-foot Equivalent,65014.0,2020,3
TBQ04C07,Empty Units (TEU Twenty-foot Equivalent),20203,2020Q3,-,All directions,IEDUB,Dublin,TEU Twenty-foot Equivalent,44494.0,2020,3
TBQ04C07,Empty Units (TEU Twenty-foot Equivalent),20203,2020Q3,-,All directions,IEORK,Cork,TEU Twenty-foot Equivalent,15749.0,2020,3
TBQ04C07,Empty Units (TEU Twenty-foot Equivalent),20203,2020Q3,1,Inward,IEMIP,All Main Irish Ports,TEU Twenty-foot Equivalent,21638.0,2020,3
TBQ04C07,Empty Units (TEU Twenty-foot Equivalent),20203,2020Q3,1,Inward,IEDUB,Dublin,TEU Twenty-foot Equivalent,7658.0,2020,3
TBQ04C07,Empty Units (TEU Twenty-foot Equivalent),20203,2020Q3,1,Inward,IEORK,Cork,TEU Twenty-foot Equivalent,10117.0,2020,3
TBQ04C07,Empty Units (TEU Twenty-foot Equivalent),20203,2020Q3,2,Outward,IEMIP,All Main Irish Ports,TEU Twenty-foot Equivalent,43376.0,2020,3
TBQ04C07,Empty Units (TEU Twenty-foot Equivalent),20203,2020Q3,2,Outward,IEDUB,Dublin,TEU Twenty-foot Equivalent,36836.0,2020,3
TBQ04C07,Empty Units (TEU Twenty-foot Equivalent),20203,2020Q3,2,Outward,IEORK,Cork,TEU Twenty-foot Equivalent,5632.0,2020,3
TBQ04C07,Empty Units (TEU Twenty-foot Equivalent),20204,2020Q4,-,All directions,IEMIP,All Main Irish Ports,TEU Twenty-foot Equivalent,70871.0,2020,4
TBQ04C07,Empty Units (TEU Twenty-foot Equivalent),20204,2020Q4,-,All directions,IEDUB,Dublin,TEU Twenty-foot Equivalent,54237.0,2020,4
TBQ04C07,Empty Units (TEU Twenty-foot Equivalent),20204,2020Q4,-,All directions,IEORK,Cork,TEU Twenty-foot Equivalent,13411.0,2020,4
TBQ04C07,Empty Units (TEU Twenty-foot Equivalent),20204,2020Q4,1,Inward,IEMIP,All Main Irish Ports,TEU Twenty-foot Equivalent,16655.0,2020,4
TBQ04C07,Empty Units (TEU Twenty-foot Equivalent),20204,2020Q4,1,Inward,IEDUB,Dublin,TEU Twenty-foot Equivalent,7791.0,2020,4
TBQ04C07,Empty Units (TEU Twenty-foot Equivalent),20204,2020Q4,1,Inward,IEORK,Cork,TEU Twenty-foot Equivalent,6641.0,2020,4
TBQ04C07,Empty Units (TEU Twenty-foot Equivalent),20204,2020Q4,2,Outward,IEMIP,All Main Irish Ports,TEU Twenty-foot Equivalent,54216.0,2020,4
TBQ04C07,Empty Units (TEU Twenty-foot Equivalent),20204,2020Q4,2,Outward,IEDUB,Dublin,TEU Twenty-foot Equivalent,46446.0,2020,4
TBQ04C07,Empty Units (TEU Twenty-foot Equivalent),20204,2020Q4,2,Outward,IEORK,Cork,TEU Twenty-foot Equivalent,6770.0,2020,4
TBQ04C07,Empty Units (TEU Twenty-foot Equivalent),20211,2021Q1,-,All directions,IEMIP,All Main Irish Ports,TEU Twenty-foot Equivalent,68031.0,2021,1
TBQ04C07,Empty Units (TEU Twenty-foot Equivalent),20211,2021Q1,-,All directions,IEDUB,Dublin,TEU Twenty-foot Equivalent,50760.0,2021,1
TBQ04C07,Empty Units (TEU Twenty-foot Equivalent),20211,2021Q1,-,All directions,IEORK,Cork,TEU Twenty-foot Equivalent,13868.0,2021,1
TBQ04C07,Empty Units (TEU Twenty-foot Equivalent),20211,2021Q1,1,Inward,IEMIP,All Main Irish Ports,TEU Twenty-foot Equivalent,17498.0,2021,1
TBQ04C07,Empty Units (TEU Twenty-foot Equivalent),20211,2021Q1,1,Inward,IEDUB,Dublin,TEU Twenty-foot Equivalent,8685.0,2021,1
TBQ04C07,Empty Units (TEU Twenty-foot Equivalent),20211,2021Q1,1,Inward,IEORK,Cork,TEU Twenty-foot Equivalent,6342.0,2021,1
TBQ04C07,Empty Units (TEU Twenty-foot Equivalent),20211,2021Q1,2,Outward,IEMIP,All Main Irish Ports,TEU Twenty-foot Equivalent,50533.0,2021,1
TBQ04C07,Empty Units (TEU Twenty-foot Equivalent),20211,2021Q1,2,Outward,IEDUB,Dublin,TEU Twenty-foot Equivalent,42075.0,2021,1
TBQ04C07,Empty Units (TEU Twenty-foot Equivalent),20211,2021Q1,2,Outward,IEORK,Cork,TEU Twenty-foot Equivalent,7526.0,2021,1
TBQ04C07,Empty Units (TEU Twenty-foot Equivalent),20212,2021Q2,-,All directions,IEMIP,All Main Irish Ports,TEU Twenty-foot Equivalent,73954.0,2021,2
TBQ04C07,Empty Units (TEU Twenty-foot Equivalent),20212,2021Q2,-,All directions,IEDUB,Dublin,TEU Twenty-foot Equivalent,53301.0,2021,2
TBQ04C07,Empty Units (TEU Twenty-foot Equivalent),20212,2021Q2,-,All directions,IEORK,Cork,TEU Twenty-foot Equivalent,17060.0,2021,2
TBQ04C07,Empty Units (TEU Twenty-foot Equivalent),20212,2021Q2,1,Inward,IEMIP,All Main Irish Ports,TEU Twenty-foot Equivalent,19150.0,2021,2
TBQ04C07,Empty Units (TEU Twenty-foot Equivalent),20212,2021Q2,1,Inward,IEDUB,Dublin,TEU Twenty-foot Equivalent,7593.0,2021,2
TBQ04C07,Empty Units (TEU Twenty-foot Equivalent),20212,2021Q2,1,Inward,IEORK,Cork,TEU Twenty-foot Equivalent,9192.0,2021,2
TBQ04C07,Empty Units (TEU Twenty-foot Equivalent),20212,2021Q2,2,Outward,IEMIP,All Main Irish Ports,TEU Twenty-foot Equivalent,54803.0,2021,2
TBQ04C07,Empty Units (TEU Twenty-foot Equivalent),20212,2021Q2,2,Outward,IEDUB,Dublin,TEU Twenty-foot Equivalent,45708.0,2021,2
TBQ04C07,Empty Units (TEU Twenty-foot Equivalent),20212,2021Q2,2,Outward,IEORK,Cork,TEU Twenty-foot Equivalent,7868.0,2021,2
TBQ04C07,Empty Units (TEU Twenty-foot Equivalent),20213,2021Q3,-,All directions,IEMIP,All Main Irish Ports,TEU Twenty-foot Equivalent,72272.0,2021,3
TBQ04C07,Empty Units (TEU Twenty-foot Equivalent),20213,2021Q3,-,All directions,IEDUB,Dublin,TEU Twenty-foot Equivalent,49885.0,2021,3
TBQ04C07,Empty Units (TEU Twenty-foot Equivalent),20213,2021Q3,-,All directions,IEORK,Cork,TEU Twenty-foot Equivalent,18376.0,2021,3
TBQ04C07,Empty Units (TEU Twenty-foot Equivalent),20213,2021Q3,1,Inward,IEMIP,All Main Irish Ports,TEU Twenty-foot Equivalent,17497.0,2021,3
TBQ04C07,Empty Units (TEU Twenty-foot Equivalent),20213,2021Q3,1,Inward,IEDUB,Dublin,TEU Twenty-foot Equivalent,5163.0,2021,3
TBQ04C07,Empty Units (TEU Twenty-foot Equivalent),20213,2021Q3,1,Inward,IEORK,Cork,TEU Twenty-foot Equivalent,9554.0,2021,3
TBQ04C07,Empty Units (TEU Twenty-foot Equivalent),20213,2021Q3,2,Outward,IEMIP,All Main Irish Ports,TEU Twenty-foot Equivalent,54775.0,2021,3
TBQ04C07,Empty Units (TEU Twenty-foot Equivalent),20213,2021Q3,2,Outward,IEDUB,Dublin,TEU Twenty-foot Equivalent,44722.0,2021,3
TBQ04C07,Empty Units (TEU Twenty-foot Equivalent),20213,2021Q3,2,Outward,IEORK,Cork,TEU Twenty-foot Equivalent,8822.0,2021,3
TBQ04C07,Empty Units (TEU Twenty-foot Equivalent),20214,2021Q4,-,All directions,IEMIP,All Main Irish Ports,TEU Twenty-foot Equivalent,68366.0,2021,4
TBQ04C07,Empty Units (TEU Twenty-foot Equivalent),20214,2021Q4,-,All directions,IEDUB,Dublin,TEU Twenty-foot Equivalent,48893.0,2021,4
TBQ04C07,Empty Units (TEU Twenty-foot Equivalent),20214,2021Q4,-,All directions,IEORK,Cork,TEU Twenty-foot Equivalent,15159.0,2021,4
TBQ04C07,Empty Units (TEU Twenty-foot Equivalent),20214,2021Q4,1,Inward,IEMIP,All Main Irish Ports,TEU Twenty-foot Equivalent,17352.0,2021,4
TBQ04C07,Empty Units (TEU Twenty-foot Equivalent),20214,2021Q4,1,Inward,IEDUB,Dublin,TEU Twenty-foot Equivalent,5756.0,2021,4
TBQ04C07,Empty Units (TEU Twenty-foot Equivalent),20214,2021Q4,1,Inward,IEORK,Cork,TEU Twenty-foot Equivalent,8351.0,2021,4
TBQ04C07,Empty Units (TEU Twenty-foot Equivalent),20214,2021Q4,2,Outward,IEMIP,All Main Irish Ports,TEU Twenty-foot Equivalent,51014.0,2021,4
TBQ04C07,Empty Units (TEU Twenty-foot Equivalent),20214,2021Q4,2,Outward,IEDUB,Dublin,TEU Twenty-foot Equivalent,43137.0,2021,4
TBQ04C07,Empty Units (TEU Twenty-foot Equivalent),20214,2021Q4,2,Outward,IEORK,Cork,TEU Twenty-foot Equivalent,6809.0,2021,4
TBQ04C07,Empty Units (TEU Twenty-foot Equivalent),20221,2022Q1,-,All directions,IEMIP,All Main Irish Ports,TEU Twenty-foot Equivalent,73548.0,2022,1
TBQ04C07,Empty Units (TEU Twenty-foot Equivalent),20221,2022Q1,-,All directions,IEDUB,Dublin,TEU Twenty-foot Equivalent,54145.0,2022,1
TBQ04C07,Empty Units (TEU Twenty-foot Equivalent),20221,2022Q1,-,All directions,IEORK,Cork,TEU Twenty-foot Equivalent,16381.0,2022,1
TBQ04C07,Empty Units (TEU Twenty-foot Equivalent),20221,2022Q1,1,Inward,IEMIP,All Main Irish Ports,TEU Twenty-foot Equivalent,15922.0,2022,1
TBQ04C07,Empty Units (TEU Twenty-foot Equivalent),20221,2022Q1,1,Inward,IEDUB,Dublin,TEU Twenty-foot Equivalent,7886.0,2022,1
TBQ04C07,Empty Units (TEU Twenty-foot Equivalent),20221,2022Q1,1,Inward,IEORK,Cork,TEU Twenty-foot Equivalent,6177.0,2022,1
TBQ04C07,Empty Units (TEU Twenty-foot Equivalent),20221,2022Q1,2,Outward,IEMIP,All Main Irish Ports,TEU Twenty-foot Equivalent,57627.0,2022,1
TBQ04C07,Empty Units (TEU Twenty-foot Equivalent),20221,2022Q1,2,Outward,IEDUB,Dublin,TEU Twenty-foot Equivalent,46259.0,2022,1
TBQ04C07,Empty Units (TEU Twenty-foot Equivalent),20221,2022Q1,2,Outward,IEORK,Cork,TEU Twenty-foot Equivalent,10205.0,2022,1
TBQ04C07,Empty Units (TEU Twenty-foot Equivalent),20222,2022Q2,-,All directions,IEMIP,All Main Irish Ports,TEU Twenty-foot Equivalent,77743.0,2022,2
TBQ04C07,Empty Units (TEU Twenty-foot Equivalent),20222,2022Q2,-,All directions,IEDUB,Dublin,TEU Twenty-foot Equivalent,56460.0,2022,2
TBQ04C07,Empty Units (TEU Twenty-foot Equivalent),20222,2022Q2,-,All directions,IEORK,Cork,TEU Twenty-foot Equivalent,17560.0,2022,2
TBQ04C07,Empty Units (TEU Twenty-foot Equivalent),20222,2022Q2,1,Inward,IEMIP,All Main Irish Ports,TEU Twenty-foot Equivalent,17906.0,2022,2
TBQ04C07,Empty Units (TEU Twenty-foot Equivalent),20222,2022Q2,1,Inward,IEDUB,Dublin,TEU Twenty-foot Equivalent,7045.0,2022,2
TBQ04C07,Empty Units (TEU Twenty-foot Equivalent),20222,2022Q2,1,Inward,IEORK,Cork,TEU Twenty-foot Equivalent,8381.0,2022,2
TBQ04C07,Empty Units (TEU Twenty-foot Equivalent),20222,2022Q2,2,Outward,IEMIP,All Main Irish Ports,TEU Twenty-foot Equivalent,59837.0,2022,2
TBQ04C07,Empty Units (TEU Twenty-foot Equivalent),20222,2022Q2,2,Outward,IEDUB,Dublin,TEU Twenty-foot Equivalent,49415.0,2022,2
TBQ04C07,Empty Units (TEU Twenty-foot Equivalent),20222,2022Q2,2,Outward,IEORK,Cork,TEU Twenty-foot Equivalent,9180.0,2022,2
TBQ04C07,Empty Units (TEU Twenty-foot Equivalent),20223,2022Q3,-,All directions,IEMIP,All Main Irish Ports,TEU Twenty-foot Equivalent,75552.0,2022,3
TBQ04C07,Empty Units (TEU Twenty-foot Equivalent),20223,2022Q3,-,All directions,IEDUB,Dublin,TEU Twenty-foot Equivalent,52399.0,2022,3
TBQ04C07,Empty Units (TEU Twenty-foot Equivalent),20223,2022Q3,-,All directions,IEORK,Cork,TEU Twenty-foot Equivalent,19235.0,2022,3
TBQ04C07,Empty Units (TEU Twenty-foot Equivalent),20223,2022Q3,1,Inward,IEMIP,All Main Irish Ports,TEU Twenty-foot Equivalent,19980.0,2022,3
TBQ04C07,Empty Units (TEU Twenty-foot Equivalent),20223,2022Q3,1,Inward,IEDUB,Dublin,TEU Twenty-foot Equivalent,7022.0,2022,3
TBQ04C07,Empty Units (TEU Twenty-foot Equivalent),20223,2022Q3,1,Inward,IEORK,Cork,TEU Twenty-foot Equivalent,10156.0,2022,3
TBQ04C07,Empty Units (TEU Twenty-foot Equivalent),20223,2022Q3,2,Outward,IEMIP,All Main Irish Ports,TEU Twenty-foot Equivalent,55572.0,2022,3
TBQ04C07,Empty Units (TEU Twenty-foot Equivalent),20223,2022Q3,2,Outward,IEDUB,Dublin,TEU Twenty-foot Equivalent,45377.0,2022,3
TBQ04C07,Empty Units (TEU Twenty-foot Equivalent),20223,2022Q3,2,Outward,IEORK,Cork,TEU Twenty-foot Equivalent,9080.0,2022,3
TBQ04C07,Empty Units (TEU Twenty-foot Equivalent),20224,2022Q4,-,All directions,IEMIP,All Main Irish Ports,TEU Twenty-foot Equivalent,63534.0,2022,4
TBQ04C07,Empty Units (TEU Twenty-foot Equivalent),20224,2022Q4,-,All directions,IEDUB,Dublin,TEU Twenty-foot Equivalent,45022.0,2022,4
TBQ04C07,Empty Units (TEU Twenty-foot Equivalent),20224,2022Q4,-,All directions,IEORK,Cork,TEU Twenty-foot Equivalent,14845.0,2022,4
TBQ04C07,Empty Units (TEU Twenty-foot Equivalent),20224,2022Q4,1,Inward,IEMIP,All Main Irish Ports,TEU Twenty-foot Equivalent,16036.0,2022,4
TBQ04C07,Empty Units (TEU Twenty-foot Equivalent),20224,2022Q4,1,Inward,IEDUB,Dublin,TEU Twenty-foot Equivalent,6273.0,2022,4
TBQ04C07,Empty Units (TEU Twenty-foot Equivalent),20224,2022Q4,1,Inward,IEORK,Cork,TEU Twenty-foot Equivalent,7052.0,2022,4
TBQ04C07,Empty Units (TEU Twenty-foot Equivalent),20224,2022Q4,2,Outward,IEMIP,All Main Irish Ports,TEU Twenty-foot Equivalent,47498.0,2022,4
TBQ04C07,Empty Units (TEU Twenty-foot Equivalent),20224,2022Q4,2,Outward,IEDUB,Dublin,TEU Twenty-foot Equivalent,38749.0,2022,4
TBQ04C07,Empty Units (TEU Twenty-foot Equivalent),20224,2022Q4,2,Outward,IEORK,Cork,TEU Twenty-foot Equivalent,7793.0,2022,4
TBQ04C07,Empty Units (TEU Twenty-foot Equivalent),20231,2023Q1,-,All directions,IEMIP,All Main Irish Ports,TEU Twenty-foot Equivalent,66564.0,2023,1
TBQ04C07,Empty Units (TEU Twenty-foot Equivalent),20231,2023Q1,-,All directions,IEDUB,Dublin,TEU Twenty-foot Equivalent,49439.0,2023,1
TBQ04C07,Empty Units (TEU Twenty-foot Equivalent),20231,2023Q1,-,All directions,IEORK,Cork,TEU Twenty-foot Equivalent,15159.0,2023,1
TBQ04C07,Empty Units (TEU Twenty-foot Equivalent),20231,2023Q1,1,Inward,IEMIP,All Main Irish Ports,TEU Twenty-foot Equivalent,14481.0,2023,1
TBQ04C07,Empty Units (TEU Twenty-foot Equivalent),20231,2023Q1,1,Inward,IEDUB,Dublin,TEU Twenty-foot Equivalent,7084.0,2023,1
TBQ04C07,Empty Units (TEU Twenty-foot Equivalent),20231,2023Q1,1,Inward,IEORK,Cork,TEU Twenty-foot Equivalent,6296.0,2023,1
TBQ04C07,Empty Units (TEU Twenty-foot Equivalent),20231,2023Q1,2,Outward,IEMIP,All Main Irish Ports,TEU Twenty-foot Equivalent,52083.0,2023,1
TBQ04C07,Empty Units (TEU Twenty-foot Equivalent),20231,2023Q1,2,Outward,IEDUB,Dublin,TEU Twenty-foot Equivalent,42356.0,2023,1
TBQ04C07,Empty Units (TEU Twenty-foot Equivalent),20231,2023Q1,2,Outward,IEORK,Cork,TEU Twenty-foot Equivalent,8863.0,2023,1
TBQ04C07,Empty Units (TEU Twenty-foot Equivalent),20232,2023Q2,-,All directions,IEMIP,All Main Irish Ports,TEU Twenty-foot Equivalent,64368.0,2023,2
TBQ04C07,Empty Units (TEU Twenty-foot Equivalent),20232,2023Q2,-,All directions,IEDUB,Dublin,TEU Twenty-foot Equivalent,46210.0,2023,2
TBQ04C07,Empty Units (TEU Twenty-foot Equivalent),20232,2023Q2,-,All directions,IEORK,Cork,TEU Twenty-foot Equivalent,15022.0,2023,2
TBQ04C07,Empty Units (TEU Twenty-foot Equivalent),20232,2023Q2,1,Inward,IEMIP,All Main Irish Ports,TEU Twenty-foot Equivalent,15966.0,2023,2
TBQ04C07,Empty Units (TEU Twenty-foot Equivalent),20232,2023Q2,1,Inward,IEDUB,Dublin,TEU Twenty-foot Equivalent,5899.0,2023,2
TBQ04C07,Empty Units (TEU Twenty-foot Equivalent),20232,2023Q2,1,Inward,IEORK,Cork,TEU Twenty-foot Equivalent,7772.0,2023,2
TBQ04C07,Empty Units (TEU Twenty-foot Equivalent),20232,2023Q2,2,Outward,IEMIP,All Main Irish Ports,TEU Twenty-foot Equivalent,48402.0,2023,2
TBQ04C07,Empty Units (TEU Twenty-foot Equivalent),20232,2023Q2,2,Outward,IEDUB,Dublin,TEU Twenty-foot Equivalent,40311.0,2023,2
TBQ04C07,Empty Units (TEU Twenty-foot Equivalent),20232,2023Q2,2,Outward,IEORK,Cork,TEU Twenty-foot Equivalent,7250.0,2023,2
TBQ04C07,Empty Units (TEU Twenty-foot Equivalent),20233,2023Q3,-,All directions,IEMIP,All Main Irish Ports,TEU Twenty-foot Equivalent,95583.0,2023,3
TBQ04C07,Empty Units (TEU Twenty-foot Equivalent),20233,2023Q3,-,All directions,IEDUB,Dublin,TEU Twenty-foot Equivalent,77100.0,2023,3
TBQ04C07,Empty Units (TEU Twenty-foot Equivalent),20233,2023Q3,-,All directions,IEORK,Cork,TEU Twenty-foot Equivalent,15484.0,2023,3
TBQ04C07,Empty Units (TEU Twenty-foot Equivalent),20233,2023Q3,1,Inward,IEMIP,All Main Irish Ports,TEU Twenty-foot Equivalent,16040.0,2023,3
TBQ04C07,Empty Units (TEU Twenty-foot Equivalent),20233,2023Q3,1,Inward,IEDUB,Dublin,TEU Twenty-foot Equivalent,5032.0,2023,3
TBQ04C07,Empty Units (TEU Twenty-foot Equivalent),20233,2023Q3,1,Inward,IEORK,Cork,TEU Twenty-foot Equivalent,8806.0,2023,3
TBQ04C07,Empty Units (TEU Twenty-foot Equivalent),20233,2023Q3,2,Outward,IEMIP,All Main Irish Ports,TEU Twenty-foot Equivalent,79543.0,2023,3
TBQ04C07,Empty Units (TEU Twenty-foot Equivalent),20233,2023Q3,2,Outward,IEDUB,Dublin,TEU Twenty-foot Equivalent,72068.0,2023,3
TBQ04C07,Empty Units (TEU Twenty-foot Equivalent),20233,2023Q3,2,Outward,IEORK,Cork,TEU Twenty-foot Equivalent,6678.0,2023,3
TBQ04C07,Empty Units (TEU Twenty-foot Equivalent),20234,2023Q4,-,All directions,IEMIP,All Main Irish Ports,TEU Twenty-foot Equivalent,68247.0,2023,4
TBQ04C07,Empty Units (TEU Twenty-foot Equivalent),20234,2023Q4,-,All directions,IEDUB,Dublin,TEU Twenty-foot Equivalent,50127.0,2023,4
TBQ04C07,Empty Units (TEU Twenty-foot Equivalent),20234,2023Q4,-,All directions,IEORK,Cork,TEU Twenty-foot Equivalent,15660.0,2023,4
TBQ04C07,Empty Units (TEU Twenty-foot Equivalent),20234,2023Q4,1,Inward,IEMIP,All Main Irish Ports,TEU Twenty-foot Equivalent,16202.0,2023,4
TBQ04C07,Empty Units (TEU Twenty-foot Equivalent),20234,2023Q4,1,Inward,IEDUB,Dublin,TEU Twenty-foot Equivalent,6001.0,2023,4
TBQ04C07,Empty Units (TEU Twenty-foot Equivalent),20234,2023Q4,1,Inward,IEORK,Cork,TEU Twenty-foot Equivalent,8353.0,2023,4
TBQ04C07,Empty Units (TEU Twenty-foot Equivalent),20234,2023Q4,2,Outward,IEMIP,All Main Irish Ports,TEU Twenty-foot Equivalent,52045.0,2023,4
TBQ04C07,Empty Units (TEU Twenty-foot Equivalent),20234,2023Q4,2,Outward,IEDUB,Dublin,TEU Twenty-foot Equivalent,44126.0,2023,4
TBQ04C07,Empty Units (TEU Twenty-foot Equivalent),20234,2023Q4,2,Outward,IEORK,Cork,TEU Twenty-foot Equivalent,7308.0,2023,4
TBQ04C07,Empty Units (TEU Twenty-foot Equivalent),20241,2024Q1,-,All directions,IEMIP,All Main Irish Ports,TEU Twenty-foot Equivalent,68207.0,2024,1
TBQ04C07,Empty Units (TEU Twenty-foot Equivalent),20241,2024Q1,-,All directions,IEDUB,Dublin,TEU Twenty-foot Equivalent,50145.0,2024,1
TBQ04C07,Empty Units (TEU Twenty-foot Equivalent),20241,2024Q1,-,All directions,IEORK,Cork,TEU Twenty-foot Equivalent,15988.0,2024,1
TBQ04C07,Empty Units (TEU Twenty-foot Equivalent),20241,2024Q1,1,Inward,IEMIP,All Main Irish Ports,TEU Twenty-foot Equivalent,12135.0,2024,1
TBQ04C07,Empty Units (TEU Twenty-foot Equivalent),20241,2024Q1,1,Inward,IEDUB,Dublin,TEU Twenty-foot Equivalent,4685.0,2024,1
TBQ04C07,Empty Units (TEU Twenty-foot Equivalent),20241,2024Q1,1,Inward,IEORK,Cork,TEU Twenty-foot Equivalent,6040.0,2024,1
TBQ04C07,Empty Units (TEU Twenty-foot Equivalent),20241,2024Q1,2,Outward,IEMIP,All Main Irish Ports,TEU Twenty-foot Equivalent,56072.0,2024,1
TBQ04C07,Empty Units (TEU Twenty-foot Equivalent),20241,2024Q1,2,Outward,IEDUB,Dublin,TEU Twenty-foot Equivalent,45460.0,2024,1
TBQ04C07,Empty Units (TEU Twenty-foot Equivalent),20241,2024Q1,2,Outward,IEORK,Cork,TEU Twenty-foot Equivalent,9949.0,2024,1
TBQ04C07,Empty Units (TEU Twenty-foot Equivalent),20242,2024Q2,-,All directions,IEMIP,All Main Irish Ports,TEU Twenty-foot Equivalent,74565.0,2024,2
TBQ04C07,Empty Units (TEU Twenty-foot Equivalent),20242,2024Q2,-,All directions,IEDUB,Dublin,TEU Twenty-foot Equivalent,54721.0,2024,2
TBQ04C07,Empty Units (TEU Twenty-foot Equivalent),20242,2024Q2,-,All directions,IEORK,Cork,TEU Twenty-foot Equivalent,15770.0,2024,2
TBQ04C07,Empty Units (TEU Twenty-foot Equivalent),20242,2024Q2,1,Inward,IEMIP,All Main Irish Ports,TEU Twenty-foot Equivalent,15177.0,2024,2
TBQ04C07,Empty Units (TEU Twenty-foot Equivalent),20242,2024Q2,1,Inward,IEDUB,Dublin,TEU Twenty-foot Equivalent,4789.0,2024,2
TBQ04C07,Empty Units (TEU Twenty-foot Equivalent),20242,2024Q2,1,Inward,IEORK,Cork,TEU Twenty-foot Equivalent,7305.0,2024,2
TBQ04C07,Empty Units (TEU Twenty-foot Equivalent),20242,2024Q2,2,Outward,IEMIP,All Main Irish Ports,TEU Twenty-foot Equivalent,59388.0,2024,2
TBQ04C07,Empty Units (TEU Twenty-foot Equivalent),20242,2024Q2,2,Outward,IEDUB,Dublin,TEU Twenty-foot Equivalent,49932.0,2024,2
TBQ04C07,Empty Units (TEU Twenty-foot Equivalent),20242,2024Q2,2,Outward,IEORK,Cork,TEU Twenty-foot Equivalent,8464.0,2024,2
TBQ04C07,Empty Units (TEU Twenty-foot Equivalent),20243,2024Q3,-,All directions,IEMIP,All Main Irish Ports,TEU Twenty-foot Equivalent,81740.0,2024,3
TBQ04C07,Empty Units (TEU Twenty-foot Equivalent),20243,2024Q3,-,All directions,IEDUB,Dublin,TEU Twenty-foot Equivalent,60030.0,2024,3
TBQ04C07,Empty Units (TEU Twenty-foot Equivalent),20243,2024Q3,-,All directions,IEORK,Cork,TEU Twenty-foot Equivalent,17793.0,2024,3
TBQ04C07,Empty Units (TEU Twenty-foot Equivalent),20243,2024Q3,1,Inward,IEMIP,All Main Irish Ports,TEU Twenty-foot Equivalent,18124.0,2024,3
TBQ04C07,Empty Units (TEU Twenty-foot Equivalent),20243,2024Q3,1,Inward,IEDUB,Dublin,TEU Twenty-foot Equivalent,5781.0,2024,3
TBQ04C07,Empty Units (TEU Twenty-foot Equivalent),20243,2024Q3,1,Inward,IEORK,Cork,TEU Twenty-foot Equivalent,9359.0,2024,3
TBQ04C07,Empty Units (TEU Twenty-foot Equivalent),20243,2024Q3,2,Outward,IEMIP,All Main Irish Ports,TEU Twenty-foot Equivalent,63616.0,2024,3
TBQ04C07,Empty Units (TEU Twenty-foot Equivalent),20243,2024Q3,2,Outward,IEDUB,Dublin,TEU Twenty-foot Equivalent,54249.0,2024,3
TBQ04C07,Empty Units (TEU Twenty-foot Equivalent),20243,2024Q3,2,Outward,IEORK,Cork,TEU Twenty-foot Equivalent,8433.0,2024,3
TBQ04C07,Empty Units (TEU Twenty-foot Equivalent),20244,2024Q4,-,All directions,IEMIP,All Main Irish Ports,TEU Twenty-foot Equivalent,81507.0,2024,4
TBQ04C07,Empty Units (TEU Twenty-foot Equivalent),20244,2024Q4,-,All directions,IEDUB,Dublin,TEU Twenty-foot Equivalent,61575.0,2024,4
TBQ04C07,Empty Units (TEU Twenty-foot Equivalent),20244,2024Q4,-,All directions,IEORK,Cork,TEU Twenty-foot Equivalent,16085.0,2024,4
TBQ04C07,Empty Units (TEU Twenty-foot Equivalent),20244,2024Q4,1,Inward,IEMIP,All Main Irish Ports,TEU Twenty-foot Equivalent,17499.0,2024,4
TBQ04C07,Empty Units (TEU Twenty-foot Equivalent),20244,2024Q4,1,Inward,IEDUB,Dublin,TEU Twenty-foot Equivalent,6623.0,2024,4
TBQ04C07,Empty Units (TEU Twenty-foot Equivalent),20244,2024Q4,1,Inward,IEORK,Cork,TEU Twenty-foot Equivalent,7849.0,2024,4
TBQ04C07,Empty Units (TEU Twenty-foot Equivalent),20244,2024Q4,2,Outward,IEMIP,All Main Irish Ports,TEU Twenty-foot Equivalent,64008.0,2024,4
TBQ04C07,Empty Units (TEU Twenty-foot Equivalent),20244,2024Q4,2,Outward,IEDUB,Dublin,TEU Twenty-foot Equivalent,54952.0,2024,4
TBQ04C07,Empty Units (TEU Twenty-foot Equivalent),20244,2024Q4,2,Outward,IEORK,Cork,TEU Twenty-foot Equivalent,8237.0,2024,4
TBQ04C07,Empty Units (TEU Twenty-foot Equivalent),20251,2025Q1,-,All directions,IEMIP,All Main Irish Ports,TEU Twenty-foot Equivalent,83643.0,2025,1
TBQ04C07,Empty Units (TEU Twenty-foot Equivalent),20251,2025Q1,-,All directions,IEDUB,Dublin,TEU Twenty-foot Equivalent,62555.0,2025,1
TBQ04C07,Empty Units (TEU Twenty-foot Equivalent),20251,2025Q1,-,All directions,IEORK,Cork,TEU Twenty-foot Equivalent,17294.0,2025,1
TBQ04C07,Empty Units (TEU Twenty-foot Equivalent),20251,2025Q1,1,Inward,IEMIP,All Main Irish Ports,TEU Twenty-foot Equivalent,19076.0,2025,1
TBQ04C07,Empty Units (TEU Twenty-foot Equivalent),20251,2025Q1,1,Inward,IEDUB,Dublin,TEU Twenty-foot Equivalent,7623.0,2025,1
TBQ04C07,Empty Units (TEU Twenty-foot Equivalent),20251,2025Q1,1,Inward,IEORK,Cork,TEU Twenty-foot Equivalent,8437.0,2025,1
TBQ04C07,Empty Units (TEU Twenty-foot Equivalent),20251,2025Q1,2,Outward,IEMIP,All Main Irish Ports,TEU Twenty-foot Equivalent,64567.0,2025,1
TBQ04C07,Empty Units (TEU Twenty-foot Equivalent),20251,2025Q1,2,Outward,IEDUB,Dublin,TEU Twenty-foot Equivalent,54933.0,2025,1
TBQ04C07,Empty Units (TEU Twenty-foot Equivalent),20251,2025Q1,2,Outward,IEORK,Cork,TEU Twenty-foot Equivalent,8857.0,2025,1
TBQ04C07,Empty Units (TEU Twenty-foot Equivalent),20252,2025Q2,-,All directions,IEMIP,All Main Irish Ports,TEU Twenty-foot Equivalent,89707.0,2025,2
TBQ04C07,Empty Units (TEU Twenty-foot Equivalent),20252,2025Q2,-,All directions,IEDUB,Dublin,TEU Twenty-foot Equivalent,66773.0,2025,2
TBQ04C07,Empty Units (TEU Twenty-foot Equivalent),20252,2025Q2,-,All directions,IEORK,Cork,TEU Twenty-foot Equivalent,18229.0,2025,2
TBQ04C07,Empty Units (TEU Twenty-foot Equivalent),20252,2025Q2,1,Inward,IEMIP,All Main Irish Ports,TEU Twenty-foot Equivalent,19486.0,2025,2
TBQ04C07,Empty Units (TEU Twenty-foot Equivalent),20252,2025Q2,1,Inward,IEDUB,Dublin,TEU Twenty-foot Equivalent,5498.0,2025,2
TBQ04C07,Empty Units (TEU Twenty-foot Equivalent),20252,2025Q2,1,Inward,IEORK,Cork,TEU Twenty-foot Equivalent,10140.0,2025,2
TBQ04C07,Empty Units (TEU Twenty-foot Equivalent),20252,2025Q2,2,Outward,IEMIP,All Main Irish Ports,TEU Twenty-foot Equivalent,70221.0,2025,2
TBQ04C07,Empty Units (TEU Twenty-foot Equivalent),20252,2025Q2,2,Outward,IEDUB,Dublin,TEU Twenty-foot Equivalent,61275.0,2025,2
TBQ04C07,Empty Units (TEU Twenty-foot Equivalent),20252,2025Q2,2,Outward,IEORK,Cork,TEU Twenty-foot Equivalent,8089.0,2025,2
TBQ04C07,Empty Units (TEU Twenty-foot Equivalent),20253,2025Q3,-,All directions,IEMIP,All Main Irish Ports,TEU Twenty-foot Equivalent,81140.0,2025,3
TBQ04C07,Empty Units (TEU Twenty-foot Equivalent),20253,2025Q3,-,All directions,IEDUB,Dublin,TEU Twenty-foot Equivalent,61058.0,2025,3
TBQ04C07,Empty Units (TEU Twenty-foot Equivalent),20253,2025Q3,-,All directions,IEORK,Cork,TEU Twenty-foot Equivalent,15912.0,2025,3
TBQ04C07,Empty Units (TEU Twenty-foot Equivalent),20253,2025Q3,1,Inward,IEMIP,All Main Irish Ports,TEU Twenty-foot Equivalent,16537.0,2025,3
TBQ04C07,Empty Units (TEU Twenty-foot Equivalent),20253,2025Q3,1,Inward,IEDUB,Dublin,TEU Twenty-foot Equivalent,5380.0,2025,3
TBQ04C07,Empty Units (TEU Twenty-foot Equivalent),20253,2025Q3,1,Inward,IEORK,Cork,TEU Twenty-foot Equivalent,7756.0,2025,3
TBQ04C07,Empty Units (TEU Twenty-foot Equivalent),20253,2025Q3,2,Outward,IEMIP,All Main Irish Ports,TEU Twenty-foot Equivalent,64603.0,2025,3
TBQ04C07,Empty Units (TEU Twenty-foot Equivalent),20253,2025Q3,2,Outward,IEDUB,Dublin,TEU Twenty-foot Equivalent,55679.0,2025,3
TBQ04C07,Empty Units (TEU Twenty-foot Equivalent),20253,2025Q3,2,Outward,IEORK,Cork,TEU Twenty-foot Equivalent,8157.0,2025,3
TBQ04C07,Empty Units (TEU Twenty-foot Equivalent),20254,2025Q4,-,All directions,IEMIP,All Main Irish Ports,TEU Twenty-foot Equivalent,79634.0,2025,4
TBQ04C07,Empty Units (TEU Twenty-foot Equivalent),20254,2025Q4,-,All directions,IEDUB,Dublin,TEU Twenty-foot Equivalent,58096.0,2025,4
TBQ04C07,Empty Units (TEU Twenty-foot Equivalent),20254,2025Q4,-,All directions,IEORK,Cork,TEU Twenty-foot Equivalent,17993.0,2025,4
TBQ04C07,Empty Units (TEU Twenty-foot Equivalent),20254,2025Q4,1,Inward,IEMIP,All Main Irish Ports,TEU Twenty-foot Equivalent,18953.0,2025,4
TBQ04C07,Empty Units (TEU Twenty-foot Equivalent),20254,2025Q4,1,Inward,IEDUB,Dublin,TEU Twenty-foot Equivalent,6925.0,2025,4
TBQ04C07,Empty Units (TEU Twenty-foot Equivalent),20254,2025Q4,1,Inward,IEORK,Cork,TEU Twenty-foot Equivalent,9594.0,2025,4
TBQ04C07,Empty Units (TEU Twenty-foot Equivalent),20254,2025Q4,2,Outward,IEMIP,All Main Irish Ports,TEU Twenty-foot Equivalent,60681.0,2025,4
TBQ04C07,Empty Units (TEU Twenty-foot Equivalent),20254,2025Q4,2,Outward,IEDUB,Dublin,TEU Twenty-foot Equivalent,51171.0,2025,4
TBQ04C07,Empty Units (TEU Twenty-foot Equivalent),20254,2025Q4,2,Outward,IEORK,Cork,TEU Twenty-foot Equivalent,8399.0,2025,4
TBQ04C07,Empty Units (TEU Twenty-foot Equivalent),20261,2026Q1,-,All directions,IEMIP,All Main Irish Ports,TEU Twenty-foot Equivalent,80642.0,2026,1
TBQ04C07,Empty Units (TEU Twenty-foot Equivalent),20261,2026Q1,-,All directions,IEDUB,Dublin,TEU Twenty-foot Equivalent,62137.0,2026,1
TBQ04C07,Empty Units (TEU Twenty-foot Equivalent),20261,2026Q1,-,All directions,IEORK,Cork,TEU Twenty-foot Equivalent,16093.0,2026,1
TBQ04C07,Empty Units (TEU Twenty-foot Equivalent),20261,2026Q1,1,Inward,IEMIP,All Main Irish Ports,TEU Twenty-foot Equivalent,15668.0,2026,1
TBQ04C07,Empty Units (TEU Twenty-foot Equivalent),20261,2026Q1,1,Inward,IEDUB,Dublin,TEU Twenty-foot Equivalent,6624.0,2026,1
TBQ04C07,Empty Units (TEU Twenty-foot Equivalent),20261,2026Q1,1,Inward,IEORK,Cork,TEU Twenty-foot Equivalent,7241.0,2026,1
TBQ04C07,Empty Units (TEU Twenty-foot Equivalent),20261,2026Q1,2,Outward,IEMIP,All Main Irish Ports,TEU Twenty-foot Equivalent,64974.0,2026,1
TBQ04C07,Empty Units (TEU Twenty-foot Equivalent),20261,2026Q1,2,Outward,IEDUB,Dublin,TEU Twenty-foot Equivalent,55513.0,2026,1
TBQ04C07,Empty Units (TEU Twenty-foot Equivalent),20261,2026Q1,2,Outward,IEORK,Cork,TEU Twenty-foot Equivalent,8853.0,2026,1
