statistic,statistic_label,tlist(q1),quarter,c01855v02284,port,c01713v02044,region_of_trade,unit,value,year,quarter_num
TBQ05C01,Goods Handled,20171,2017Q1,IEMIP,All Main Irish Ports,-,All regions of trade,000 Tonnes,12900.0,2017,1
TBQ05C01,Goods Handled,20171,2017Q1,IEMIP,All Main Irish Ports,1,Foreign trade: Great Britain and Northern Ireland,000 Tonnes,5029.0,2017,1
TBQ05C01,Goods Handled,20171,2017Q1,IEMIP,All Main Irish Ports,2,Foreign trade: Other EU,000 Tonnes,3952.0,2017,1
TBQ05C01,Goods Handled,20171,2017Q1,IEMIP,All Main Irish Ports,3,Foreign trade: Non-EU,000 Tonnes,1295.0,2017,1
TBQ05C01,Goods Handled,20171,2017Q1,IEMIP,All Main Irish Ports,4,Foreign trade: Other ports,000 Tonnes,2391.0,2017,1
TBQ05C01,Goods Handled,20171,2017Q1,IEMIP,All Main Irish Ports,5,Coastal trade,000 Tonnes,232.0,2017,1
TBQ05C01,Goods Handled,20171,2017Q1,IEBYT,Bantry Bay,-,All regions of trade,000 Tonnes,141.0,2017,1
TBQ05C01,Goods Handled,20171,2017Q1,IEBYT,Bantry Bay,1,Foreign trade: Great Britain and Northern Ireland,000 Tonnes,76.0,2017,1
TBQ05C01,Goods Handled,20171,2017Q1,IEBYT,Bantry Bay,2,Foreign trade: Other EU,000 Tonnes,0.0,2017,1
TBQ05C01,Goods Handled,20171,2017Q1,IEBYT,Bantry Bay,3,Foreign trade: Non-EU,000 Tonnes,0.0,2017,1
TBQ05C01,Goods Handled,20171,2017Q1,IEBYT,Bantry Bay,4,Foreign trade: Other ports,000 Tonnes,65.0,2017,1
TBQ05C01,Goods Handled,20171,2017Q1,IEBYT,Bantry Bay,5,Coastal trade,000 Tonnes,0.0,2017,1
TBQ05C01,Goods Handled,20171,2017Q1,IEDRO,Drogheda,-,All regions of trade,000 Tonnes,299.0,2017,1
TBQ05C01,Goods Handled,20171,2017Q1,IEDRO,Drogheda,1,Foreign trade: Great Britain and Northern Ireland,000 Tonnes,56.0,2017,1
TBQ05C01,Goods Handled,20171,2017Q1,IEDRO,Drogheda,2,Foreign trade: Other EU,000 Tonnes,218.0,2017,1
TBQ05C01,Goods Handled,20171,2017Q1,IEDRO,Drogheda,3,Foreign trade: Non-EU,000 Tonnes,12.0,2017,1
TBQ05C01,Goods Handled,20171,2017Q1,IEDRO,Drogheda,4,Foreign trade: Other ports,000 Tonnes,8.0,2017,1
TBQ05C01,Goods Handled,20171,2017Q1,IEDRO,Drogheda,5,Coastal trade,000 Tonnes,4.0,2017,1
TBQ05C01,Goods Handled,20171,2017Q1,IEDUB,Dublin,-,All regions of trade,000 Tonnes,6014.0,2017,1
TBQ05C01,Goods Handled,20171,2017Q1,IEDUB,Dublin,1,Foreign trade: Great Britain and Northern Ireland,000 Tonnes,3915.0,2017,1
TBQ05C01,Goods Handled,20171,2017Q1,IEDUB,Dublin,2,Foreign trade: Other EU,000 Tonnes,1796.0,2017,1
TBQ05C01,Goods Handled,20171,2017Q1,IEDUB,Dublin,3,Foreign trade: Non-EU,000 Tonnes,140.0,2017,1
TBQ05C01,Goods Handled,20171,2017Q1,IEDUB,Dublin,4,Foreign trade: Other ports,000 Tonnes,145.0,2017,1
TBQ05C01,Goods Handled,20171,2017Q1,IEDUB,Dublin,5,Coastal trade,000 Tonnes,18.0,2017,1
TBQ05C01,Goods Handled,20171,2017Q1,IEFOV,Shannon Foynes,-,All regions of trade,000 Tonnes,3127.0,2017,1
TBQ05C01,Goods Handled,20171,2017Q1,IEFOV,Shannon Foynes,1,Foreign trade: Great Britain and Northern Ireland,000 Tonnes,255.0,2017,1
TBQ05C01,Goods Handled,20171,2017Q1,IEFOV,Shannon Foynes,2,Foreign trade: Other EU,000 Tonnes,798.0,2017,1
TBQ05C01,Goods Handled,20171,2017Q1,IEFOV,Shannon Foynes,3,Foreign trade: Non-EU,000 Tonnes,158.0,2017,1
TBQ05C01,Goods Handled,20171,2017Q1,IEFOV,Shannon Foynes,4,Foreign trade: Other ports,000 Tonnes,1828.0,2017,1
TBQ05C01,Goods Handled,20171,2017Q1,IEFOV,Shannon Foynes,5,Coastal trade,000 Tonnes,87.0,2017,1
TBQ05C01,Goods Handled,20171,2017Q1,IEORK,Cork,-,All regions of trade,000 Tonnes,2345.0,2017,1
TBQ05C01,Goods Handled,20171,2017Q1,IEORK,Cork,1,Foreign trade: Great Britain and Northern Ireland,000 Tonnes,294.0,2017,1
TBQ05C01,Goods Handled,20171,2017Q1,IEORK,Cork,2,Foreign trade: Other EU,000 Tonnes,699.0,2017,1
TBQ05C01,Goods Handled,20171,2017Q1,IEORK,Cork,3,Foreign trade: Non-EU,000 Tonnes,929.0,2017,1
TBQ05C01,Goods Handled,20171,2017Q1,IEORK,Cork,4,Foreign trade: Other ports,000 Tonnes,309.0,2017,1
TBQ05C01,Goods Handled,20171,2017Q1,IEORK,Cork,5,Coastal trade,000 Tonnes,113.0,2017,1
TBQ05C01,Goods Handled,20171,2017Q1,IEROS,Rosslare,-,All regions of trade,000 Tonnes,528.0,2017,1
TBQ05C01,Goods Handled,20171,2017Q1,IEROS,Rosslare,1,Foreign trade: Great Britain and Northern Ireland,000 Tonnes,423.0,2017,1
TBQ05C01,Goods Handled,20171,2017Q1,IEROS,Rosslare,2,Foreign trade: Other EU,000 Tonnes,105.0,2017,1
TBQ05C01,Goods Handled,20171,2017Q1,IEROS,Rosslare,3,Foreign trade: Non-EU,000 Tonnes,0.0,2017,1
TBQ05C01,Goods Handled,20171,2017Q1,IEROS,Rosslare,4,Foreign trade: Other ports,000 Tonnes,0.0,2017,1
TBQ05C01,Goods Handled,20171,2017Q1,IEROS,Rosslare,5,Coastal trade,000 Tonnes,0.0,2017,1
TBQ05C01,Goods Handled,20171,2017Q1,IEWAT,Waterford,-,All regions of trade,000 Tonnes,447.0,2017,1
TBQ05C01,Goods Handled,20171,2017Q1,IEWAT,Waterford,1,Foreign trade: Great Britain and Northern Ireland,000 Tonnes,10.0,2017,1
TBQ05C01,Goods Handled,20171,2017Q1,IEWAT,Waterford,2,Foreign trade: Other EU,000 Tonnes,337.0,2017,1
TBQ05C01,Goods Handled,20171,2017Q1,IEWAT,Waterford,3,Foreign trade: Non-EU,000 Tonnes,55.0,2017,1
TBQ05C01,Goods Handled,20171,2017Q1,IEWAT,Waterford,4,Foreign trade: Other ports,000 Tonnes,36.0,2017,1
TBQ05C01,Goods Handled,20171,2017Q1,IEWAT,Waterford,5,Coastal trade,000 Tonnes,10.0,2017,1
TBQ05C01,Goods Handled,20172,2017Q2,IEMIP,All Main Irish Ports,-,All regions of trade,000 Tonnes,12496.0,2017,2
TBQ05C01,Goods Handled,20172,2017Q2,IEMIP,All Main Irish Ports,1,Foreign trade: Great Britain and Northern Ireland,000 Tonnes,5404.0,2017,2
TBQ05C01,Goods Handled,20172,2017Q2,IEMIP,All Main Irish Ports,2,Foreign trade: Other EU,000 Tonnes,4144.0,2017,2
TBQ05C01,Goods Handled,20172,2017Q2,IEMIP,All Main Irish Ports,3,Foreign trade: Non-EU,000 Tonnes,662.0,2017,2
TBQ05C01,Goods Handled,20172,2017Q2,IEMIP,All Main Irish Ports,4,Foreign trade: Other ports,000 Tonnes,2025.0,2017,2
TBQ05C01,Goods Handled,20172,2017Q2,IEMIP,All Main Irish Ports,5,Coastal trade,000 Tonnes,260.0,2017,2
TBQ05C01,Goods Handled,20172,2017Q2,IEBYT,Bantry Bay,-,All regions of trade,000 Tonnes,191.0,2017,2
TBQ05C01,Goods Handled,20172,2017Q2,IEBYT,Bantry Bay,1,Foreign trade: Great Britain and Northern Ireland,000 Tonnes,0.0,2017,2
TBQ05C01,Goods Handled,20172,2017Q2,IEBYT,Bantry Bay,2,Foreign trade: Other EU,000 Tonnes,57.0,2017,2
TBQ05C01,Goods Handled,20172,2017Q2,IEBYT,Bantry Bay,3,Foreign trade: Non-EU,000 Tonnes,0.0,2017,2
TBQ05C01,Goods Handled,20172,2017Q2,IEBYT,Bantry Bay,4,Foreign trade: Other ports,000 Tonnes,134.0,2017,2
TBQ05C01,Goods Handled,20172,2017Q2,IEBYT,Bantry Bay,5,Coastal trade,000 Tonnes,0.0,2017,2
TBQ05C01,Goods Handled,20172,2017Q2,IEDRO,Drogheda,-,All regions of trade,000 Tonnes,306.0,2017,2
TBQ05C01,Goods Handled,20172,2017Q2,IEDRO,Drogheda,1,Foreign trade: Great Britain and Northern Ireland,000 Tonnes,77.0,2017,2
TBQ05C01,Goods Handled,20172,2017Q2,IEDRO,Drogheda,2,Foreign trade: Other EU,000 Tonnes,213.0,2017,2
TBQ05C01,Goods Handled,20172,2017Q2,IEDRO,Drogheda,3,Foreign trade: Non-EU,000 Tonnes,13.0,2017,2
TBQ05C01,Goods Handled,20172,2017Q2,IEDRO,Drogheda,4,Foreign trade: Other ports,000 Tonnes,3.0,2017,2
TBQ05C01,Goods Handled,20172,2017Q2,IEDRO,Drogheda,5,Coastal trade,000 Tonnes,0.0,2017,2
TBQ05C01,Goods Handled,20172,2017Q2,IEDUB,Dublin,-,All regions of trade,000 Tonnes,6256.0,2017,2
TBQ05C01,Goods Handled,20172,2017Q2,IEDUB,Dublin,1,Foreign trade: Great Britain and Northern Ireland,000 Tonnes,4101.0,2017,2
TBQ05C01,Goods Handled,20172,2017Q2,IEDUB,Dublin,2,Foreign trade: Other EU,000 Tonnes,1805.0,2017,2
TBQ05C01,Goods Handled,20172,2017Q2,IEDUB,Dublin,3,Foreign trade: Non-EU,000 Tonnes,128.0,2017,2
TBQ05C01,Goods Handled,20172,2017Q2,IEDUB,Dublin,4,Foreign trade: Other ports,000 Tonnes,197.0,2017,2
TBQ05C01,Goods Handled,20172,2017Q2,IEDUB,Dublin,5,Coastal trade,000 Tonnes,24.0,2017,2
TBQ05C01,Goods Handled,20172,2017Q2,IEFOV,Shannon Foynes,-,All regions of trade,000 Tonnes,2695.0,2017,2
TBQ05C01,Goods Handled,20172,2017Q2,IEFOV,Shannon Foynes,1,Foreign trade: Great Britain and Northern Ireland,000 Tonnes,348.0,2017,2
TBQ05C01,Goods Handled,20172,2017Q2,IEFOV,Shannon Foynes,2,Foreign trade: Other EU,000 Tonnes,924.0,2017,2
TBQ05C01,Goods Handled,20172,2017Q2,IEFOV,Shannon Foynes,3,Foreign trade: Non-EU,000 Tonnes,88.0,2017,2
TBQ05C01,Goods Handled,20172,2017Q2,IEFOV,Shannon Foynes,4,Foreign trade: Other ports,000 Tonnes,1211.0,2017,2
TBQ05C01,Goods Handled,20172,2017Q2,IEFOV,Shannon Foynes,5,Coastal trade,000 Tonnes,124.0,2017,2
TBQ05C01,Goods Handled,20172,2017Q2,IEORK,Cork,-,All regions of trade,000 Tonnes,2089.0,2017,2
TBQ05C01,Goods Handled,20172,2017Q2,IEORK,Cork,1,Foreign trade: Great Britain and Northern Ireland,000 Tonnes,431.0,2017,2
TBQ05C01,Goods Handled,20172,2017Q2,IEORK,Cork,2,Foreign trade: Other EU,000 Tonnes,722.0,2017,2
TBQ05C01,Goods Handled,20172,2017Q2,IEORK,Cork,3,Foreign trade: Non-EU,000 Tonnes,417.0,2017,2
TBQ05C01,Goods Handled,20172,2017Q2,IEORK,Cork,4,Foreign trade: Other ports,000 Tonnes,408.0,2017,2
TBQ05C01,Goods Handled,20172,2017Q2,IEORK,Cork,5,Coastal trade,000 Tonnes,112.0,2017,2
TBQ05C01,Goods Handled,20172,2017Q2,IEROS,Rosslare,-,All regions of trade,000 Tonnes,562.0,2017,2
TBQ05C01,Goods Handled,20172,2017Q2,IEROS,Rosslare,1,Foreign trade: Great Britain and Northern Ireland,000 Tonnes,444.0,2017,2
TBQ05C01,Goods Handled,20172,2017Q2,IEROS,Rosslare,2,Foreign trade: Other EU,000 Tonnes,118.0,2017,2
TBQ05C01,Goods Handled,20172,2017Q2,IEROS,Rosslare,3,Foreign trade: Non-EU,000 Tonnes,0.0,2017,2
TBQ05C01,Goods Handled,20172,2017Q2,IEROS,Rosslare,4,Foreign trade: Other ports,000 Tonnes,0.0,2017,2
TBQ05C01,Goods Handled,20172,2017Q2,IEROS,Rosslare,5,Coastal trade,000 Tonnes,0.0,2017,2
TBQ05C01,Goods Handled,20172,2017Q2,IEWAT,Waterford,-,All regions of trade,000 Tonnes,397.0,2017,2
TBQ05C01,Goods Handled,20172,2017Q2,IEWAT,Waterford,1,Foreign trade: Great Britain and Northern Ireland,000 Tonnes,4.0,2017,2
TBQ05C01,Goods Handled,20172,2017Q2,IEWAT,Waterford,2,Foreign trade: Other EU,000 Tonnes,305.0,2017,2
TBQ05C01,Goods Handled,20172,2017Q2,IEWAT,Waterford,3,Foreign trade: Non-EU,000 Tonnes,17.0,2017,2
TBQ05C01,Goods Handled,20172,2017Q2,IEWAT,Waterford,4,Foreign trade: Other ports,000 Tonnes,72.0,2017,2
TBQ05C01,Goods Handled,20172,2017Q2,IEWAT,Waterford,5,Coastal trade,000 Tonnes,0.0,2017,2
TBQ05C01,Goods Handled,20173,2017Q3,IEMIP,All Main Irish Ports,-,All regions of trade,000 Tonnes,12697.0,2017,3
TBQ05C01,Goods Handled,20173,2017Q3,IEMIP,All Main Irish Ports,1,Foreign trade: Great Britain and Northern Ireland,000 Tonnes,5866.0,2017,3
TBQ05C01,Goods Handled,20173,2017Q3,IEMIP,All Main Irish Ports,2,Foreign trade: Other EU,000 Tonnes,4010.0,2017,3
TBQ05C01,Goods Handled,20173,2017Q3,IEMIP,All Main Irish Ports,3,Foreign trade: Non-EU,000 Tonnes,630.0,2017,3
TBQ05C01,Goods Handled,20173,2017Q3,IEMIP,All Main Irish Ports,4,Foreign trade: Other ports,000 Tonnes,1916.0,2017,3
TBQ05C01,Goods Handled,20173,2017Q3,IEMIP,All Main Irish Ports,5,Coastal trade,000 Tonnes,275.0,2017,3
TBQ05C01,Goods Handled,20173,2017Q3,IEBYT,Bantry Bay,-,All regions of trade,000 Tonnes,277.0,2017,3
TBQ05C01,Goods Handled,20173,2017Q3,IEBYT,Bantry Bay,1,Foreign trade: Great Britain and Northern Ireland,000 Tonnes,94.0,2017,3
TBQ05C01,Goods Handled,20173,2017Q3,IEBYT,Bantry Bay,2,Foreign trade: Other EU,000 Tonnes,79.0,2017,3
TBQ05C01,Goods Handled,20173,2017Q3,IEBYT,Bantry Bay,3,Foreign trade: Non-EU,000 Tonnes,0.0,2017,3
TBQ05C01,Goods Handled,20173,2017Q3,IEBYT,Bantry Bay,4,Foreign trade: Other ports,000 Tonnes,105.0,2017,3
TBQ05C01,Goods Handled,20173,2017Q3,IEBYT,Bantry Bay,5,Coastal trade,000 Tonnes,0.0,2017,3
TBQ05C01,Goods Handled,20173,2017Q3,IEDRO,Drogheda,-,All regions of trade,000 Tonnes,281.0,2017,3
TBQ05C01,Goods Handled,20173,2017Q3,IEDRO,Drogheda,1,Foreign trade: Great Britain and Northern Ireland,000 Tonnes,85.0,2017,3
TBQ05C01,Goods Handled,20173,2017Q3,IEDRO,Drogheda,2,Foreign trade: Other EU,000 Tonnes,175.0,2017,3
TBQ05C01,Goods Handled,20173,2017Q3,IEDRO,Drogheda,3,Foreign trade: Non-EU,000 Tonnes,12.0,2017,3
TBQ05C01,Goods Handled,20173,2017Q3,IEDRO,Drogheda,4,Foreign trade: Other ports,000 Tonnes,6.0,2017,3
TBQ05C01,Goods Handled,20173,2017Q3,IEDRO,Drogheda,5,Coastal trade,000 Tonnes,3.0,2017,3
TBQ05C01,Goods Handled,20173,2017Q3,IEDUB,Dublin,-,All regions of trade,000 Tonnes,6315.0,2017,3
TBQ05C01,Goods Handled,20173,2017Q3,IEDUB,Dublin,1,Foreign trade: Great Britain and Northern Ireland,000 Tonnes,4267.0,2017,3
TBQ05C01,Goods Handled,20173,2017Q3,IEDUB,Dublin,2,Foreign trade: Other EU,000 Tonnes,1745.0,2017,3
TBQ05C01,Goods Handled,20173,2017Q3,IEDUB,Dublin,3,Foreign trade: Non-EU,000 Tonnes,91.0,2017,3
TBQ05C01,Goods Handled,20173,2017Q3,IEDUB,Dublin,4,Foreign trade: Other ports,000 Tonnes,151.0,2017,3
TBQ05C01,Goods Handled,20173,2017Q3,IEDUB,Dublin,5,Coastal trade,000 Tonnes,61.0,2017,3
TBQ05C01,Goods Handled,20173,2017Q3,IEFOV,Shannon Foynes,-,All regions of trade,000 Tonnes,2673.0,2017,3
TBQ05C01,Goods Handled,20173,2017Q3,IEFOV,Shannon Foynes,1,Foreign trade: Great Britain and Northern Ireland,000 Tonnes,436.0,2017,3
TBQ05C01,Goods Handled,20173,2017Q3,IEFOV,Shannon Foynes,2,Foreign trade: Other EU,000 Tonnes,884.0,2017,3
TBQ05C01,Goods Handled,20173,2017Q3,IEFOV,Shannon Foynes,3,Foreign trade: Non-EU,000 Tonnes,97.0,2017,3
TBQ05C01,Goods Handled,20173,2017Q3,IEFOV,Shannon Foynes,4,Foreign trade: Other ports,000 Tonnes,1146.0,2017,3
TBQ05C01,Goods Handled,20173,2017Q3,IEFOV,Shannon Foynes,5,Coastal trade,000 Tonnes,110.0,2017,3
TBQ05C01,Goods Handled,20173,2017Q3,IEORK,Cork,-,All regions of trade,000 Tonnes,2260.0,2017,3
TBQ05C01,Goods Handled,20173,2017Q3,IEORK,Cork,1,Foreign trade: Great Britain and Northern Ireland,000 Tonnes,532.0,2017,3
TBQ05C01,Goods Handled,20173,2017Q3,IEORK,Cork,2,Foreign trade: Other EU,000 Tonnes,769.0,2017,3
TBQ05C01,Goods Handled,20173,2017Q3,IEORK,Cork,3,Foreign trade: Non-EU,000 Tonnes,390.0,2017,3
TBQ05C01,Goods Handled,20173,2017Q3,IEORK,Cork,4,Foreign trade: Other ports,000 Tonnes,467.0,2017,3
TBQ05C01,Goods Handled,20173,2017Q3,IEORK,Cork,5,Coastal trade,000 Tonnes,102.0,2017,3
TBQ05C01,Goods Handled,20173,2017Q3,IEROS,Rosslare,-,All regions of trade,000 Tonnes,542.0,2017,3
TBQ05C01,Goods Handled,20173,2017Q3,IEROS,Rosslare,1,Foreign trade: Great Britain and Northern Ireland,000 Tonnes,442.0,2017,3
TBQ05C01,Goods Handled,20173,2017Q3,IEROS,Rosslare,2,Foreign trade: Other EU,000 Tonnes,100.0,2017,3
TBQ05C01,Goods Handled,20173,2017Q3,IEROS,Rosslare,3,Foreign trade: Non-EU,000 Tonnes,0.0,2017,3
TBQ05C01,Goods Handled,20173,2017Q3,IEROS,Rosslare,4,Foreign trade: Other ports,000 Tonnes,0.0,2017,3
TBQ05C01,Goods Handled,20173,2017Q3,IEROS,Rosslare,5,Coastal trade,000 Tonnes,0.0,2017,3
TBQ05C01,Goods Handled,20173,2017Q3,IEWAT,Waterford,-,All regions of trade,000 Tonnes,350.0,2017,3
TBQ05C01,Goods Handled,20173,2017Q3,IEWAT,Waterford,1,Foreign trade: Great Britain and Northern Ireland,000 Tonnes,11.0,2017,3
TBQ05C01,Goods Handled,20173,2017Q3,IEWAT,Waterford,2,Foreign trade: Other EU,000 Tonnes,258.0,2017,3
TBQ05C01,Goods Handled,20173,2017Q3,IEWAT,Waterford,3,Foreign trade: Non-EU,000 Tonnes,40.0,2017,3
TBQ05C01,Goods Handled,20173,2017Q3,IEWAT,Waterford,4,Foreign trade: Other ports,000 Tonnes,42.0,2017,3
TBQ05C01,Goods Handled,20173,2017Q3,IEWAT,Waterford,5,Coastal trade,000 Tonnes,0.0,2017,3
TBQ05C01,Goods Handled,20174,2017Q4,IEMIP,All Main Irish Ports,-,All regions of trade,000 Tonnes,13061.0,2017,4
TBQ05C01,Goods Handled,20174,2017Q4,IEMIP,All Main Irish Ports,1,Foreign trade: Great Britain and Northern Ireland,000 Tonnes,5724.0,2017,4
TBQ05C01,Goods Handled,20174,2017Q4,IEMIP,All Main Irish Ports,2,Foreign trade: Other EU,000 Tonnes,4335.0,2017,4
TBQ05C01,Goods Handled,20174,2017Q4,IEMIP,All Main Irish Ports,3,Foreign trade: Non-EU,000 Tonnes,646.0,2017,4
TBQ05C01,Goods Handled,20174,2017Q4,IEMIP,All Main Irish Ports,4,Foreign trade: Other ports,000 Tonnes,2073.0,2017,4
TBQ05C01,Goods Handled,20174,2017Q4,IEMIP,All Main Irish Ports,5,Coastal trade,000 Tonnes,282.0,2017,4
TBQ05C01,Goods Handled,20174,2017Q4,IEBYT,Bantry Bay,-,All regions of trade,000 Tonnes,238.0,2017,4
TBQ05C01,Goods Handled,20174,2017Q4,IEBYT,Bantry Bay,1,Foreign trade: Great Britain and Northern Ireland,000 Tonnes,0.0,2017,4
TBQ05C01,Goods Handled,20174,2017Q4,IEBYT,Bantry Bay,2,Foreign trade: Other EU,000 Tonnes,102.0,2017,4
TBQ05C01,Goods Handled,20174,2017Q4,IEBYT,Bantry Bay,3,Foreign trade: Non-EU,000 Tonnes,0.0,2017,4
TBQ05C01,Goods Handled,20174,2017Q4,IEBYT,Bantry Bay,4,Foreign trade: Other ports,000 Tonnes,135.0,2017,4
TBQ05C01,Goods Handled,20174,2017Q4,IEBYT,Bantry Bay,5,Coastal trade,000 Tonnes,0.0,2017,4
TBQ05C01,Goods Handled,20174,2017Q4,IEDRO,Drogheda,-,All regions of trade,000 Tonnes,397.0,2017,4
TBQ05C01,Goods Handled,20174,2017Q4,IEDRO,Drogheda,1,Foreign trade: Great Britain and Northern Ireland,000 Tonnes,86.0,2017,4
TBQ05C01,Goods Handled,20174,2017Q4,IEDRO,Drogheda,2,Foreign trade: Other EU,000 Tonnes,267.0,2017,4
TBQ05C01,Goods Handled,20174,2017Q4,IEDRO,Drogheda,3,Foreign trade: Non-EU,000 Tonnes,18.0,2017,4
TBQ05C01,Goods Handled,20174,2017Q4,IEDRO,Drogheda,4,Foreign trade: Other ports,000 Tonnes,23.0,2017,4
TBQ05C01,Goods Handled,20174,2017Q4,IEDRO,Drogheda,5,Coastal trade,000 Tonnes,2.0,2017,4
TBQ05C01,Goods Handled,20174,2017Q4,IEDUB,Dublin,-,All regions of trade,000 Tonnes,6412.0,2017,4
TBQ05C01,Goods Handled,20174,2017Q4,IEDUB,Dublin,1,Foreign trade: Great Britain and Northern Ireland,000 Tonnes,4157.0,2017,4
TBQ05C01,Goods Handled,20174,2017Q4,IEDUB,Dublin,2,Foreign trade: Other EU,000 Tonnes,1854.0,2017,4
TBQ05C01,Goods Handled,20174,2017Q4,IEDUB,Dublin,3,Foreign trade: Non-EU,000 Tonnes,72.0,2017,4
TBQ05C01,Goods Handled,20174,2017Q4,IEDUB,Dublin,4,Foreign trade: Other ports,000 Tonnes,262.0,2017,4
TBQ05C01,Goods Handled,20174,2017Q4,IEDUB,Dublin,5,Coastal trade,000 Tonnes,66.0,2017,4
TBQ05C01,Goods Handled,20174,2017Q4,IEFOV,Shannon Foynes,-,All regions of trade,000 Tonnes,2788.0,2017,4
TBQ05C01,Goods Handled,20174,2017Q4,IEFOV,Shannon Foynes,1,Foreign trade: Great Britain and Northern Ireland,000 Tonnes,406.0,2017,4
TBQ05C01,Goods Handled,20174,2017Q4,IEFOV,Shannon Foynes,2,Foreign trade: Other EU,000 Tonnes,939.0,2017,4
TBQ05C01,Goods Handled,20174,2017Q4,IEFOV,Shannon Foynes,3,Foreign trade: Non-EU,000 Tonnes,114.0,2017,4
TBQ05C01,Goods Handled,20174,2017Q4,IEFOV,Shannon Foynes,4,Foreign trade: Other ports,000 Tonnes,1243.0,2017,4
TBQ05C01,Goods Handled,20174,2017Q4,IEFOV,Shannon Foynes,5,Coastal trade,000 Tonnes,88.0,2017,4
TBQ05C01,Goods Handled,20174,2017Q4,IEORK,Cork,-,All regions of trade,000 Tonnes,2274.0,2017,4
TBQ05C01,Goods Handled,20174,2017Q4,IEORK,Cork,1,Foreign trade: Great Britain and Northern Ireland,000 Tonnes,652.0,2017,4
TBQ05C01,Goods Handled,20174,2017Q4,IEORK,Cork,2,Foreign trade: Other EU,000 Tonnes,732.0,2017,4
TBQ05C01,Goods Handled,20174,2017Q4,IEORK,Cork,3,Foreign trade: Non-EU,000 Tonnes,432.0,2017,4
TBQ05C01,Goods Handled,20174,2017Q4,IEORK,Cork,4,Foreign trade: Other ports,000 Tonnes,332.0,2017,4
TBQ05C01,Goods Handled,20174,2017Q4,IEORK,Cork,5,Coastal trade,000 Tonnes,126.0,2017,4
TBQ05C01,Goods Handled,20174,2017Q4,IEROS,Rosslare,-,All regions of trade,000 Tonnes,534.0,2017,4
TBQ05C01,Goods Handled,20174,2017Q4,IEROS,Rosslare,1,Foreign trade: Great Britain and Northern Ireland,000 Tonnes,416.0,2017,4
TBQ05C01,Goods Handled,20174,2017Q4,IEROS,Rosslare,2,Foreign trade: Other EU,000 Tonnes,118.0,2017,4
TBQ05C01,Goods Handled,20174,2017Q4,IEROS,Rosslare,3,Foreign trade: Non-EU,000 Tonnes,0.0,2017,4
TBQ05C01,Goods Handled,20174,2017Q4,IEROS,Rosslare,4,Foreign trade: Other ports,000 Tonnes,0.0,2017,4
TBQ05C01,Goods Handled,20174,2017Q4,IEROS,Rosslare,5,Coastal trade,000 Tonnes,0.0,2017,4
TBQ05C01,Goods Handled,20174,2017Q4,IEWAT,Waterford,-,All regions of trade,000 Tonnes,418.0,2017,4
TBQ05C01,Goods Handled,20174,2017Q4,IEWAT,Waterford,1,Foreign trade: Great Britain and Northern Ireland,000 Tonnes,6.0,2017,4
TBQ05C01,Goods Handled,20174,2017Q4,IEWAT,Waterford,2,Foreign trade: Other EU,000 Tonnes,324.0,2017,4
TBQ05C01,Goods Handled,20174,2017Q4,IEWAT,Waterford,3,Foreign trade: Non-EU,000 Tonnes,10.0,2017,4
TBQ05C01,Goods Handled,20174,2017Q4,IEWAT,Waterford,4,Foreign trade: Other ports,000 Tonnes,78.0,2017,4
TBQ05C01,Goods Handled,20174,2017Q4,IEWAT,Waterford,5,Coastal trade,000 Tonnes,0.0,2017,4
TBQ05C01,Goods Handled,20181,2018Q1,IEMIP,All Main Irish Ports,-,All regions of trade,000 Tonnes,12869.0,2018,1
TBQ05C01,Goods Handled,20181,2018Q1,IEMIP,All Main Irish Ports,1,Foreign trade: Great Britain and Northern Ireland,000 Tonnes,5130.0,2018,1
TBQ05C01,Goods Handled,20181,2018Q1,IEMIP,All Main Irish Ports,2,Foreign trade: Other EU,000 Tonnes,4458.0,2018,1
TBQ05C01,Goods Handled,20181,2018Q1,IEMIP,All Main Irish Ports,3,Foreign trade: Non-EU,000 Tonnes,871.0,2018,1
TBQ05C01,Goods Handled,20181,2018Q1,IEMIP,All Main Irish Ports,4,Foreign trade: Other ports,000 Tonnes,1972.0,2018,1
TBQ05C01,Goods Handled,20181,2018Q1,IEMIP,All Main Irish Ports,5,Coastal trade,000 Tonnes,438.0,2018,1
TBQ05C01,Goods Handled,20181,2018Q1,IEBYT,Bantry Bay,-,All regions of trade,000 Tonnes,111.0,2018,1
TBQ05C01,Goods Handled,20181,2018Q1,IEBYT,Bantry Bay,1,Foreign trade: Great Britain and Northern Ireland,000 Tonnes,0.0,2018,1
TBQ05C01,Goods Handled,20181,2018Q1,IEBYT,Bantry Bay,2,Foreign trade: Other EU,000 Tonnes,34.0,2018,1
TBQ05C01,Goods Handled,20181,2018Q1,IEBYT,Bantry Bay,3,Foreign trade: Non-EU,000 Tonnes,0.0,2018,1
TBQ05C01,Goods Handled,20181,2018Q1,IEBYT,Bantry Bay,4,Foreign trade: Other ports,000 Tonnes,76.0,2018,1
TBQ05C01,Goods Handled,20181,2018Q1,IEBYT,Bantry Bay,5,Coastal trade,000 Tonnes,0.0,2018,1
TBQ05C01,Goods Handled,20181,2018Q1,IEDRO,Drogheda,-,All regions of trade,000 Tonnes,327.0,2018,1
TBQ05C01,Goods Handled,20181,2018Q1,IEDRO,Drogheda,1,Foreign trade: Great Britain and Northern Ireland,000 Tonnes,90.0,2018,1
TBQ05C01,Goods Handled,20181,2018Q1,IEDRO,Drogheda,2,Foreign trade: Other EU,000 Tonnes,217.0,2018,1
TBQ05C01,Goods Handled,20181,2018Q1,IEDRO,Drogheda,3,Foreign trade: Non-EU,000 Tonnes,6.0,2018,1
TBQ05C01,Goods Handled,20181,2018Q1,IEDRO,Drogheda,4,Foreign trade: Other ports,000 Tonnes,6.0,2018,1
TBQ05C01,Goods Handled,20181,2018Q1,IEDRO,Drogheda,5,Coastal trade,000 Tonnes,9.0,2018,1
TBQ05C01,Goods Handled,20181,2018Q1,IEDUB,Dublin,-,All regions of trade,000 Tonnes,6255.0,2018,1
TBQ05C01,Goods Handled,20181,2018Q1,IEDUB,Dublin,1,Foreign trade: Great Britain and Northern Ireland,000 Tonnes,3830.0,2018,1
TBQ05C01,Goods Handled,20181,2018Q1,IEDUB,Dublin,2,Foreign trade: Other EU,000 Tonnes,1897.0,2018,1
TBQ05C01,Goods Handled,20181,2018Q1,IEDUB,Dublin,3,Foreign trade: Non-EU,000 Tonnes,173.0,2018,1
TBQ05C01,Goods Handled,20181,2018Q1,IEDUB,Dublin,4,Foreign trade: Other ports,000 Tonnes,213.0,2018,1
TBQ05C01,Goods Handled,20181,2018Q1,IEDUB,Dublin,5,Coastal trade,000 Tonnes,141.0,2018,1
TBQ05C01,Goods Handled,20181,2018Q1,IEFOV,Shannon Foynes,-,All regions of trade,000 Tonnes,2920.0,2018,1
TBQ05C01,Goods Handled,20181,2018Q1,IEFOV,Shannon Foynes,1,Foreign trade: Great Britain and Northern Ireland,000 Tonnes,316.0,2018,1
TBQ05C01,Goods Handled,20181,2018Q1,IEFOV,Shannon Foynes,2,Foreign trade: Other EU,000 Tonnes,1156.0,2018,1
TBQ05C01,Goods Handled,20181,2018Q1,IEFOV,Shannon Foynes,3,Foreign trade: Non-EU,000 Tonnes,229.0,2018,1
TBQ05C01,Goods Handled,20181,2018Q1,IEFOV,Shannon Foynes,4,Foreign trade: Other ports,000 Tonnes,1098.0,2018,1
TBQ05C01,Goods Handled,20181,2018Q1,IEFOV,Shannon Foynes,5,Coastal trade,000 Tonnes,121.0,2018,1
TBQ05C01,Goods Handled,20181,2018Q1,IEORK,Cork,-,All regions of trade,000 Tonnes,2336.0,2018,1
TBQ05C01,Goods Handled,20181,2018Q1,IEORK,Cork,1,Foreign trade: Great Britain and Northern Ireland,000 Tonnes,506.0,2018,1
TBQ05C01,Goods Handled,20181,2018Q1,IEORK,Cork,2,Foreign trade: Other EU,000 Tonnes,693.0,2018,1
TBQ05C01,Goods Handled,20181,2018Q1,IEORK,Cork,3,Foreign trade: Non-EU,000 Tonnes,408.0,2018,1
TBQ05C01,Goods Handled,20181,2018Q1,IEORK,Cork,4,Foreign trade: Other ports,000 Tonnes,562.0,2018,1
TBQ05C01,Goods Handled,20181,2018Q1,IEORK,Cork,5,Coastal trade,000 Tonnes,167.0,2018,1
TBQ05C01,Goods Handled,20181,2018Q1,IEROS,Rosslare,-,All regions of trade,000 Tonnes,490.0,2018,1
TBQ05C01,Goods Handled,20181,2018Q1,IEROS,Rosslare,1,Foreign trade: Great Britain and Northern Ireland,000 Tonnes,385.0,2018,1
TBQ05C01,Goods Handled,20181,2018Q1,IEROS,Rosslare,2,Foreign trade: Other EU,000 Tonnes,106.0,2018,1
TBQ05C01,Goods Handled,20181,2018Q1,IEROS,Rosslare,3,Foreign trade: Non-EU,000 Tonnes,0.0,2018,1
TBQ05C01,Goods Handled,20181,2018Q1,IEROS,Rosslare,4,Foreign trade: Other ports,000 Tonnes,0.0,2018,1
TBQ05C01,Goods Handled,20181,2018Q1,IEROS,Rosslare,5,Coastal trade,000 Tonnes,0.0,2018,1
TBQ05C01,Goods Handled,20181,2018Q1,IEWAT,Waterford,-,All regions of trade,000 Tonnes,429.0,2018,1
TBQ05C01,Goods Handled,20181,2018Q1,IEWAT,Waterford,1,Foreign trade: Great Britain and Northern Ireland,000 Tonnes,3.0,2018,1
TBQ05C01,Goods Handled,20181,2018Q1,IEWAT,Waterford,2,Foreign trade: Other EU,000 Tonnes,355.0,2018,1
TBQ05C01,Goods Handled,20181,2018Q1,IEWAT,Waterford,3,Foreign trade: Non-EU,000 Tonnes,55.0,2018,1
TBQ05C01,Goods Handled,20181,2018Q1,IEWAT,Waterford,4,Foreign trade: Other ports,000 Tonnes,16.0,2018,1
TBQ05C01,Goods Handled,20181,2018Q1,IEWAT,Waterford,5,Coastal trade,000 Tonnes,0.0,2018,1
TBQ05C01,Goods Handled,20182,2018Q2,IEMIP,All Main Irish Ports,-,All regions of trade,000 Tonnes,13344.0,2018,2
TBQ05C01,Goods Handled,20182,2018Q2,IEMIP,All Main Irish Ports,1,Foreign trade: Great Britain and Northern Ireland,000 Tonnes,5473.0,2018,2
TBQ05C01,Goods Handled,20182,2018Q2,IEMIP,All Main Irish Ports,2,Foreign trade: Other EU,000 Tonnes,4608.0,2018,2
TBQ05C01,Goods Handled,20182,2018Q2,IEMIP,All Main Irish Ports,3,Foreign trade: Non-EU,000 Tonnes,666.0,2018,2
TBQ05C01,Goods Handled,20182,2018Q2,IEMIP,All Main Irish Ports,4,Foreign trade: Other ports,000 Tonnes,2200.0,2018,2
TBQ05C01,Goods Handled,20182,2018Q2,IEMIP,All Main Irish Ports,5,Coastal trade,000 Tonnes,397.0,2018,2
TBQ05C01,Goods Handled,20182,2018Q2,IEBYT,Bantry Bay,-,All regions of trade,000 Tonnes,161.0,2018,2
TBQ05C01,Goods Handled,20182,2018Q2,IEBYT,Bantry Bay,1,Foreign trade: Great Britain and Northern Ireland,000 Tonnes,0.0,2018,2
TBQ05C01,Goods Handled,20182,2018Q2,IEBYT,Bantry Bay,2,Foreign trade: Other EU,000 Tonnes,0.0,2018,2
TBQ05C01,Goods Handled,20182,2018Q2,IEBYT,Bantry Bay,3,Foreign trade: Non-EU,000 Tonnes,0.0,2018,2
TBQ05C01,Goods Handled,20182,2018Q2,IEBYT,Bantry Bay,4,Foreign trade: Other ports,000 Tonnes,161.0,2018,2
TBQ05C01,Goods Handled,20182,2018Q2,IEBYT,Bantry Bay,5,Coastal trade,000 Tonnes,0.0,2018,2
TBQ05C01,Goods Handled,20182,2018Q2,IEDRO,Drogheda,-,All regions of trade,000 Tonnes,356.0,2018,2
TBQ05C01,Goods Handled,20182,2018Q2,IEDRO,Drogheda,1,Foreign trade: Great Britain and Northern Ireland,000 Tonnes,104.0,2018,2
TBQ05C01,Goods Handled,20182,2018Q2,IEDRO,Drogheda,2,Foreign trade: Other EU,000 Tonnes,216.0,2018,2
TBQ05C01,Goods Handled,20182,2018Q2,IEDRO,Drogheda,3,Foreign trade: Non-EU,000 Tonnes,19.0,2018,2
TBQ05C01,Goods Handled,20182,2018Q2,IEDRO,Drogheda,4,Foreign trade: Other ports,000 Tonnes,13.0,2018,2
TBQ05C01,Goods Handled,20182,2018Q2,IEDRO,Drogheda,5,Coastal trade,000 Tonnes,5.0,2018,2
TBQ05C01,Goods Handled,20182,2018Q2,IEDUB,Dublin,-,All regions of trade,000 Tonnes,6762.0,2018,2
TBQ05C01,Goods Handled,20182,2018Q2,IEDUB,Dublin,1,Foreign trade: Great Britain and Northern Ireland,000 Tonnes,4152.0,2018,2
TBQ05C01,Goods Handled,20182,2018Q2,IEDUB,Dublin,2,Foreign trade: Other EU,000 Tonnes,2128.0,2018,2
TBQ05C01,Goods Handled,20182,2018Q2,IEDUB,Dublin,3,Foreign trade: Non-EU,000 Tonnes,224.0,2018,2
TBQ05C01,Goods Handled,20182,2018Q2,IEDUB,Dublin,4,Foreign trade: Other ports,000 Tonnes,147.0,2018,2
TBQ05C01,Goods Handled,20182,2018Q2,IEDUB,Dublin,5,Coastal trade,000 Tonnes,112.0,2018,2
TBQ05C01,Goods Handled,20182,2018Q2,IEFOV,Shannon Foynes,-,All regions of trade,000 Tonnes,2607.0,2018,2
TBQ05C01,Goods Handled,20182,2018Q2,IEFOV,Shannon Foynes,1,Foreign trade: Great Britain and Northern Ireland,000 Tonnes,388.0,2018,2
TBQ05C01,Goods Handled,20182,2018Q2,IEFOV,Shannon Foynes,2,Foreign trade: Other EU,000 Tonnes,957.0,2018,2
TBQ05C01,Goods Handled,20182,2018Q2,IEFOV,Shannon Foynes,3,Foreign trade: Non-EU,000 Tonnes,121.0,2018,2
TBQ05C01,Goods Handled,20182,2018Q2,IEFOV,Shannon Foynes,4,Foreign trade: Other ports,000 Tonnes,1040.0,2018,2
TBQ05C01,Goods Handled,20182,2018Q2,IEFOV,Shannon Foynes,5,Coastal trade,000 Tonnes,101.0,2018,2
TBQ05C01,Goods Handled,20182,2018Q2,IEORK,Cork,-,All regions of trade,000 Tonnes,2363.0,2018,2
TBQ05C01,Goods Handled,20182,2018Q2,IEORK,Cork,1,Foreign trade: Great Britain and Northern Ireland,000 Tonnes,363.0,2018,2
TBQ05C01,Goods Handled,20182,2018Q2,IEORK,Cork,2,Foreign trade: Other EU,000 Tonnes,786.0,2018,2
TBQ05C01,Goods Handled,20182,2018Q2,IEORK,Cork,3,Foreign trade: Non-EU,000 Tonnes,271.0,2018,2
TBQ05C01,Goods Handled,20182,2018Q2,IEORK,Cork,4,Foreign trade: Other ports,000 Tonnes,764.0,2018,2
TBQ05C01,Goods Handled,20182,2018Q2,IEORK,Cork,5,Coastal trade,000 Tonnes,179.0,2018,2
TBQ05C01,Goods Handled,20182,2018Q2,IEROS,Rosslare,-,All regions of trade,000 Tonnes,567.0,2018,2
TBQ05C01,Goods Handled,20182,2018Q2,IEROS,Rosslare,1,Foreign trade: Great Britain and Northern Ireland,000 Tonnes,457.0,2018,2
TBQ05C01,Goods Handled,20182,2018Q2,IEROS,Rosslare,2,Foreign trade: Other EU,000 Tonnes,110.0,2018,2
TBQ05C01,Goods Handled,20182,2018Q2,IEROS,Rosslare,3,Foreign trade: Non-EU,000 Tonnes,0.0,2018,2
TBQ05C01,Goods Handled,20182,2018Q2,IEROS,Rosslare,4,Foreign trade: Other ports,000 Tonnes,0.0,2018,2
TBQ05C01,Goods Handled,20182,2018Q2,IEROS,Rosslare,5,Coastal trade,000 Tonnes,0.0,2018,2
TBQ05C01,Goods Handled,20182,2018Q2,IEWAT,Waterford,-,All regions of trade,000 Tonnes,527.0,2018,2
TBQ05C01,Goods Handled,20182,2018Q2,IEWAT,Waterford,1,Foreign trade: Great Britain and Northern Ireland,000 Tonnes,9.0,2018,2
TBQ05C01,Goods Handled,20182,2018Q2,IEWAT,Waterford,2,Foreign trade: Other EU,000 Tonnes,411.0,2018,2
TBQ05C01,Goods Handled,20182,2018Q2,IEWAT,Waterford,3,Foreign trade: Non-EU,000 Tonnes,31.0,2018,2
TBQ05C01,Goods Handled,20182,2018Q2,IEWAT,Waterford,4,Foreign trade: Other ports,000 Tonnes,75.0,2018,2
TBQ05C01,Goods Handled,20182,2018Q2,IEWAT,Waterford,5,Coastal trade,000 Tonnes,0.0,2018,2
TBQ05C01,Goods Handled,20183,2018Q3,IEMIP,All Main Irish Ports,-,All regions of trade,000 Tonnes,13162.0,2018,3
TBQ05C01,Goods Handled,20183,2018Q3,IEMIP,All Main Irish Ports,1,Foreign trade: Great Britain and Northern Ireland,000 Tonnes,5637.0,2018,3
TBQ05C01,Goods Handled,20183,2018Q3,IEMIP,All Main Irish Ports,2,Foreign trade: Other EU,000 Tonnes,4269.0,2018,3
TBQ05C01,Goods Handled,20183,2018Q3,IEMIP,All Main Irish Ports,3,Foreign trade: Non-EU,000 Tonnes,1052.0,2018,3
TBQ05C01,Goods Handled,20183,2018Q3,IEMIP,All Main Irish Ports,4,Foreign trade: Other ports,000 Tonnes,1721.0,2018,3
TBQ05C01,Goods Handled,20183,2018Q3,IEMIP,All Main Irish Ports,5,Coastal trade,000 Tonnes,483.0,2018,3
TBQ05C01,Goods Handled,20183,2018Q3,IEBYT,Bantry Bay,-,All regions of trade,000 Tonnes,159.0,2018,3
TBQ05C01,Goods Handled,20183,2018Q3,IEBYT,Bantry Bay,1,Foreign trade: Great Britain and Northern Ireland,000 Tonnes,17.0,2018,3
TBQ05C01,Goods Handled,20183,2018Q3,IEBYT,Bantry Bay,2,Foreign trade: Other EU,000 Tonnes,0.0,2018,3
TBQ05C01,Goods Handled,20183,2018Q3,IEBYT,Bantry Bay,3,Foreign trade: Non-EU,000 Tonnes,0.0,2018,3
TBQ05C01,Goods Handled,20183,2018Q3,IEBYT,Bantry Bay,4,Foreign trade: Other ports,000 Tonnes,142.0,2018,3
TBQ05C01,Goods Handled,20183,2018Q3,IEBYT,Bantry Bay,5,Coastal trade,000 Tonnes,0.0,2018,3
TBQ05C01,Goods Handled,20183,2018Q3,IEDRO,Drogheda,-,All regions of trade,000 Tonnes,407.0,2018,3
TBQ05C01,Goods Handled,20183,2018Q3,IEDRO,Drogheda,1,Foreign trade: Great Britain and Northern Ireland,000 Tonnes,164.0,2018,3
TBQ05C01,Goods Handled,20183,2018Q3,IEDRO,Drogheda,2,Foreign trade: Other EU,000 Tonnes,214.0,2018,3
TBQ05C01,Goods Handled,20183,2018Q3,IEDRO,Drogheda,3,Foreign trade: Non-EU,000 Tonnes,11.0,2018,3
TBQ05C01,Goods Handled,20183,2018Q3,IEDRO,Drogheda,4,Foreign trade: Other ports,000 Tonnes,12.0,2018,3
TBQ05C01,Goods Handled,20183,2018Q3,IEDRO,Drogheda,5,Coastal trade,000 Tonnes,5.0,2018,3
TBQ05C01,Goods Handled,20183,2018Q3,IEDUB,Dublin,-,All regions of trade,000 Tonnes,6617.0,2018,3
TBQ05C01,Goods Handled,20183,2018Q3,IEDUB,Dublin,1,Foreign trade: Great Britain and Northern Ireland,000 Tonnes,4091.0,2018,3
TBQ05C01,Goods Handled,20183,2018Q3,IEDUB,Dublin,2,Foreign trade: Other EU,000 Tonnes,1990.0,2018,3
TBQ05C01,Goods Handled,20183,2018Q3,IEDUB,Dublin,3,Foreign trade: Non-EU,000 Tonnes,232.0,2018,3
TBQ05C01,Goods Handled,20183,2018Q3,IEDUB,Dublin,4,Foreign trade: Other ports,000 Tonnes,143.0,2018,3
TBQ05C01,Goods Handled,20183,2018Q3,IEDUB,Dublin,5,Coastal trade,000 Tonnes,161.0,2018,3
TBQ05C01,Goods Handled,20183,2018Q3,IEFOV,Shannon Foynes,-,All regions of trade,000 Tonnes,2597.0,2018,3
TBQ05C01,Goods Handled,20183,2018Q3,IEFOV,Shannon Foynes,1,Foreign trade: Great Britain and Northern Ireland,000 Tonnes,410.0,2018,3
TBQ05C01,Goods Handled,20183,2018Q3,IEFOV,Shannon Foynes,2,Foreign trade: Other EU,000 Tonnes,854.0,2018,3
TBQ05C01,Goods Handled,20183,2018Q3,IEFOV,Shannon Foynes,3,Foreign trade: Non-EU,000 Tonnes,234.0,2018,3
TBQ05C01,Goods Handled,20183,2018Q3,IEFOV,Shannon Foynes,4,Foreign trade: Other ports,000 Tonnes,965.0,2018,3
TBQ05C01,Goods Handled,20183,2018Q3,IEFOV,Shannon Foynes,5,Coastal trade,000 Tonnes,134.0,2018,3
TBQ05C01,Goods Handled,20183,2018Q3,IEORK,Cork,-,All regions of trade,000 Tonnes,2314.0,2018,3
TBQ05C01,Goods Handled,20183,2018Q3,IEORK,Cork,1,Foreign trade: Great Britain and Northern Ireland,000 Tonnes,471.0,2018,3
TBQ05C01,Goods Handled,20183,2018Q3,IEORK,Cork,2,Foreign trade: Other EU,000 Tonnes,697.0,2018,3
TBQ05C01,Goods Handled,20183,2018Q3,IEORK,Cork,3,Foreign trade: Non-EU,000 Tonnes,540.0,2018,3
TBQ05C01,Goods Handled,20183,2018Q3,IEORK,Cork,4,Foreign trade: Other ports,000 Tonnes,423.0,2018,3
TBQ05C01,Goods Handled,20183,2018Q3,IEORK,Cork,5,Coastal trade,000 Tonnes,183.0,2018,3
TBQ05C01,Goods Handled,20183,2018Q3,IEROS,Rosslare,-,All regions of trade,000 Tonnes,560.0,2018,3
TBQ05C01,Goods Handled,20183,2018Q3,IEROS,Rosslare,1,Foreign trade: Great Britain and Northern Ireland,000 Tonnes,467.0,2018,3
TBQ05C01,Goods Handled,20183,2018Q3,IEROS,Rosslare,2,Foreign trade: Other EU,000 Tonnes,93.0,2018,3
TBQ05C01,Goods Handled,20183,2018Q3,IEROS,Rosslare,3,Foreign trade: Non-EU,000 Tonnes,0.0,2018,3
TBQ05C01,Goods Handled,20183,2018Q3,IEROS,Rosslare,4,Foreign trade: Other ports,000 Tonnes,0.0,2018,3
TBQ05C01,Goods Handled,20183,2018Q3,IEROS,Rosslare,5,Coastal trade,000 Tonnes,0.0,2018,3
TBQ05C01,Goods Handled,20183,2018Q3,IEWAT,Waterford,-,All regions of trade,000 Tonnes,508.0,2018,3
TBQ05C01,Goods Handled,20183,2018Q3,IEWAT,Waterford,1,Foreign trade: Great Britain and Northern Ireland,000 Tonnes,17.0,2018,3
TBQ05C01,Goods Handled,20183,2018Q3,IEWAT,Waterford,2,Foreign trade: Other EU,000 Tonnes,420.0,2018,3
TBQ05C01,Goods Handled,20183,2018Q3,IEWAT,Waterford,3,Foreign trade: Non-EU,000 Tonnes,35.0,2018,3
TBQ05C01,Goods Handled,20183,2018Q3,IEWAT,Waterford,4,Foreign trade: Other ports,000 Tonnes,36.0,2018,3
TBQ05C01,Goods Handled,20183,2018Q3,IEWAT,Waterford,5,Coastal trade,000 Tonnes,0.0,2018,3
TBQ05C01,Goods Handled,20184,2018Q4,IEMIP,All Main Irish Ports,-,All regions of trade,000 Tonnes,13290.0,2018,4
TBQ05C01,Goods Handled,20184,2018Q4,IEMIP,All Main Irish Ports,1,Foreign trade: Great Britain and Northern Ireland,000 Tonnes,5470.0,2018,4
TBQ05C01,Goods Handled,20184,2018Q4,IEMIP,All Main Irish Ports,2,Foreign trade: Other EU,000 Tonnes,4420.0,2018,4
TBQ05C01,Goods Handled,20184,2018Q4,IEMIP,All Main Irish Ports,3,Foreign trade: Non-EU,000 Tonnes,963.0,2018,4
TBQ05C01,Goods Handled,20184,2018Q4,IEMIP,All Main Irish Ports,4,Foreign trade: Other ports,000 Tonnes,1912.0,2018,4
TBQ05C01,Goods Handled,20184,2018Q4,IEMIP,All Main Irish Ports,5,Coastal trade,000 Tonnes,524.0,2018,4
TBQ05C01,Goods Handled,20184,2018Q4,IEBYT,Bantry Bay,-,All regions of trade,000 Tonnes,111.0,2018,4
TBQ05C01,Goods Handled,20184,2018Q4,IEBYT,Bantry Bay,1,Foreign trade: Great Britain and Northern Ireland,000 Tonnes,17.0,2018,4
TBQ05C01,Goods Handled,20184,2018Q4,IEBYT,Bantry Bay,2,Foreign trade: Other EU,000 Tonnes,94.0,2018,4
TBQ05C01,Goods Handled,20184,2018Q4,IEBYT,Bantry Bay,3,Foreign trade: Non-EU,000 Tonnes,0.0,2018,4
TBQ05C01,Goods Handled,20184,2018Q4,IEBYT,Bantry Bay,4,Foreign trade: Other ports,000 Tonnes,0.0,2018,4
TBQ05C01,Goods Handled,20184,2018Q4,IEBYT,Bantry Bay,5,Coastal trade,000 Tonnes,0.0,2018,4
TBQ05C01,Goods Handled,20184,2018Q4,IEDRO,Drogheda,-,All regions of trade,000 Tonnes,365.0,2018,4
TBQ05C01,Goods Handled,20184,2018Q4,IEDRO,Drogheda,1,Foreign trade: Great Britain and Northern Ireland,000 Tonnes,99.0,2018,4
TBQ05C01,Goods Handled,20184,2018Q4,IEDRO,Drogheda,2,Foreign trade: Other EU,000 Tonnes,231.0,2018,4
TBQ05C01,Goods Handled,20184,2018Q4,IEDRO,Drogheda,3,Foreign trade: Non-EU,000 Tonnes,22.0,2018,4
TBQ05C01,Goods Handled,20184,2018Q4,IEDRO,Drogheda,4,Foreign trade: Other ports,000 Tonnes,9.0,2018,4
TBQ05C01,Goods Handled,20184,2018Q4,IEDRO,Drogheda,5,Coastal trade,000 Tonnes,4.0,2018,4
TBQ05C01,Goods Handled,20184,2018Q4,IEDUB,Dublin,-,All regions of trade,000 Tonnes,6697.0,2018,4
TBQ05C01,Goods Handled,20184,2018Q4,IEDUB,Dublin,1,Foreign trade: Great Britain and Northern Ireland,000 Tonnes,4238.0,2018,4
TBQ05C01,Goods Handled,20184,2018Q4,IEDUB,Dublin,2,Foreign trade: Other EU,000 Tonnes,1916.0,2018,4
TBQ05C01,Goods Handled,20184,2018Q4,IEDUB,Dublin,3,Foreign trade: Non-EU,000 Tonnes,220.0,2018,4
TBQ05C01,Goods Handled,20184,2018Q4,IEDUB,Dublin,4,Foreign trade: Other ports,000 Tonnes,127.0,2018,4
TBQ05C01,Goods Handled,20184,2018Q4,IEDUB,Dublin,5,Coastal trade,000 Tonnes,197.0,2018,4
TBQ05C01,Goods Handled,20184,2018Q4,IEFOV,Shannon Foynes,-,All regions of trade,000 Tonnes,2557.0,2018,4
TBQ05C01,Goods Handled,20184,2018Q4,IEFOV,Shannon Foynes,1,Foreign trade: Great Britain and Northern Ireland,000 Tonnes,334.0,2018,4
TBQ05C01,Goods Handled,20184,2018Q4,IEFOV,Shannon Foynes,2,Foreign trade: Other EU,000 Tonnes,962.0,2018,4
TBQ05C01,Goods Handled,20184,2018Q4,IEFOV,Shannon Foynes,3,Foreign trade: Non-EU,000 Tonnes,137.0,2018,4
TBQ05C01,Goods Handled,20184,2018Q4,IEFOV,Shannon Foynes,4,Foreign trade: Other ports,000 Tonnes,1006.0,2018,4
TBQ05C01,Goods Handled,20184,2018Q4,IEFOV,Shannon Foynes,5,Coastal trade,000 Tonnes,117.0,2018,4
TBQ05C01,Goods Handled,20184,2018Q4,IEORK,Cork,-,All regions of trade,000 Tonnes,2504.0,2018,4
TBQ05C01,Goods Handled,20184,2018Q4,IEORK,Cork,1,Foreign trade: Great Britain and Northern Ireland,000 Tonnes,337.0,2018,4
TBQ05C01,Goods Handled,20184,2018Q4,IEORK,Cork,2,Foreign trade: Other EU,000 Tonnes,775.0,2018,4
TBQ05C01,Goods Handled,20184,2018Q4,IEORK,Cork,3,Foreign trade: Non-EU,000 Tonnes,535.0,2018,4
TBQ05C01,Goods Handled,20184,2018Q4,IEORK,Cork,4,Foreign trade: Other ports,000 Tonnes,653.0,2018,4
TBQ05C01,Goods Handled,20184,2018Q4,IEORK,Cork,5,Coastal trade,000 Tonnes,204.0,2018,4
TBQ05C01,Goods Handled,20184,2018Q4,IEROS,Rosslare,-,All regions of trade,000 Tonnes,525.0,2018,4
TBQ05C01,Goods Handled,20184,2018Q4,IEROS,Rosslare,1,Foreign trade: Great Britain and Northern Ireland,000 Tonnes,436.0,2018,4
TBQ05C01,Goods Handled,20184,2018Q4,IEROS,Rosslare,2,Foreign trade: Other EU,000 Tonnes,89.0,2018,4
TBQ05C01,Goods Handled,20184,2018Q4,IEROS,Rosslare,3,Foreign trade: Non-EU,000 Tonnes,0.0,2018,4
TBQ05C01,Goods Handled,20184,2018Q4,IEROS,Rosslare,4,Foreign trade: Other ports,000 Tonnes,0.0,2018,4
TBQ05C01,Goods Handled,20184,2018Q4,IEROS,Rosslare,5,Coastal trade,000 Tonnes,0.0,2018,4
TBQ05C01,Goods Handled,20184,2018Q4,IEWAT,Waterford,-,All regions of trade,000 Tonnes,531.0,2018,4
TBQ05C01,Goods Handled,20184,2018Q4,IEWAT,Waterford,1,Foreign trade: Great Britain and Northern Ireland,000 Tonnes,11.0,2018,4
TBQ05C01,Goods Handled,20184,2018Q4,IEWAT,Waterford,2,Foreign trade: Other EU,000 Tonnes,353.0,2018,4
TBQ05C01,Goods Handled,20184,2018Q4,IEWAT,Waterford,3,Foreign trade: Non-EU,000 Tonnes,49.0,2018,4
TBQ05C01,Goods Handled,20184,2018Q4,IEWAT,Waterford,4,Foreign trade: Other ports,000 Tonnes,117.0,2018,4
TBQ05C01,Goods Handled,20184,2018Q4,IEWAT,Waterford,5,Coastal trade,000 Tonnes,3.0,2018,4
TBQ05C01,Goods Handled,20191,2019Q1,IEMIP,All Main Irish Ports,-,All regions of trade,000 Tonnes,13249.0,2019,1
TBQ05C01,Goods Handled,20191,2019Q1,IEMIP,All Main Irish Ports,1,Foreign trade: Great Britain and Northern Ireland,000 Tonnes,5297.0,2019,1
TBQ05C01,Goods Handled,20191,2019Q1,IEMIP,All Main Irish Ports,2,Foreign trade: Other EU,000 Tonnes,4644.0,2019,1
TBQ05C01,Goods Handled,20191,2019Q1,IEMIP,All Main Irish Ports,3,Foreign trade: Non-EU,000 Tonnes,782.0,2019,1
TBQ05C01,Goods Handled,20191,2019Q1,IEMIP,All Main Irish Ports,4,Foreign trade: Other ports,000 Tonnes,2035.0,2019,1
TBQ05C01,Goods Handled,20191,2019Q1,IEMIP,All Main Irish Ports,5,Coastal trade,000 Tonnes,492.0,2019,1
TBQ05C01,Goods Handled,20191,2019Q1,IEBYT,Bantry Bay,-,All regions of trade,000 Tonnes,319.0,2019,1
TBQ05C01,Goods Handled,20191,2019Q1,IEBYT,Bantry Bay,1,Foreign trade: Great Britain and Northern Ireland,000 Tonnes,0.0,2019,1
TBQ05C01,Goods Handled,20191,2019Q1,IEBYT,Bantry Bay,2,Foreign trade: Other EU,000 Tonnes,97.0,2019,1
TBQ05C01,Goods Handled,20191,2019Q1,IEBYT,Bantry Bay,3,Foreign trade: Non-EU,000 Tonnes,0.0,2019,1
TBQ05C01,Goods Handled,20191,2019Q1,IEBYT,Bantry Bay,4,Foreign trade: Other ports,000 Tonnes,223.0,2019,1
TBQ05C01,Goods Handled,20191,2019Q1,IEBYT,Bantry Bay,5,Coastal trade,000 Tonnes,0.0,2019,1
TBQ05C01,Goods Handled,20191,2019Q1,IEDRO,Drogheda,-,All regions of trade,000 Tonnes,352.0,2019,1
TBQ05C01,Goods Handled,20191,2019Q1,IEDRO,Drogheda,1,Foreign trade: Great Britain and Northern Ireland,000 Tonnes,84.0,2019,1
TBQ05C01,Goods Handled,20191,2019Q1,IEDRO,Drogheda,2,Foreign trade: Other EU,000 Tonnes,231.0,2019,1
TBQ05C01,Goods Handled,20191,2019Q1,IEDRO,Drogheda,3,Foreign trade: Non-EU,000 Tonnes,23.0,2019,1
TBQ05C01,Goods Handled,20191,2019Q1,IEDRO,Drogheda,4,Foreign trade: Other ports,000 Tonnes,9.0,2019,1
TBQ05C01,Goods Handled,20191,2019Q1,IEDRO,Drogheda,5,Coastal trade,000 Tonnes,5.0,2019,1
TBQ05C01,Goods Handled,20191,2019Q1,IEDUB,Dublin,-,All regions of trade,000 Tonnes,6700.0,2019,1
TBQ05C01,Goods Handled,20191,2019Q1,IEDUB,Dublin,1,Foreign trade: Great Britain and Northern Ireland,000 Tonnes,4113.0,2019,1
TBQ05C01,Goods Handled,20191,2019Q1,IEDUB,Dublin,2,Foreign trade: Other EU,000 Tonnes,2056.0,2019,1
TBQ05C01,Goods Handled,20191,2019Q1,IEDUB,Dublin,3,Foreign trade: Non-EU,000 Tonnes,201.0,2019,1
TBQ05C01,Goods Handled,20191,2019Q1,IEDUB,Dublin,4,Foreign trade: Other ports,000 Tonnes,92.0,2019,1
TBQ05C01,Goods Handled,20191,2019Q1,IEDUB,Dublin,5,Coastal trade,000 Tonnes,237.0,2019,1
TBQ05C01,Goods Handled,20191,2019Q1,IEFOV,Shannon Foynes,-,All regions of trade,000 Tonnes,2585.0,2019,1
TBQ05C01,Goods Handled,20191,2019Q1,IEFOV,Shannon Foynes,1,Foreign trade: Great Britain and Northern Ireland,000 Tonnes,303.0,2019,1
TBQ05C01,Goods Handled,20191,2019Q1,IEFOV,Shannon Foynes,2,Foreign trade: Other EU,000 Tonnes,1087.0,2019,1
TBQ05C01,Goods Handled,20191,2019Q1,IEFOV,Shannon Foynes,3,Foreign trade: Non-EU,000 Tonnes,204.0,2019,1
TBQ05C01,Goods Handled,20191,2019Q1,IEFOV,Shannon Foynes,4,Foreign trade: Other ports,000 Tonnes,931.0,2019,1
TBQ05C01,Goods Handled,20191,2019Q1,IEFOV,Shannon Foynes,5,Coastal trade,000 Tonnes,61.0,2019,1
TBQ05C01,Goods Handled,20191,2019Q1,IEORK,Cork,-,All regions of trade,000 Tonnes,2285.0,2019,1
TBQ05C01,Goods Handled,20191,2019Q1,IEORK,Cork,1,Foreign trade: Great Britain and Northern Ireland,000 Tonnes,356.0,2019,1
TBQ05C01,Goods Handled,20191,2019Q1,IEORK,Cork,2,Foreign trade: Other EU,000 Tonnes,745.0,2019,1
TBQ05C01,Goods Handled,20191,2019Q1,IEORK,Cork,3,Foreign trade: Non-EU,000 Tonnes,259.0,2019,1
TBQ05C01,Goods Handled,20191,2019Q1,IEORK,Cork,4,Foreign trade: Other ports,000 Tonnes,738.0,2019,1
TBQ05C01,Goods Handled,20191,2019Q1,IEORK,Cork,5,Coastal trade,000 Tonnes,187.0,2019,1
TBQ05C01,Goods Handled,20191,2019Q1,IEROS,Rosslare,-,All regions of trade,000 Tonnes,503.0,2019,1
TBQ05C01,Goods Handled,20191,2019Q1,IEROS,Rosslare,1,Foreign trade: Great Britain and Northern Ireland,000 Tonnes,415.0,2019,1
TBQ05C01,Goods Handled,20191,2019Q1,IEROS,Rosslare,2,Foreign trade: Other EU,000 Tonnes,88.0,2019,1
TBQ05C01,Goods Handled,20191,2019Q1,IEROS,Rosslare,3,Foreign trade: Non-EU,000 Tonnes,0.0,2019,1
TBQ05C01,Goods Handled,20191,2019Q1,IEROS,Rosslare,4,Foreign trade: Other ports,000 Tonnes,0.0,2019,1
TBQ05C01,Goods Handled,20191,2019Q1,IEROS,Rosslare,5,Coastal trade,000 Tonnes,0.0,2019,1
TBQ05C01,Goods Handled,20191,2019Q1,IEWAT,Waterford,-,All regions of trade,000 Tonnes,505.0,2019,1
TBQ05C01,Goods Handled,20191,2019Q1,IEWAT,Waterford,1,Foreign trade: Great Britain and Northern Ireland,000 Tonnes,27.0,2019,1
TBQ05C01,Goods Handled,20191,2019Q1,IEWAT,Waterford,2,Foreign trade: Other EU,000 Tonnes,340.0,2019,1
TBQ05C01,Goods Handled,20191,2019Q1,IEWAT,Waterford,3,Foreign trade: Non-EU,000 Tonnes,95.0,2019,1
TBQ05C01,Goods Handled,20191,2019Q1,IEWAT,Waterford,4,Foreign trade: Other ports,000 Tonnes,41.0,2019,1
TBQ05C01,Goods Handled,20191,2019Q1,IEWAT,Waterford,5,Coastal trade,000 Tonnes,3.0,2019,1
TBQ05C01,Goods Handled,20192,2019Q2,IEMIP,All Main Irish Ports,-,All regions of trade,000 Tonnes,12340.0,2019,2
TBQ05C01,Goods Handled,20192,2019Q2,IEMIP,All Main Irish Ports,1,Foreign trade: Great Britain and Northern Ireland,000 Tonnes,4970.0,2019,2
TBQ05C01,Goods Handled,20192,2019Q2,IEMIP,All Main Irish Ports,2,Foreign trade: Other EU,000 Tonnes,4897.0,2019,2
TBQ05C01,Goods Handled,20192,2019Q2,IEMIP,All Main Irish Ports,3,Foreign trade: Non-EU,000 Tonnes,417.0,2019,2
TBQ05C01,Goods Handled,20192,2019Q2,IEMIP,All Main Irish Ports,4,Foreign trade: Other ports,000 Tonnes,1624.0,2019,2
TBQ05C01,Goods Handled,20192,2019Q2,IEMIP,All Main Irish Ports,5,Coastal trade,000 Tonnes,432.0,2019,2
TBQ05C01,Goods Handled,20192,2019Q2,IEBYT,Bantry Bay,-,All regions of trade,000 Tonnes,170.0,2019,2
TBQ05C01,Goods Handled,20192,2019Q2,IEBYT,Bantry Bay,1,Foreign trade: Great Britain and Northern Ireland,000 Tonnes,0.0,2019,2
TBQ05C01,Goods Handled,20192,2019Q2,IEBYT,Bantry Bay,2,Foreign trade: Other EU,000 Tonnes,67.0,2019,2
TBQ05C01,Goods Handled,20192,2019Q2,IEBYT,Bantry Bay,3,Foreign trade: Non-EU,000 Tonnes,0.0,2019,2
TBQ05C01,Goods Handled,20192,2019Q2,IEBYT,Bantry Bay,4,Foreign trade: Other ports,000 Tonnes,103.0,2019,2
TBQ05C01,Goods Handled,20192,2019Q2,IEBYT,Bantry Bay,5,Coastal trade,000 Tonnes,0.0,2019,2
TBQ05C01,Goods Handled,20192,2019Q2,IEDRO,Drogheda,-,All regions of trade,000 Tonnes,366.0,2019,2
TBQ05C01,Goods Handled,20192,2019Q2,IEDRO,Drogheda,1,Foreign trade: Great Britain and Northern Ireland,000 Tonnes,81.0,2019,2
TBQ05C01,Goods Handled,20192,2019Q2,IEDRO,Drogheda,2,Foreign trade: Other EU,000 Tonnes,248.0,2019,2
TBQ05C01,Goods Handled,20192,2019Q2,IEDRO,Drogheda,3,Foreign trade: Non-EU,000 Tonnes,32.0,2019,2
TBQ05C01,Goods Handled,20192,2019Q2,IEDRO,Drogheda,4,Foreign trade: Other ports,000 Tonnes,2.0,2019,2
TBQ05C01,Goods Handled,20192,2019Q2,IEDRO,Drogheda,5,Coastal trade,000 Tonnes,3.0,2019,2
TBQ05C01,Goods Handled,20192,2019Q2,IEDUB,Dublin,-,All regions of trade,000 Tonnes,6632.0,2019,2
TBQ05C01,Goods Handled,20192,2019Q2,IEDUB,Dublin,1,Foreign trade: Great Britain and Northern Ireland,000 Tonnes,3959.0,2019,2
TBQ05C01,Goods Handled,20192,2019Q2,IEDUB,Dublin,2,Foreign trade: Other EU,000 Tonnes,2307.0,2019,2
TBQ05C01,Goods Handled,20192,2019Q2,IEDUB,Dublin,3,Foreign trade: Non-EU,000 Tonnes,112.0,2019,2
TBQ05C01,Goods Handled,20192,2019Q2,IEDUB,Dublin,4,Foreign trade: Other ports,000 Tonnes,46.0,2019,2
TBQ05C01,Goods Handled,20192,2019Q2,IEDUB,Dublin,5,Coastal trade,000 Tonnes,208.0,2019,2
TBQ05C01,Goods Handled,20192,2019Q2,IEFOV,Shannon Foynes,-,All regions of trade,000 Tonnes,2364.0,2019,2
TBQ05C01,Goods Handled,20192,2019Q2,IEFOV,Shannon Foynes,1,Foreign trade: Great Britain and Northern Ireland,000 Tonnes,310.0,2019,2
TBQ05C01,Goods Handled,20192,2019Q2,IEFOV,Shannon Foynes,2,Foreign trade: Other EU,000 Tonnes,1152.0,2019,2
TBQ05C01,Goods Handled,20192,2019Q2,IEFOV,Shannon Foynes,3,Foreign trade: Non-EU,000 Tonnes,106.0,2019,2
TBQ05C01,Goods Handled,20192,2019Q2,IEFOV,Shannon Foynes,4,Foreign trade: Other ports,000 Tonnes,714.0,2019,2
TBQ05C01,Goods Handled,20192,2019Q2,IEFOV,Shannon Foynes,5,Coastal trade,000 Tonnes,81.0,2019,2
TBQ05C01,Goods Handled,20192,2019Q2,IEORK,Cork,-,All regions of trade,000 Tonnes,1776.0,2019,2
TBQ05C01,Goods Handled,20192,2019Q2,IEORK,Cork,1,Foreign trade: Great Britain and Northern Ireland,000 Tonnes,164.0,2019,2
TBQ05C01,Goods Handled,20192,2019Q2,IEORK,Cork,2,Foreign trade: Other EU,000 Tonnes,689.0,2019,2
TBQ05C01,Goods Handled,20192,2019Q2,IEORK,Cork,3,Foreign trade: Non-EU,000 Tonnes,72.0,2019,2
TBQ05C01,Goods Handled,20192,2019Q2,IEORK,Cork,4,Foreign trade: Other ports,000 Tonnes,715.0,2019,2
TBQ05C01,Goods Handled,20192,2019Q2,IEORK,Cork,5,Coastal trade,000 Tonnes,136.0,2019,2
TBQ05C01,Goods Handled,20192,2019Q2,IEROS,Rosslare,-,All regions of trade,000 Tonnes,533.0,2019,2
TBQ05C01,Goods Handled,20192,2019Q2,IEROS,Rosslare,1,Foreign trade: Great Britain and Northern Ireland,000 Tonnes,441.0,2019,2
TBQ05C01,Goods Handled,20192,2019Q2,IEROS,Rosslare,2,Foreign trade: Other EU,000 Tonnes,92.0,2019,2
TBQ05C01,Goods Handled,20192,2019Q2,IEROS,Rosslare,3,Foreign trade: Non-EU,000 Tonnes,0.0,2019,2
TBQ05C01,Goods Handled,20192,2019Q2,IEROS,Rosslare,4,Foreign trade: Other ports,000 Tonnes,0.0,2019,2
TBQ05C01,Goods Handled,20192,2019Q2,IEROS,Rosslare,5,Coastal trade,000 Tonnes,0.0,2019,2
TBQ05C01,Goods Handled,20192,2019Q2,IEWAT,Waterford,-,All regions of trade,000 Tonnes,500.0,2019,2
TBQ05C01,Goods Handled,20192,2019Q2,IEWAT,Waterford,1,Foreign trade: Great Britain and Northern Ireland,000 Tonnes,15.0,2019,2
TBQ05C01,Goods Handled,20192,2019Q2,IEWAT,Waterford,2,Foreign trade: Other EU,000 Tonnes,342.0,2019,2
TBQ05C01,Goods Handled,20192,2019Q2,IEWAT,Waterford,3,Foreign trade: Non-EU,000 Tonnes,94.0,2019,2
TBQ05C01,Goods Handled,20192,2019Q2,IEWAT,Waterford,4,Foreign trade: Other ports,000 Tonnes,44.0,2019,2
TBQ05C01,Goods Handled,20192,2019Q2,IEWAT,Waterford,5,Coastal trade,000 Tonnes,5.0,2019,2
TBQ05C01,Goods Handled,20193,2019Q3,IEMIP,All Main Irish Ports,-,All regions of trade,000 Tonnes,12408.0,2019,3
TBQ05C01,Goods Handled,20193,2019Q3,IEMIP,All Main Irish Ports,1,Foreign trade: Great Britain and Northern Ireland,000 Tonnes,5489.0,2019,3
TBQ05C01,Goods Handled,20193,2019Q3,IEMIP,All Main Irish Ports,2,Foreign trade: Other EU,000 Tonnes,4154.0,2019,3
TBQ05C01,Goods Handled,20193,2019Q3,IEMIP,All Main Irish Ports,3,Foreign trade: Non-EU,000 Tonnes,175.0,2019,3
TBQ05C01,Goods Handled,20193,2019Q3,IEMIP,All Main Irish Ports,4,Foreign trade: Other ports,000 Tonnes,2090.0,2019,3
TBQ05C01,Goods Handled,20193,2019Q3,IEMIP,All Main Irish Ports,5,Coastal trade,000 Tonnes,501.0,2019,3
TBQ05C01,Goods Handled,20193,2019Q3,IEBYT,Bantry Bay,-,All regions of trade,000 Tonnes,85.0,2019,3
TBQ05C01,Goods Handled,20193,2019Q3,IEBYT,Bantry Bay,1,Foreign trade: Great Britain and Northern Ireland,000 Tonnes,0.0,2019,3
TBQ05C01,Goods Handled,20193,2019Q3,IEBYT,Bantry Bay,2,Foreign trade: Other EU,000 Tonnes,0.0,2019,3
TBQ05C01,Goods Handled,20193,2019Q3,IEBYT,Bantry Bay,3,Foreign trade: Non-EU,000 Tonnes,0.0,2019,3
TBQ05C01,Goods Handled,20193,2019Q3,IEBYT,Bantry Bay,4,Foreign trade: Other ports,000 Tonnes,85.0,2019,3
TBQ05C01,Goods Handled,20193,2019Q3,IEBYT,Bantry Bay,5,Coastal trade,000 Tonnes,0.0,2019,3
TBQ05C01,Goods Handled,20193,2019Q3,IEDRO,Drogheda,-,All regions of trade,000 Tonnes,336.0,2019,3
TBQ05C01,Goods Handled,20193,2019Q3,IEDRO,Drogheda,1,Foreign trade: Great Britain and Northern Ireland,000 Tonnes,86.0,2019,3
TBQ05C01,Goods Handled,20193,2019Q3,IEDRO,Drogheda,2,Foreign trade: Other EU,000 Tonnes,194.0,2019,3
TBQ05C01,Goods Handled,20193,2019Q3,IEDRO,Drogheda,3,Foreign trade: Non-EU,000 Tonnes,38.0,2019,3
TBQ05C01,Goods Handled,20193,2019Q3,IEDRO,Drogheda,4,Foreign trade: Other ports,000 Tonnes,10.0,2019,3
TBQ05C01,Goods Handled,20193,2019Q3,IEDRO,Drogheda,5,Coastal trade,000 Tonnes,9.0,2019,3
TBQ05C01,Goods Handled,20193,2019Q3,IEDUB,Dublin,-,All regions of trade,000 Tonnes,6461.0,2019,3
TBQ05C01,Goods Handled,20193,2019Q3,IEDUB,Dublin,1,Foreign trade: Great Britain and Northern Ireland,000 Tonnes,4253.0,2019,3
TBQ05C01,Goods Handled,20193,2019Q3,IEDUB,Dublin,2,Foreign trade: Other EU,000 Tonnes,1947.0,2019,3
TBQ05C01,Goods Handled,20193,2019Q3,IEDUB,Dublin,3,Foreign trade: Non-EU,000 Tonnes,42.0,2019,3
TBQ05C01,Goods Handled,20193,2019Q3,IEDUB,Dublin,4,Foreign trade: Other ports,000 Tonnes,81.0,2019,3
TBQ05C01,Goods Handled,20193,2019Q3,IEDUB,Dublin,5,Coastal trade,000 Tonnes,138.0,2019,3
TBQ05C01,Goods Handled,20193,2019Q3,IEFOV,Shannon Foynes,-,All regions of trade,000 Tonnes,2348.0,2019,3
TBQ05C01,Goods Handled,20193,2019Q3,IEFOV,Shannon Foynes,1,Foreign trade: Great Britain and Northern Ireland,000 Tonnes,314.0,2019,3
TBQ05C01,Goods Handled,20193,2019Q3,IEFOV,Shannon Foynes,2,Foreign trade: Other EU,000 Tonnes,992.0,2019,3
TBQ05C01,Goods Handled,20193,2019Q3,IEFOV,Shannon Foynes,3,Foreign trade: Non-EU,000 Tonnes,67.0,2019,3
TBQ05C01,Goods Handled,20193,2019Q3,IEFOV,Shannon Foynes,4,Foreign trade: Other ports,000 Tonnes,871.0,2019,3
TBQ05C01,Goods Handled,20193,2019Q3,IEFOV,Shannon Foynes,5,Coastal trade,000 Tonnes,105.0,2019,3
TBQ05C01,Goods Handled,20193,2019Q3,IEORK,Cork,-,All regions of trade,000 Tonnes,2319.0,2019,3
TBQ05C01,Goods Handled,20193,2019Q3,IEORK,Cork,1,Foreign trade: Great Britain and Northern Ireland,000 Tonnes,379.0,2019,3
TBQ05C01,Goods Handled,20193,2019Q3,IEORK,Cork,2,Foreign trade: Other EU,000 Tonnes,705.0,2019,3
TBQ05C01,Goods Handled,20193,2019Q3,IEORK,Cork,3,Foreign trade: Non-EU,000 Tonnes,17.0,2019,3
TBQ05C01,Goods Handled,20193,2019Q3,IEORK,Cork,4,Foreign trade: Other ports,000 Tonnes,974.0,2019,3
TBQ05C01,Goods Handled,20193,2019Q3,IEORK,Cork,5,Coastal trade,000 Tonnes,245.0,2019,3
TBQ05C01,Goods Handled,20193,2019Q3,IEROS,Rosslare,-,All regions of trade,000 Tonnes,526.0,2019,3
TBQ05C01,Goods Handled,20193,2019Q3,IEROS,Rosslare,1,Foreign trade: Great Britain and Northern Ireland,000 Tonnes,443.0,2019,3
TBQ05C01,Goods Handled,20193,2019Q3,IEROS,Rosslare,2,Foreign trade: Other EU,000 Tonnes,83.0,2019,3
TBQ05C01,Goods Handled,20193,2019Q3,IEROS,Rosslare,3,Foreign trade: Non-EU,000 Tonnes,0.0,2019,3
TBQ05C01,Goods Handled,20193,2019Q3,IEROS,Rosslare,4,Foreign trade: Other ports,000 Tonnes,0.0,2019,3
TBQ05C01,Goods Handled,20193,2019Q3,IEROS,Rosslare,5,Coastal trade,000 Tonnes,0.0,2019,3
TBQ05C01,Goods Handled,20193,2019Q3,IEWAT,Waterford,-,All regions of trade,000 Tonnes,333.0,2019,3
TBQ05C01,Goods Handled,20193,2019Q3,IEWAT,Waterford,1,Foreign trade: Great Britain and Northern Ireland,000 Tonnes,15.0,2019,3
TBQ05C01,Goods Handled,20193,2019Q3,IEWAT,Waterford,2,Foreign trade: Other EU,000 Tonnes,233.0,2019,3
TBQ05C01,Goods Handled,20193,2019Q3,IEWAT,Waterford,3,Foreign trade: Non-EU,000 Tonnes,11.0,2019,3
TBQ05C01,Goods Handled,20193,2019Q3,IEWAT,Waterford,4,Foreign trade: Other ports,000 Tonnes,69.0,2019,3
TBQ05C01,Goods Handled,20193,2019Q3,IEWAT,Waterford,5,Coastal trade,000 Tonnes,4.0,2019,3
TBQ05C01,Goods Handled,20194,2019Q4,IEMIP,All Main Irish Ports,-,All regions of trade,000 Tonnes,12804.0,2019,4
TBQ05C01,Goods Handled,20194,2019Q4,IEMIP,All Main Irish Ports,1,Foreign trade: Great Britain and Northern Ireland,000 Tonnes,5232.0,2019,4
TBQ05C01,Goods Handled,20194,2019Q4,IEMIP,All Main Irish Ports,2,Foreign trade: Other EU,000 Tonnes,4771.0,2019,4
TBQ05C01,Goods Handled,20194,2019Q4,IEMIP,All Main Irish Ports,3,Foreign trade: Non-EU,000 Tonnes,558.0,2019,4
TBQ05C01,Goods Handled,20194,2019Q4,IEMIP,All Main Irish Ports,4,Foreign trade: Other ports,000 Tonnes,1709.0,2019,4
TBQ05C01,Goods Handled,20194,2019Q4,IEMIP,All Main Irish Ports,5,Coastal trade,000 Tonnes,534.0,2019,4
TBQ05C01,Goods Handled,20194,2019Q4,IEBYT,Bantry Bay,-,All regions of trade,000 Tonnes,155.0,2019,4
TBQ05C01,Goods Handled,20194,2019Q4,IEBYT,Bantry Bay,1,Foreign trade: Great Britain and Northern Ireland,000 Tonnes,0.0,2019,4
TBQ05C01,Goods Handled,20194,2019Q4,IEBYT,Bantry Bay,2,Foreign trade: Other EU,000 Tonnes,70.0,2019,4
TBQ05C01,Goods Handled,20194,2019Q4,IEBYT,Bantry Bay,3,Foreign trade: Non-EU,000 Tonnes,41.0,2019,4
TBQ05C01,Goods Handled,20194,2019Q4,IEBYT,Bantry Bay,4,Foreign trade: Other ports,000 Tonnes,43.0,2019,4
TBQ05C01,Goods Handled,20194,2019Q4,IEBYT,Bantry Bay,5,Coastal trade,000 Tonnes,0.0,2019,4
TBQ05C01,Goods Handled,20194,2019Q4,IEDRO,Drogheda,-,All regions of trade,000 Tonnes,476.0,2019,4
TBQ05C01,Goods Handled,20194,2019Q4,IEDRO,Drogheda,1,Foreign trade: Great Britain and Northern Ireland,000 Tonnes,124.0,2019,4
TBQ05C01,Goods Handled,20194,2019Q4,IEDRO,Drogheda,2,Foreign trade: Other EU,000 Tonnes,294.0,2019,4
TBQ05C01,Goods Handled,20194,2019Q4,IEDRO,Drogheda,3,Foreign trade: Non-EU,000 Tonnes,45.0,2019,4
TBQ05C01,Goods Handled,20194,2019Q4,IEDRO,Drogheda,4,Foreign trade: Other ports,000 Tonnes,10.0,2019,4
TBQ05C01,Goods Handled,20194,2019Q4,IEDRO,Drogheda,5,Coastal trade,000 Tonnes,3.0,2019,4
TBQ05C01,Goods Handled,20194,2019Q4,IEDUB,Dublin,-,All regions of trade,000 Tonnes,6542.0,2019,4
TBQ05C01,Goods Handled,20194,2019Q4,IEDUB,Dublin,1,Foreign trade: Great Britain and Northern Ireland,000 Tonnes,4130.0,2019,4
TBQ05C01,Goods Handled,20194,2019Q4,IEDUB,Dublin,2,Foreign trade: Other EU,000 Tonnes,1961.0,2019,4
TBQ05C01,Goods Handled,20194,2019Q4,IEDUB,Dublin,3,Foreign trade: Non-EU,000 Tonnes,163.0,2019,4
TBQ05C01,Goods Handled,20194,2019Q4,IEDUB,Dublin,4,Foreign trade: Other ports,000 Tonnes,115.0,2019,4
TBQ05C01,Goods Handled,20194,2019Q4,IEDUB,Dublin,5,Coastal trade,000 Tonnes,173.0,2019,4
TBQ05C01,Goods Handled,20194,2019Q4,IEFOV,Shannon Foynes,-,All regions of trade,000 Tonnes,2325.0,2019,4
TBQ05C01,Goods Handled,20194,2019Q4,IEFOV,Shannon Foynes,1,Foreign trade: Great Britain and Northern Ireland,000 Tonnes,279.0,2019,4
TBQ05C01,Goods Handled,20194,2019Q4,IEFOV,Shannon Foynes,2,Foreign trade: Other EU,000 Tonnes,1077.0,2019,4
TBQ05C01,Goods Handled,20194,2019Q4,IEFOV,Shannon Foynes,3,Foreign trade: Non-EU,000 Tonnes,161.0,2019,4
TBQ05C01,Goods Handled,20194,2019Q4,IEFOV,Shannon Foynes,4,Foreign trade: Other ports,000 Tonnes,707.0,2019,4
TBQ05C01,Goods Handled,20194,2019Q4,IEFOV,Shannon Foynes,5,Coastal trade,000 Tonnes,102.0,2019,4
TBQ05C01,Goods Handled,20194,2019Q4,IEORK,Cork,-,All regions of trade,000 Tonnes,2318.0,2019,4
TBQ05C01,Goods Handled,20194,2019Q4,IEORK,Cork,1,Foreign trade: Great Britain and Northern Ireland,000 Tonnes,273.0,2019,4
TBQ05C01,Goods Handled,20194,2019Q4,IEORK,Cork,2,Foreign trade: Other EU,000 Tonnes,944.0,2019,4
TBQ05C01,Goods Handled,20194,2019Q4,IEORK,Cork,3,Foreign trade: Non-EU,000 Tonnes,118.0,2019,4
TBQ05C01,Goods Handled,20194,2019Q4,IEORK,Cork,4,Foreign trade: Other ports,000 Tonnes,726.0,2019,4
TBQ05C01,Goods Handled,20194,2019Q4,IEORK,Cork,5,Coastal trade,000 Tonnes,257.0,2019,4
TBQ05C01,Goods Handled,20194,2019Q4,IEROS,Rosslare,-,All regions of trade,000 Tonnes,479.0,2019,4
TBQ05C01,Goods Handled,20194,2019Q4,IEROS,Rosslare,1,Foreign trade: Great Britain and Northern Ireland,000 Tonnes,399.0,2019,4
TBQ05C01,Goods Handled,20194,2019Q4,IEROS,Rosslare,2,Foreign trade: Other EU,000 Tonnes,80.0,2019,4
TBQ05C01,Goods Handled,20194,2019Q4,IEROS,Rosslare,3,Foreign trade: Non-EU,000 Tonnes,0.0,2019,4
TBQ05C01,Goods Handled,20194,2019Q4,IEROS,Rosslare,4,Foreign trade: Other ports,000 Tonnes,0.0,2019,4
TBQ05C01,Goods Handled,20194,2019Q4,IEROS,Rosslare,5,Coastal trade,000 Tonnes,0.0,2019,4
TBQ05C01,Goods Handled,20194,2019Q4,IEWAT,Waterford,-,All regions of trade,000 Tonnes,509.0,2019,4
TBQ05C01,Goods Handled,20194,2019Q4,IEWAT,Waterford,1,Foreign trade: Great Britain and Northern Ireland,000 Tonnes,27.0,2019,4
TBQ05C01,Goods Handled,20194,2019Q4,IEWAT,Waterford,2,Foreign trade: Other EU,000 Tonnes,345.0,2019,4
TBQ05C01,Goods Handled,20194,2019Q4,IEWAT,Waterford,3,Foreign trade: Non-EU,000 Tonnes,29.0,2019,4
TBQ05C01,Goods Handled,20194,2019Q4,IEWAT,Waterford,4,Foreign trade: Other ports,000 Tonnes,107.0,2019,4
TBQ05C01,Goods Handled,20194,2019Q4,IEWAT,Waterford,5,Coastal trade,000 Tonnes,0.0,2019,4
TBQ05C01,Goods Handled,20201,2020Q1,IEMIP,All Main Irish Ports,-,All regions of trade,000 Tonnes,12537.0,2020,1
TBQ05C01,Goods Handled,20201,2020Q1,IEMIP,All Main Irish Ports,1,Foreign trade: Great Britain and Northern Ireland,000 Tonnes,4947.0,2020,1
TBQ05C01,Goods Handled,20201,2020Q1,IEMIP,All Main Irish Ports,2,Foreign trade: Other EU,000 Tonnes,4324.0,2020,1
TBQ05C01,Goods Handled,20201,2020Q1,IEMIP,All Main Irish Ports,3,Foreign trade: Non-EU,000 Tonnes,453.0,2020,1
TBQ05C01,Goods Handled,20201,2020Q1,IEMIP,All Main Irish Ports,4,Foreign trade: Other ports,000 Tonnes,2240.0,2020,1
TBQ05C01,Goods Handled,20201,2020Q1,IEMIP,All Main Irish Ports,5,Coastal trade,000 Tonnes,573.0,2020,1
TBQ05C01,Goods Handled,20201,2020Q1,IEBYT,Bantry Bay,-,All regions of trade,000 Tonnes,368.0,2020,1
TBQ05C01,Goods Handled,20201,2020Q1,IEBYT,Bantry Bay,1,Foreign trade: Great Britain and Northern Ireland,000 Tonnes,30.0,2020,1
TBQ05C01,Goods Handled,20201,2020Q1,IEBYT,Bantry Bay,2,Foreign trade: Other EU,000 Tonnes,184.0,2020,1
TBQ05C01,Goods Handled,20201,2020Q1,IEBYT,Bantry Bay,3,Foreign trade: Non-EU,000 Tonnes,0.0,2020,1
TBQ05C01,Goods Handled,20201,2020Q1,IEBYT,Bantry Bay,4,Foreign trade: Other ports,000 Tonnes,154.0,2020,1
TBQ05C01,Goods Handled,20201,2020Q1,IEBYT,Bantry Bay,5,Coastal trade,000 Tonnes,0.0,2020,1
TBQ05C01,Goods Handled,20201,2020Q1,IEDRO,Drogheda,-,All regions of trade,000 Tonnes,336.0,2020,1
TBQ05C01,Goods Handled,20201,2020Q1,IEDRO,Drogheda,1,Foreign trade: Great Britain and Northern Ireland,000 Tonnes,90.0,2020,1
TBQ05C01,Goods Handled,20201,2020Q1,IEDRO,Drogheda,2,Foreign trade: Other EU,000 Tonnes,198.0,2020,1
TBQ05C01,Goods Handled,20201,2020Q1,IEDRO,Drogheda,3,Foreign trade: Non-EU,000 Tonnes,21.0,2020,1
TBQ05C01,Goods Handled,20201,2020Q1,IEDRO,Drogheda,4,Foreign trade: Other ports,000 Tonnes,25.0,2020,1
TBQ05C01,Goods Handled,20201,2020Q1,IEDRO,Drogheda,5,Coastal trade,000 Tonnes,2.0,2020,1
TBQ05C01,Goods Handled,20201,2020Q1,IEDUB,Dublin,-,All regions of trade,000 Tonnes,6398.0,2020,1
TBQ05C01,Goods Handled,20201,2020Q1,IEDUB,Dublin,1,Foreign trade: Great Britain and Northern Ireland,000 Tonnes,3968.0,2020,1
TBQ05C01,Goods Handled,20201,2020Q1,IEDUB,Dublin,2,Foreign trade: Other EU,000 Tonnes,2057.0,2020,1
TBQ05C01,Goods Handled,20201,2020Q1,IEDUB,Dublin,3,Foreign trade: Non-EU,000 Tonnes,122.0,2020,1
TBQ05C01,Goods Handled,20201,2020Q1,IEDUB,Dublin,4,Foreign trade: Other ports,000 Tonnes,54.0,2020,1
TBQ05C01,Goods Handled,20201,2020Q1,IEDUB,Dublin,5,Coastal trade,000 Tonnes,197.0,2020,1
TBQ05C01,Goods Handled,20201,2020Q1,IEFOV,Shannon Foynes,-,All regions of trade,000 Tonnes,2335.0,2020,1
TBQ05C01,Goods Handled,20201,2020Q1,IEFOV,Shannon Foynes,1,Foreign trade: Great Britain and Northern Ireland,000 Tonnes,261.0,2020,1
TBQ05C01,Goods Handled,20201,2020Q1,IEFOV,Shannon Foynes,2,Foreign trade: Other EU,000 Tonnes,777.0,2020,1
TBQ05C01,Goods Handled,20201,2020Q1,IEFOV,Shannon Foynes,3,Foreign trade: Non-EU,000 Tonnes,116.0,2020,1
TBQ05C01,Goods Handled,20201,2020Q1,IEFOV,Shannon Foynes,4,Foreign trade: Other ports,000 Tonnes,1078.0,2020,1
TBQ05C01,Goods Handled,20201,2020Q1,IEFOV,Shannon Foynes,5,Coastal trade,000 Tonnes,103.0,2020,1
TBQ05C01,Goods Handled,20201,2020Q1,IEORK,Cork,-,All regions of trade,000 Tonnes,2187.0,2020,1
TBQ05C01,Goods Handled,20201,2020Q1,IEORK,Cork,1,Foreign trade: Great Britain and Northern Ireland,000 Tonnes,210.0,2020,1
TBQ05C01,Goods Handled,20201,2020Q1,IEORK,Cork,2,Foreign trade: Other EU,000 Tonnes,678.0,2020,1
TBQ05C01,Goods Handled,20201,2020Q1,IEORK,Cork,3,Foreign trade: Non-EU,000 Tonnes,131.0,2020,1
TBQ05C01,Goods Handled,20201,2020Q1,IEORK,Cork,4,Foreign trade: Other ports,000 Tonnes,897.0,2020,1
TBQ05C01,Goods Handled,20201,2020Q1,IEORK,Cork,5,Coastal trade,000 Tonnes,271.0,2020,1
TBQ05C01,Goods Handled,20201,2020Q1,IEROS,Rosslare,-,All regions of trade,000 Tonnes,458.0,2020,1
TBQ05C01,Goods Handled,20201,2020Q1,IEROS,Rosslare,1,Foreign trade: Great Britain and Northern Ireland,000 Tonnes,361.0,2020,1
TBQ05C01,Goods Handled,20201,2020Q1,IEROS,Rosslare,2,Foreign trade: Other EU,000 Tonnes,97.0,2020,1
TBQ05C01,Goods Handled,20201,2020Q1,IEROS,Rosslare,3,Foreign trade: Non-EU,000 Tonnes,0.0,2020,1
TBQ05C01,Goods Handled,20201,2020Q1,IEROS,Rosslare,4,Foreign trade: Other ports,000 Tonnes,0.0,2020,1
TBQ05C01,Goods Handled,20201,2020Q1,IEROS,Rosslare,5,Coastal trade,000 Tonnes,0.0,2020,1
TBQ05C01,Goods Handled,20201,2020Q1,IEWAT,Waterford,-,All regions of trade,000 Tonnes,457.0,2020,1
TBQ05C01,Goods Handled,20201,2020Q1,IEWAT,Waterford,1,Foreign trade: Great Britain and Northern Ireland,000 Tonnes,27.0,2020,1
TBQ05C01,Goods Handled,20201,2020Q1,IEWAT,Waterford,2,Foreign trade: Other EU,000 Tonnes,334.0,2020,1
TBQ05C01,Goods Handled,20201,2020Q1,IEWAT,Waterford,3,Foreign trade: Non-EU,000 Tonnes,63.0,2020,1
TBQ05C01,Goods Handled,20201,2020Q1,IEWAT,Waterford,4,Foreign trade: Other ports,000 Tonnes,32.0,2020,1
TBQ05C01,Goods Handled,20201,2020Q1,IEWAT,Waterford,5,Coastal trade,000 Tonnes,0.0,2020,1
TBQ05C01,Goods Handled,20202,2020Q2,IEMIP,All Main Irish Ports,-,All regions of trade,000 Tonnes,10863.0,2020,2
TBQ05C01,Goods Handled,20202,2020Q2,IEMIP,All Main Irish Ports,1,Foreign trade: Great Britain and Northern Ireland,000 Tonnes,4121.0,2020,2
TBQ05C01,Goods Handled,20202,2020Q2,IEMIP,All Main Irish Ports,2,Foreign trade: Other EU,000 Tonnes,3830.0,2020,2
TBQ05C01,Goods Handled,20202,2020Q2,IEMIP,All Main Irish Ports,3,Foreign trade: Non-EU,000 Tonnes,560.0,2020,2
TBQ05C01,Goods Handled,20202,2020Q2,IEMIP,All Main Irish Ports,4,Foreign trade: Other ports,000 Tonnes,1947.0,2020,2
TBQ05C01,Goods Handled,20202,2020Q2,IEMIP,All Main Irish Ports,5,Coastal trade,000 Tonnes,406.0,2020,2
TBQ05C01,Goods Handled,20202,2020Q2,IEBYT,Bantry Bay,-,All regions of trade,000 Tonnes,477.0,2020,2
TBQ05C01,Goods Handled,20202,2020Q2,IEBYT,Bantry Bay,1,Foreign trade: Great Britain and Northern Ireland,000 Tonnes,0.0,2020,2
TBQ05C01,Goods Handled,20202,2020Q2,IEBYT,Bantry Bay,2,Foreign trade: Other EU,000 Tonnes,67.0,2020,2
TBQ05C01,Goods Handled,20202,2020Q2,IEBYT,Bantry Bay,3,Foreign trade: Non-EU,000 Tonnes,65.0,2020,2
TBQ05C01,Goods Handled,20202,2020Q2,IEBYT,Bantry Bay,4,Foreign trade: Other ports,000 Tonnes,345.0,2020,2
TBQ05C01,Goods Handled,20202,2020Q2,IEBYT,Bantry Bay,5,Coastal trade,000 Tonnes,0.0,2020,2
TBQ05C01,Goods Handled,20202,2020Q2,IEDRO,Drogheda,-,All regions of trade,000 Tonnes,291.0,2020,2
TBQ05C01,Goods Handled,20202,2020Q2,IEDRO,Drogheda,1,Foreign trade: Great Britain and Northern Ireland,000 Tonnes,102.0,2020,2
TBQ05C01,Goods Handled,20202,2020Q2,IEDRO,Drogheda,2,Foreign trade: Other EU,000 Tonnes,176.0,2020,2
TBQ05C01,Goods Handled,20202,2020Q2,IEDRO,Drogheda,3,Foreign trade: Non-EU,000 Tonnes,7.0,2020,2
TBQ05C01,Goods Handled,20202,2020Q2,IEDRO,Drogheda,4,Foreign trade: Other ports,000 Tonnes,5.0,2020,2
TBQ05C01,Goods Handled,20202,2020Q2,IEDRO,Drogheda,5,Coastal trade,000 Tonnes,1.0,2020,2
TBQ05C01,Goods Handled,20202,2020Q2,IEDUB,Dublin,-,All regions of trade,000 Tonnes,5286.0,2020,2
TBQ05C01,Goods Handled,20202,2020Q2,IEDUB,Dublin,1,Foreign trade: Great Britain and Northern Ireland,000 Tonnes,3529.0,2020,2
TBQ05C01,Goods Handled,20202,2020Q2,IEDUB,Dublin,2,Foreign trade: Other EU,000 Tonnes,1518.0,2020,2
TBQ05C01,Goods Handled,20202,2020Q2,IEDUB,Dublin,3,Foreign trade: Non-EU,000 Tonnes,57.0,2020,2
TBQ05C01,Goods Handled,20202,2020Q2,IEDUB,Dublin,4,Foreign trade: Other ports,000 Tonnes,16.0,2020,2
TBQ05C01,Goods Handled,20202,2020Q2,IEDUB,Dublin,5,Coastal trade,000 Tonnes,166.0,2020,2
TBQ05C01,Goods Handled,20202,2020Q2,IEFOV,Shannon Foynes,-,All regions of trade,000 Tonnes,2155.0,2020,2
TBQ05C01,Goods Handled,20202,2020Q2,IEFOV,Shannon Foynes,1,Foreign trade: Great Britain and Northern Ireland,000 Tonnes,248.0,2020,2
TBQ05C01,Goods Handled,20202,2020Q2,IEFOV,Shannon Foynes,2,Foreign trade: Other EU,000 Tonnes,931.0,2020,2
TBQ05C01,Goods Handled,20202,2020Q2,IEFOV,Shannon Foynes,3,Foreign trade: Non-EU,000 Tonnes,94.0,2020,2
TBQ05C01,Goods Handled,20202,2020Q2,IEFOV,Shannon Foynes,4,Foreign trade: Other ports,000 Tonnes,761.0,2020,2
TBQ05C01,Goods Handled,20202,2020Q2,IEFOV,Shannon Foynes,5,Coastal trade,000 Tonnes,121.0,2020,2
TBQ05C01,Goods Handled,20202,2020Q2,IEORK,Cork,-,All regions of trade,000 Tonnes,2076.0,2020,2
TBQ05C01,Goods Handled,20202,2020Q2,IEORK,Cork,1,Foreign trade: Great Britain and Northern Ireland,000 Tonnes,120.0,2020,2
TBQ05C01,Goods Handled,20202,2020Q2,IEORK,Cork,2,Foreign trade: Other EU,000 Tonnes,819.0,2020,2
TBQ05C01,Goods Handled,20202,2020Q2,IEORK,Cork,3,Foreign trade: Non-EU,000 Tonnes,259.0,2020,2
TBQ05C01,Goods Handled,20202,2020Q2,IEORK,Cork,4,Foreign trade: Other ports,000 Tonnes,761.0,2020,2
TBQ05C01,Goods Handled,20202,2020Q2,IEORK,Cork,5,Coastal trade,000 Tonnes,118.0,2020,2
TBQ05C01,Goods Handled,20202,2020Q2,IEROS,Rosslare,-,All regions of trade,000 Tonnes,128.0,2020,2
TBQ05C01,Goods Handled,20202,2020Q2,IEROS,Rosslare,1,Foreign trade: Great Britain and Northern Ireland,000 Tonnes,100.0,2020,2
TBQ05C01,Goods Handled,20202,2020Q2,IEROS,Rosslare,2,Foreign trade: Other EU,000 Tonnes,28.0,2020,2
TBQ05C01,Goods Handled,20202,2020Q2,IEROS,Rosslare,3,Foreign trade: Non-EU,000 Tonnes,0.0,2020,2
TBQ05C01,Goods Handled,20202,2020Q2,IEROS,Rosslare,4,Foreign trade: Other ports,000 Tonnes,0.0,2020,2
TBQ05C01,Goods Handled,20202,2020Q2,IEROS,Rosslare,5,Coastal trade,000 Tonnes,0.0,2020,2
TBQ05C01,Goods Handled,20202,2020Q2,IEWAT,Waterford,-,All regions of trade,000 Tonnes,451.0,2020,2
TBQ05C01,Goods Handled,20202,2020Q2,IEWAT,Waterford,1,Foreign trade: Great Britain and Northern Ireland,000 Tonnes,22.0,2020,2
TBQ05C01,Goods Handled,20202,2020Q2,IEWAT,Waterford,2,Foreign trade: Other EU,000 Tonnes,291.0,2020,2
TBQ05C01,Goods Handled,20202,2020Q2,IEWAT,Waterford,3,Foreign trade: Non-EU,000 Tonnes,79.0,2020,2
TBQ05C01,Goods Handled,20202,2020Q2,IEWAT,Waterford,4,Foreign trade: Other ports,000 Tonnes,59.0,2020,2
TBQ05C01,Goods Handled,20202,2020Q2,IEWAT,Waterford,5,Coastal trade,000 Tonnes,0.0,2020,2
TBQ05C01,Goods Handled,20203,2020Q3,IEMIP,All Main Irish Ports,-,All regions of trade,000 Tonnes,12746.0,2020,3
TBQ05C01,Goods Handled,20203,2020Q3,IEMIP,All Main Irish Ports,1,Foreign trade: Great Britain and Northern Ireland,000 Tonnes,5233.0,2020,3
TBQ05C01,Goods Handled,20203,2020Q3,IEMIP,All Main Irish Ports,2,Foreign trade: Other EU,000 Tonnes,4484.0,2020,3
TBQ05C01,Goods Handled,20203,2020Q3,IEMIP,All Main Irish Ports,3,Foreign trade: Non-EU,000 Tonnes,735.0,2020,3
TBQ05C01,Goods Handled,20203,2020Q3,IEMIP,All Main Irish Ports,4,Foreign trade: Other ports,000 Tonnes,1830.0,2020,3
TBQ05C01,Goods Handled,20203,2020Q3,IEMIP,All Main Irish Ports,5,Coastal trade,000 Tonnes,463.0,2020,3
TBQ05C01,Goods Handled,20203,2020Q3,IEBYT,Bantry Bay,-,All regions of trade,000 Tonnes,415.0,2020,3
TBQ05C01,Goods Handled,20203,2020Q3,IEBYT,Bantry Bay,1,Foreign trade: Great Britain and Northern Ireland,000 Tonnes,209.0,2020,3
TBQ05C01,Goods Handled,20203,2020Q3,IEBYT,Bantry Bay,2,Foreign trade: Other EU,000 Tonnes,0.0,2020,3
TBQ05C01,Goods Handled,20203,2020Q3,IEBYT,Bantry Bay,3,Foreign trade: Non-EU,000 Tonnes,0.0,2020,3
TBQ05C01,Goods Handled,20203,2020Q3,IEBYT,Bantry Bay,4,Foreign trade: Other ports,000 Tonnes,206.0,2020,3
TBQ05C01,Goods Handled,20203,2020Q3,IEBYT,Bantry Bay,5,Coastal trade,000 Tonnes,0.0,2020,3
TBQ05C01,Goods Handled,20203,2020Q3,IEDRO,Drogheda,-,All regions of trade,000 Tonnes,293.0,2020,3
TBQ05C01,Goods Handled,20203,2020Q3,IEDRO,Drogheda,1,Foreign trade: Great Britain and Northern Ireland,000 Tonnes,87.0,2020,3
TBQ05C01,Goods Handled,20203,2020Q3,IEDRO,Drogheda,2,Foreign trade: Other EU,000 Tonnes,158.0,2020,3
TBQ05C01,Goods Handled,20203,2020Q3,IEDRO,Drogheda,3,Foreign trade: Non-EU,000 Tonnes,39.0,2020,3
TBQ05C01,Goods Handled,20203,2020Q3,IEDRO,Drogheda,4,Foreign trade: Other ports,000 Tonnes,8.0,2020,3
TBQ05C01,Goods Handled,20203,2020Q3,IEDRO,Drogheda,5,Coastal trade,000 Tonnes,1.0,2020,3
TBQ05C01,Goods Handled,20203,2020Q3,IEDUB,Dublin,-,All regions of trade,000 Tonnes,6568.0,2020,3
TBQ05C01,Goods Handled,20203,2020Q3,IEDUB,Dublin,1,Foreign trade: Great Britain and Northern Ireland,000 Tonnes,4159.0,2020,3
TBQ05C01,Goods Handled,20203,2020Q3,IEDUB,Dublin,2,Foreign trade: Other EU,000 Tonnes,2074.0,2020,3
TBQ05C01,Goods Handled,20203,2020Q3,IEDUB,Dublin,3,Foreign trade: Non-EU,000 Tonnes,141.0,2020,3
TBQ05C01,Goods Handled,20203,2020Q3,IEDUB,Dublin,4,Foreign trade: Other ports,000 Tonnes,52.0,2020,3
TBQ05C01,Goods Handled,20203,2020Q3,IEDUB,Dublin,5,Coastal trade,000 Tonnes,142.0,2020,3
TBQ05C01,Goods Handled,20203,2020Q3,IEFOV,Shannon Foynes,-,All regions of trade,000 Tonnes,2396.0,2020,3
TBQ05C01,Goods Handled,20203,2020Q3,IEFOV,Shannon Foynes,1,Foreign trade: Great Britain and Northern Ireland,000 Tonnes,264.0,2020,3
TBQ05C01,Goods Handled,20203,2020Q3,IEFOV,Shannon Foynes,2,Foreign trade: Other EU,000 Tonnes,1090.0,2020,3
TBQ05C01,Goods Handled,20203,2020Q3,IEFOV,Shannon Foynes,3,Foreign trade: Non-EU,000 Tonnes,140.0,2020,3
TBQ05C01,Goods Handled,20203,2020Q3,IEFOV,Shannon Foynes,4,Foreign trade: Other ports,000 Tonnes,780.0,2020,3
TBQ05C01,Goods Handled,20203,2020Q3,IEFOV,Shannon Foynes,5,Coastal trade,000 Tonnes,121.0,2020,3
TBQ05C01,Goods Handled,20203,2020Q3,IEORK,Cork,-,All regions of trade,000 Tonnes,2159.0,2020,3
TBQ05C01,Goods Handled,20203,2020Q3,IEORK,Cork,1,Foreign trade: Great Britain and Northern Ireland,000 Tonnes,141.0,2020,3
TBQ05C01,Goods Handled,20203,2020Q3,IEORK,Cork,2,Foreign trade: Other EU,000 Tonnes,715.0,2020,3
TBQ05C01,Goods Handled,20203,2020Q3,IEORK,Cork,3,Foreign trade: Non-EU,000 Tonnes,373.0,2020,3
TBQ05C01,Goods Handled,20203,2020Q3,IEORK,Cork,4,Foreign trade: Other ports,000 Tonnes,730.0,2020,3
TBQ05C01,Goods Handled,20203,2020Q3,IEORK,Cork,5,Coastal trade,000 Tonnes,199.0,2020,3
TBQ05C01,Goods Handled,20203,2020Q3,IEROS,Rosslare,-,All regions of trade,000 Tonnes,443.0,2020,3
TBQ05C01,Goods Handled,20203,2020Q3,IEROS,Rosslare,1,Foreign trade: Great Britain and Northern Ireland,000 Tonnes,350.0,2020,3
TBQ05C01,Goods Handled,20203,2020Q3,IEROS,Rosslare,2,Foreign trade: Other EU,000 Tonnes,93.0,2020,3
TBQ05C01,Goods Handled,20203,2020Q3,IEROS,Rosslare,3,Foreign trade: Non-EU,000 Tonnes,0.0,2020,3
TBQ05C01,Goods Handled,20203,2020Q3,IEROS,Rosslare,4,Foreign trade: Other ports,000 Tonnes,0.0,2020,3
TBQ05C01,Goods Handled,20203,2020Q3,IEROS,Rosslare,5,Coastal trade,000 Tonnes,0.0,2020,3
TBQ05C01,Goods Handled,20203,2020Q3,IEWAT,Waterford,-,All regions of trade,000 Tonnes,472.0,2020,3
TBQ05C01,Goods Handled,20203,2020Q3,IEWAT,Waterford,1,Foreign trade: Great Britain and Northern Ireland,000 Tonnes,22.0,2020,3
TBQ05C01,Goods Handled,20203,2020Q3,IEWAT,Waterford,2,Foreign trade: Other EU,000 Tonnes,354.0,2020,3
TBQ05C01,Goods Handled,20203,2020Q3,IEWAT,Waterford,3,Foreign trade: Non-EU,000 Tonnes,41.0,2020,3
TBQ05C01,Goods Handled,20203,2020Q3,IEWAT,Waterford,4,Foreign trade: Other ports,000 Tonnes,55.0,2020,3
TBQ05C01,Goods Handled,20203,2020Q3,IEWAT,Waterford,5,Coastal trade,000 Tonnes,0.0,2020,3
TBQ05C01,Goods Handled,20204,2020Q4,IEMIP,All Main Irish Ports,-,All regions of trade,000 Tonnes,13197.0,2020,4
TBQ05C01,Goods Handled,20204,2020Q4,IEMIP,All Main Irish Ports,1,Foreign trade: Great Britain and Northern Ireland,000 Tonnes,5482.0,2020,4
TBQ05C01,Goods Handled,20204,2020Q4,IEMIP,All Main Irish Ports,2,Foreign trade: Other EU,000 Tonnes,4906.0,2020,4
TBQ05C01,Goods Handled,20204,2020Q4,IEMIP,All Main Irish Ports,3,Foreign trade: Non-EU,000 Tonnes,551.0,2020,4
TBQ05C01,Goods Handled,20204,2020Q4,IEMIP,All Main Irish Ports,4,Foreign trade: Other ports,000 Tonnes,1776.0,2020,4
TBQ05C01,Goods Handled,20204,2020Q4,IEMIP,All Main Irish Ports,5,Coastal trade,000 Tonnes,483.0,2020,4
TBQ05C01,Goods Handled,20204,2020Q4,IEBYT,Bantry Bay,-,All regions of trade,000 Tonnes,58.0,2020,4
TBQ05C01,Goods Handled,20204,2020Q4,IEBYT,Bantry Bay,1,Foreign trade: Great Britain and Northern Ireland,000 Tonnes,0.0,2020,4
TBQ05C01,Goods Handled,20204,2020Q4,IEBYT,Bantry Bay,2,Foreign trade: Other EU,000 Tonnes,0.0,2020,4
TBQ05C01,Goods Handled,20204,2020Q4,IEBYT,Bantry Bay,3,Foreign trade: Non-EU,000 Tonnes,0.0,2020,4
TBQ05C01,Goods Handled,20204,2020Q4,IEBYT,Bantry Bay,4,Foreign trade: Other ports,000 Tonnes,58.0,2020,4
TBQ05C01,Goods Handled,20204,2020Q4,IEBYT,Bantry Bay,5,Coastal trade,000 Tonnes,0.0,2020,4
TBQ05C01,Goods Handled,20204,2020Q4,IEDRO,Drogheda,-,All regions of trade,000 Tonnes,365.0,2020,4
TBQ05C01,Goods Handled,20204,2020Q4,IEDRO,Drogheda,1,Foreign trade: Great Britain and Northern Ireland,000 Tonnes,125.0,2020,4
TBQ05C01,Goods Handled,20204,2020Q4,IEDRO,Drogheda,2,Foreign trade: Other EU,000 Tonnes,198.0,2020,4
TBQ05C01,Goods Handled,20204,2020Q4,IEDRO,Drogheda,3,Foreign trade: Non-EU,000 Tonnes,28.0,2020,4
TBQ05C01,Goods Handled,20204,2020Q4,IEDRO,Drogheda,4,Foreign trade: Other ports,000 Tonnes,11.0,2020,4
TBQ05C01,Goods Handled,20204,2020Q4,IEDRO,Drogheda,5,Coastal trade,000 Tonnes,3.0,2020,4
TBQ05C01,Goods Handled,20204,2020Q4,IEDUB,Dublin,-,All regions of trade,000 Tonnes,6959.0,2020,4
TBQ05C01,Goods Handled,20204,2020Q4,IEDUB,Dublin,1,Foreign trade: Great Britain and Northern Ireland,000 Tonnes,4350.0,2020,4
TBQ05C01,Goods Handled,20204,2020Q4,IEDUB,Dublin,2,Foreign trade: Other EU,000 Tonnes,2295.0,2020,4
TBQ05C01,Goods Handled,20204,2020Q4,IEDUB,Dublin,3,Foreign trade: Non-EU,000 Tonnes,123.0,2020,4
TBQ05C01,Goods Handled,20204,2020Q4,IEDUB,Dublin,4,Foreign trade: Other ports,000 Tonnes,23.0,2020,4
TBQ05C01,Goods Handled,20204,2020Q4,IEDUB,Dublin,5,Coastal trade,000 Tonnes,168.0,2020,4
TBQ05C01,Goods Handled,20204,2020Q4,IEFOV,Shannon Foynes,-,All regions of trade,000 Tonnes,2570.0,2020,4
TBQ05C01,Goods Handled,20204,2020Q4,IEFOV,Shannon Foynes,1,Foreign trade: Great Britain and Northern Ireland,000 Tonnes,231.0,2020,4
TBQ05C01,Goods Handled,20204,2020Q4,IEFOV,Shannon Foynes,2,Foreign trade: Other EU,000 Tonnes,1319.0,2020,4
TBQ05C01,Goods Handled,20204,2020Q4,IEFOV,Shannon Foynes,3,Foreign trade: Non-EU,000 Tonnes,235.0,2020,4
TBQ05C01,Goods Handled,20204,2020Q4,IEFOV,Shannon Foynes,4,Foreign trade: Other ports,000 Tonnes,676.0,2020,4
TBQ05C01,Goods Handled,20204,2020Q4,IEFOV,Shannon Foynes,5,Coastal trade,000 Tonnes,109.0,2020,4
TBQ05C01,Goods Handled,20204,2020Q4,IEORK,Cork,-,All regions of trade,000 Tonnes,2216.0,2020,4
TBQ05C01,Goods Handled,20204,2020Q4,IEORK,Cork,1,Foreign trade: Great Britain and Northern Ireland,000 Tonnes,269.0,2020,4
TBQ05C01,Goods Handled,20204,2020Q4,IEORK,Cork,2,Foreign trade: Other EU,000 Tonnes,705.0,2020,4
TBQ05C01,Goods Handled,20204,2020Q4,IEORK,Cork,3,Foreign trade: Non-EU,000 Tonnes,124.0,2020,4
TBQ05C01,Goods Handled,20204,2020Q4,IEORK,Cork,4,Foreign trade: Other ports,000 Tonnes,917.0,2020,4
TBQ05C01,Goods Handled,20204,2020Q4,IEORK,Cork,5,Coastal trade,000 Tonnes,201.0,2020,4
TBQ05C01,Goods Handled,20204,2020Q4,IEROS,Rosslare,-,All regions of trade,000 Tonnes,566.0,2020,4
TBQ05C01,Goods Handled,20204,2020Q4,IEROS,Rosslare,1,Foreign trade: Great Britain and Northern Ireland,000 Tonnes,460.0,2020,4
TBQ05C01,Goods Handled,20204,2020Q4,IEROS,Rosslare,2,Foreign trade: Other EU,000 Tonnes,107.0,2020,4
TBQ05C01,Goods Handled,20204,2020Q4,IEROS,Rosslare,3,Foreign trade: Non-EU,000 Tonnes,0.0,2020,4
TBQ05C01,Goods Handled,20204,2020Q4,IEROS,Rosslare,4,Foreign trade: Other ports,000 Tonnes,0.0,2020,4
TBQ05C01,Goods Handled,20204,2020Q4,IEROS,Rosslare,5,Coastal trade,000 Tonnes,0.0,2020,4
TBQ05C01,Goods Handled,20204,2020Q4,IEWAT,Waterford,-,All regions of trade,000 Tonnes,463.0,2020,4
TBQ05C01,Goods Handled,20204,2020Q4,IEWAT,Waterford,1,Foreign trade: Great Britain and Northern Ireland,000 Tonnes,47.0,2020,4
TBQ05C01,Goods Handled,20204,2020Q4,IEWAT,Waterford,2,Foreign trade: Other EU,000 Tonnes,283.0,2020,4
TBQ05C01,Goods Handled,20204,2020Q4,IEWAT,Waterford,3,Foreign trade: Non-EU,000 Tonnes,41.0,2020,4
TBQ05C01,Goods Handled,20204,2020Q4,IEWAT,Waterford,4,Foreign trade: Other ports,000 Tonnes,90.0,2020,4
TBQ05C01,Goods Handled,20204,2020Q4,IEWAT,Waterford,5,Coastal trade,000 Tonnes,2.0,2020,4
TBQ05C01,Goods Handled,20211,2021Q1,IEMIP,All Main Irish Ports,-,All regions of trade,000 Tonnes,12136.0,2021,1
TBQ05C01,Goods Handled,20211,2021Q1,IEMIP,All Main Irish Ports,1,Foreign trade: Great Britain and Northern Ireland,000 Tonnes,3562.0,2021,1
TBQ05C01,Goods Handled,20211,2021Q1,IEMIP,All Main Irish Ports,2,Foreign trade: Other EU,000 Tonnes,5247.0,2021,1
TBQ05C01,Goods Handled,20211,2021Q1,IEMIP,All Main Irish Ports,3,Foreign trade: Non-EU,000 Tonnes,780.0,2021,1
TBQ05C01,Goods Handled,20211,2021Q1,IEMIP,All Main Irish Ports,4,Foreign trade: Other ports,000 Tonnes,2024.0,2021,1
TBQ05C01,Goods Handled,20211,2021Q1,IEMIP,All Main Irish Ports,5,Coastal trade,000 Tonnes,523.0,2021,1
TBQ05C01,Goods Handled,20211,2021Q1,IEBYT,Bantry Bay,-,All regions of trade,000 Tonnes,82.0,2021,1
TBQ05C01,Goods Handled,20211,2021Q1,IEBYT,Bantry Bay,1,Foreign trade: Great Britain and Northern Ireland,000 Tonnes,0.0,2021,1
TBQ05C01,Goods Handled,20211,2021Q1,IEBYT,Bantry Bay,2,Foreign trade: Other EU,000 Tonnes,0.0,2021,1
TBQ05C01,Goods Handled,20211,2021Q1,IEBYT,Bantry Bay,3,Foreign trade: Non-EU,000 Tonnes,0.0,2021,1
TBQ05C01,Goods Handled,20211,2021Q1,IEBYT,Bantry Bay,4,Foreign trade: Other ports,000 Tonnes,82.0,2021,1
TBQ05C01,Goods Handled,20211,2021Q1,IEBYT,Bantry Bay,5,Coastal trade,000 Tonnes,0.0,2021,1
TBQ05C01,Goods Handled,20211,2021Q1,IEDRO,Drogheda,-,All regions of trade,000 Tonnes,355.0,2021,1
TBQ05C01,Goods Handled,20211,2021Q1,IEDRO,Drogheda,1,Foreign trade: Great Britain and Northern Ireland,000 Tonnes,70.0,2021,1
TBQ05C01,Goods Handled,20211,2021Q1,IEDRO,Drogheda,2,Foreign trade: Other EU,000 Tonnes,230.0,2021,1
TBQ05C01,Goods Handled,20211,2021Q1,IEDRO,Drogheda,3,Foreign trade: Non-EU,000 Tonnes,14.0,2021,1
TBQ05C01,Goods Handled,20211,2021Q1,IEDRO,Drogheda,4,Foreign trade: Other ports,000 Tonnes,33.0,2021,1
TBQ05C01,Goods Handled,20211,2021Q1,IEDRO,Drogheda,5,Coastal trade,000 Tonnes,7.0,2021,1
TBQ05C01,Goods Handled,20211,2021Q1,IEDUB,Dublin,-,All regions of trade,000 Tonnes,5609.0,2021,1
TBQ05C01,Goods Handled,20211,2021Q1,IEDUB,Dublin,1,Foreign trade: Great Britain and Northern Ireland,000 Tonnes,2795.0,2021,1
TBQ05C01,Goods Handled,20211,2021Q1,IEDUB,Dublin,2,Foreign trade: Other EU,000 Tonnes,2441.0,2021,1
TBQ05C01,Goods Handled,20211,2021Q1,IEDUB,Dublin,3,Foreign trade: Non-EU,000 Tonnes,140.0,2021,1
TBQ05C01,Goods Handled,20211,2021Q1,IEDUB,Dublin,4,Foreign trade: Other ports,000 Tonnes,78.0,2021,1
TBQ05C01,Goods Handled,20211,2021Q1,IEDUB,Dublin,5,Coastal trade,000 Tonnes,155.0,2021,1
TBQ05C01,Goods Handled,20211,2021Q1,IEFOV,Shannon Foynes,-,All regions of trade,000 Tonnes,2605.0,2021,1
TBQ05C01,Goods Handled,20211,2021Q1,IEFOV,Shannon Foynes,1,Foreign trade: Great Britain and Northern Ireland,000 Tonnes,223.0,2021,1
TBQ05C01,Goods Handled,20211,2021Q1,IEFOV,Shannon Foynes,2,Foreign trade: Other EU,000 Tonnes,857.0,2021,1
TBQ05C01,Goods Handled,20211,2021Q1,IEFOV,Shannon Foynes,3,Foreign trade: Non-EU,000 Tonnes,442.0,2021,1
TBQ05C01,Goods Handled,20211,2021Q1,IEFOV,Shannon Foynes,4,Foreign trade: Other ports,000 Tonnes,892.0,2021,1
TBQ05C01,Goods Handled,20211,2021Q1,IEFOV,Shannon Foynes,5,Coastal trade,000 Tonnes,192.0,2021,1
TBQ05C01,Goods Handled,20211,2021Q1,IEORK,Cork,-,All regions of trade,000 Tonnes,2264.0,2021,1
TBQ05C01,Goods Handled,20211,2021Q1,IEORK,Cork,1,Foreign trade: Great Britain and Northern Ireland,000 Tonnes,237.0,2021,1
TBQ05C01,Goods Handled,20211,2021Q1,IEORK,Cork,2,Foreign trade: Other EU,000 Tonnes,843.0,2021,1
TBQ05C01,Goods Handled,20211,2021Q1,IEORK,Cork,3,Foreign trade: Non-EU,000 Tonnes,142.0,2021,1
TBQ05C01,Goods Handled,20211,2021Q1,IEORK,Cork,4,Foreign trade: Other ports,000 Tonnes,872.0,2021,1
TBQ05C01,Goods Handled,20211,2021Q1,IEORK,Cork,5,Coastal trade,000 Tonnes,169.0,2021,1
TBQ05C01,Goods Handled,20211,2021Q1,IEROS,Rosslare,-,All regions of trade,000 Tonnes,673.0,2021,1
TBQ05C01,Goods Handled,20211,2021Q1,IEROS,Rosslare,1,Foreign trade: Great Britain and Northern Ireland,000 Tonnes,218.0,2021,1
TBQ05C01,Goods Handled,20211,2021Q1,IEROS,Rosslare,2,Foreign trade: Other EU,000 Tonnes,455.0,2021,1
TBQ05C01,Goods Handled,20211,2021Q1,IEROS,Rosslare,3,Foreign trade: Non-EU,000 Tonnes,0.0,2021,1
TBQ05C01,Goods Handled,20211,2021Q1,IEROS,Rosslare,4,Foreign trade: Other ports,000 Tonnes,0.0,2021,1
TBQ05C01,Goods Handled,20211,2021Q1,IEROS,Rosslare,5,Coastal trade,000 Tonnes,0.0,2021,1
TBQ05C01,Goods Handled,20211,2021Q1,IEWAT,Waterford,-,All regions of trade,000 Tonnes,548.0,2021,1
TBQ05C01,Goods Handled,20211,2021Q1,IEWAT,Waterford,1,Foreign trade: Great Britain and Northern Ireland,000 Tonnes,18.0,2021,1
TBQ05C01,Goods Handled,20211,2021Q1,IEWAT,Waterford,2,Foreign trade: Other EU,000 Tonnes,421.0,2021,1
TBQ05C01,Goods Handled,20211,2021Q1,IEWAT,Waterford,3,Foreign trade: Non-EU,000 Tonnes,42.0,2021,1
TBQ05C01,Goods Handled,20211,2021Q1,IEWAT,Waterford,4,Foreign trade: Other ports,000 Tonnes,67.0,2021,1
TBQ05C01,Goods Handled,20211,2021Q1,IEWAT,Waterford,5,Coastal trade,000 Tonnes,0.0,2021,1
TBQ05C01,Goods Handled,20212,2021Q2,IEMIP,All Main Irish Ports,-,All regions of trade,000 Tonnes,12969.0,2021,2
TBQ05C01,Goods Handled,20212,2021Q2,IEMIP,All Main Irish Ports,1,Foreign trade: Great Britain and Northern Ireland,000 Tonnes,4164.0,2021,2
TBQ05C01,Goods Handled,20212,2021Q2,IEMIP,All Main Irish Ports,2,Foreign trade: Other EU,000 Tonnes,5430.0,2021,2
TBQ05C01,Goods Handled,20212,2021Q2,IEMIP,All Main Irish Ports,3,Foreign trade: Non-EU,000 Tonnes,1184.0,2021,2
TBQ05C01,Goods Handled,20212,2021Q2,IEMIP,All Main Irish Ports,4,Foreign trade: Other ports,000 Tonnes,1564.0,2021,2
TBQ05C01,Goods Handled,20212,2021Q2,IEMIP,All Main Irish Ports,5,Coastal trade,000 Tonnes,627.0,2021,2
TBQ05C01,Goods Handled,20212,2021Q2,IEBYT,Bantry Bay,-,All regions of trade,000 Tonnes,128.0,2021,2
TBQ05C01,Goods Handled,20212,2021Q2,IEBYT,Bantry Bay,1,Foreign trade: Great Britain and Northern Ireland,000 Tonnes,0.0,2021,2
TBQ05C01,Goods Handled,20212,2021Q2,IEBYT,Bantry Bay,2,Foreign trade: Other EU,000 Tonnes,0.0,2021,2
TBQ05C01,Goods Handled,20212,2021Q2,IEBYT,Bantry Bay,3,Foreign trade: Non-EU,000 Tonnes,66.0,2021,2
TBQ05C01,Goods Handled,20212,2021Q2,IEBYT,Bantry Bay,4,Foreign trade: Other ports,000 Tonnes,62.0,2021,2
TBQ05C01,Goods Handled,20212,2021Q2,IEBYT,Bantry Bay,5,Coastal trade,000 Tonnes,0.0,2021,2
TBQ05C01,Goods Handled,20212,2021Q2,IEDRO,Drogheda,-,All regions of trade,000 Tonnes,290.0,2021,2
TBQ05C01,Goods Handled,20212,2021Q2,IEDRO,Drogheda,1,Foreign trade: Great Britain and Northern Ireland,000 Tonnes,74.0,2021,2
TBQ05C01,Goods Handled,20212,2021Q2,IEDRO,Drogheda,2,Foreign trade: Other EU,000 Tonnes,183.0,2021,2
TBQ05C01,Goods Handled,20212,2021Q2,IEDRO,Drogheda,3,Foreign trade: Non-EU,000 Tonnes,23.0,2021,2
TBQ05C01,Goods Handled,20212,2021Q2,IEDRO,Drogheda,4,Foreign trade: Other ports,000 Tonnes,10.0,2021,2
TBQ05C01,Goods Handled,20212,2021Q2,IEDRO,Drogheda,5,Coastal trade,000 Tonnes,0.0,2021,2
TBQ05C01,Goods Handled,20212,2021Q2,IEDUB,Dublin,-,All regions of trade,000 Tonnes,6310.0,2021,2
TBQ05C01,Goods Handled,20212,2021Q2,IEDUB,Dublin,1,Foreign trade: Great Britain and Northern Ireland,000 Tonnes,3288.0,2021,2
TBQ05C01,Goods Handled,20212,2021Q2,IEDUB,Dublin,2,Foreign trade: Other EU,000 Tonnes,2657.0,2021,2
TBQ05C01,Goods Handled,20212,2021Q2,IEDUB,Dublin,3,Foreign trade: Non-EU,000 Tonnes,84.0,2021,2
TBQ05C01,Goods Handled,20212,2021Q2,IEDUB,Dublin,4,Foreign trade: Other ports,000 Tonnes,84.0,2021,2
TBQ05C01,Goods Handled,20212,2021Q2,IEDUB,Dublin,5,Coastal trade,000 Tonnes,198.0,2021,2
TBQ05C01,Goods Handled,20212,2021Q2,IEFOV,Shannon Foynes,-,All regions of trade,000 Tonnes,2533.0,2021,2
TBQ05C01,Goods Handled,20212,2021Q2,IEFOV,Shannon Foynes,1,Foreign trade: Great Britain and Northern Ireland,000 Tonnes,294.0,2021,2
TBQ05C01,Goods Handled,20212,2021Q2,IEFOV,Shannon Foynes,2,Foreign trade: Other EU,000 Tonnes,962.0,2021,2
TBQ05C01,Goods Handled,20212,2021Q2,IEFOV,Shannon Foynes,3,Foreign trade: Non-EU,000 Tonnes,312.0,2021,2
TBQ05C01,Goods Handled,20212,2021Q2,IEFOV,Shannon Foynes,4,Foreign trade: Other ports,000 Tonnes,797.0,2021,2
TBQ05C01,Goods Handled,20212,2021Q2,IEFOV,Shannon Foynes,5,Coastal trade,000 Tonnes,168.0,2021,2
TBQ05C01,Goods Handled,20212,2021Q2,IEORK,Cork,-,All regions of trade,000 Tonnes,2444.0,2021,2
TBQ05C01,Goods Handled,20212,2021Q2,IEORK,Cork,1,Foreign trade: Great Britain and Northern Ireland,000 Tonnes,223.0,2021,2
TBQ05C01,Goods Handled,20212,2021Q2,IEORK,Cork,2,Foreign trade: Other EU,000 Tonnes,834.0,2021,2
TBQ05C01,Goods Handled,20212,2021Q2,IEORK,Cork,3,Foreign trade: Non-EU,000 Tonnes,615.0,2021,2
TBQ05C01,Goods Handled,20212,2021Q2,IEORK,Cork,4,Foreign trade: Other ports,000 Tonnes,511.0,2021,2
TBQ05C01,Goods Handled,20212,2021Q2,IEORK,Cork,5,Coastal trade,000 Tonnes,261.0,2021,2
TBQ05C01,Goods Handled,20212,2021Q2,IEROS,Rosslare,-,All regions of trade,000 Tonnes,755.0,2021,2
TBQ05C01,Goods Handled,20212,2021Q2,IEROS,Rosslare,1,Foreign trade: Great Britain and Northern Ireland,000 Tonnes,279.0,2021,2
TBQ05C01,Goods Handled,20212,2021Q2,IEROS,Rosslare,2,Foreign trade: Other EU,000 Tonnes,476.0,2021,2
TBQ05C01,Goods Handled,20212,2021Q2,IEROS,Rosslare,3,Foreign trade: Non-EU,000 Tonnes,0.0,2021,2
TBQ05C01,Goods Handled,20212,2021Q2,IEROS,Rosslare,4,Foreign trade: Other ports,000 Tonnes,0.0,2021,2
TBQ05C01,Goods Handled,20212,2021Q2,IEROS,Rosslare,5,Coastal trade,000 Tonnes,0.0,2021,2
TBQ05C01,Goods Handled,20212,2021Q2,IEWAT,Waterford,-,All regions of trade,000 Tonnes,508.0,2021,2
TBQ05C01,Goods Handled,20212,2021Q2,IEWAT,Waterford,1,Foreign trade: Great Britain and Northern Ireland,000 Tonnes,6.0,2021,2
TBQ05C01,Goods Handled,20212,2021Q2,IEWAT,Waterford,2,Foreign trade: Other EU,000 Tonnes,318.0,2021,2
TBQ05C01,Goods Handled,20212,2021Q2,IEWAT,Waterford,3,Foreign trade: Non-EU,000 Tonnes,84.0,2021,2
TBQ05C01,Goods Handled,20212,2021Q2,IEWAT,Waterford,4,Foreign trade: Other ports,000 Tonnes,100.0,2021,2
TBQ05C01,Goods Handled,20212,2021Q2,IEWAT,Waterford,5,Coastal trade,000 Tonnes,0.0,2021,2
TBQ05C01,Goods Handled,20213,2021Q3,IEMIP,All Main Irish Ports,-,All regions of trade,000 Tonnes,12808.0,2021,3
TBQ05C01,Goods Handled,20213,2021Q3,IEMIP,All Main Irish Ports,1,Foreign trade: Great Britain and Northern Ireland,000 Tonnes,4119.0,2021,3
TBQ05C01,Goods Handled,20213,2021Q3,IEMIP,All Main Irish Ports,2,Foreign trade: Other EU,000 Tonnes,5478.0,2021,3
TBQ05C01,Goods Handled,20213,2021Q3,IEMIP,All Main Irish Ports,3,Foreign trade: Non-EU,000 Tonnes,929.0,2021,3
TBQ05C01,Goods Handled,20213,2021Q3,IEMIP,All Main Irish Ports,4,Foreign trade: Other ports,000 Tonnes,1848.0,2021,3
TBQ05C01,Goods Handled,20213,2021Q3,IEMIP,All Main Irish Ports,5,Coastal trade,000 Tonnes,433.0,2021,3
TBQ05C01,Goods Handled,20213,2021Q3,IEBYT,Bantry Bay,-,All regions of trade,000 Tonnes,291.0,2021,3
TBQ05C01,Goods Handled,20213,2021Q3,IEBYT,Bantry Bay,1,Foreign trade: Great Britain and Northern Ireland,000 Tonnes,37.0,2021,3
TBQ05C01,Goods Handled,20213,2021Q3,IEBYT,Bantry Bay,2,Foreign trade: Other EU,000 Tonnes,56.0,2021,3
TBQ05C01,Goods Handled,20213,2021Q3,IEBYT,Bantry Bay,3,Foreign trade: Non-EU,000 Tonnes,0.0,2021,3
TBQ05C01,Goods Handled,20213,2021Q3,IEBYT,Bantry Bay,4,Foreign trade: Other ports,000 Tonnes,198.0,2021,3
TBQ05C01,Goods Handled,20213,2021Q3,IEBYT,Bantry Bay,5,Coastal trade,000 Tonnes,0.0,2021,3
TBQ05C01,Goods Handled,20213,2021Q3,IEDRO,Drogheda,-,All regions of trade,000 Tonnes,277.0,2021,3
TBQ05C01,Goods Handled,20213,2021Q3,IEDRO,Drogheda,1,Foreign trade: Great Britain and Northern Ireland,000 Tonnes,95.0,2021,3
TBQ05C01,Goods Handled,20213,2021Q3,IEDRO,Drogheda,2,Foreign trade: Other EU,000 Tonnes,165.0,2021,3
TBQ05C01,Goods Handled,20213,2021Q3,IEDRO,Drogheda,3,Foreign trade: Non-EU,000 Tonnes,15.0,2021,3
TBQ05C01,Goods Handled,20213,2021Q3,IEDRO,Drogheda,4,Foreign trade: Other ports,000 Tonnes,2.0,2021,3
TBQ05C01,Goods Handled,20213,2021Q3,IEDRO,Drogheda,5,Coastal trade,000 Tonnes,0.0,2021,3
TBQ05C01,Goods Handled,20213,2021Q3,IEDUB,Dublin,-,All regions of trade,000 Tonnes,6260.0,2021,3
TBQ05C01,Goods Handled,20213,2021Q3,IEDUB,Dublin,1,Foreign trade: Great Britain and Northern Ireland,000 Tonnes,3253.0,2021,3
TBQ05C01,Goods Handled,20213,2021Q3,IEDUB,Dublin,2,Foreign trade: Other EU,000 Tonnes,2719.0,2021,3
TBQ05C01,Goods Handled,20213,2021Q3,IEDUB,Dublin,3,Foreign trade: Non-EU,000 Tonnes,57.0,2021,3
TBQ05C01,Goods Handled,20213,2021Q3,IEDUB,Dublin,4,Foreign trade: Other ports,000 Tonnes,80.0,2021,3
TBQ05C01,Goods Handled,20213,2021Q3,IEDUB,Dublin,5,Coastal trade,000 Tonnes,150.0,2021,3
TBQ05C01,Goods Handled,20213,2021Q3,IEFOV,Shannon Foynes,-,All regions of trade,000 Tonnes,2612.0,2021,3
TBQ05C01,Goods Handled,20213,2021Q3,IEFOV,Shannon Foynes,1,Foreign trade: Great Britain and Northern Ireland,000 Tonnes,211.0,2021,3
TBQ05C01,Goods Handled,20213,2021Q3,IEFOV,Shannon Foynes,2,Foreign trade: Other EU,000 Tonnes,1053.0,2021,3
TBQ05C01,Goods Handled,20213,2021Q3,IEFOV,Shannon Foynes,3,Foreign trade: Non-EU,000 Tonnes,477.0,2021,3
TBQ05C01,Goods Handled,20213,2021Q3,IEFOV,Shannon Foynes,4,Foreign trade: Other ports,000 Tonnes,741.0,2021,3
TBQ05C01,Goods Handled,20213,2021Q3,IEFOV,Shannon Foynes,5,Coastal trade,000 Tonnes,131.0,2021,3
TBQ05C01,Goods Handled,20213,2021Q3,IEORK,Cork,-,All regions of trade,000 Tonnes,2219.0,2021,3
TBQ05C01,Goods Handled,20213,2021Q3,IEORK,Cork,1,Foreign trade: Great Britain and Northern Ireland,000 Tonnes,240.0,2021,3
TBQ05C01,Goods Handled,20213,2021Q3,IEORK,Cork,2,Foreign trade: Other EU,000 Tonnes,752.0,2021,3
TBQ05C01,Goods Handled,20213,2021Q3,IEORK,Cork,3,Foreign trade: Non-EU,000 Tonnes,321.0,2021,3
TBQ05C01,Goods Handled,20213,2021Q3,IEORK,Cork,4,Foreign trade: Other ports,000 Tonnes,754.0,2021,3
TBQ05C01,Goods Handled,20213,2021Q3,IEORK,Cork,5,Coastal trade,000 Tonnes,152.0,2021,3
TBQ05C01,Goods Handled,20213,2021Q3,IEROS,Rosslare,-,All regions of trade,000 Tonnes,737.0,2021,3
TBQ05C01,Goods Handled,20213,2021Q3,IEROS,Rosslare,1,Foreign trade: Great Britain and Northern Ireland,000 Tonnes,283.0,2021,3
TBQ05C01,Goods Handled,20213,2021Q3,IEROS,Rosslare,2,Foreign trade: Other EU,000 Tonnes,454.0,2021,3
TBQ05C01,Goods Handled,20213,2021Q3,IEROS,Rosslare,3,Foreign trade: Non-EU,000 Tonnes,0.0,2021,3
TBQ05C01,Goods Handled,20213,2021Q3,IEROS,Rosslare,4,Foreign trade: Other ports,000 Tonnes,0.0,2021,3
TBQ05C01,Goods Handled,20213,2021Q3,IEROS,Rosslare,5,Coastal trade,000 Tonnes,0.0,2021,3
TBQ05C01,Goods Handled,20213,2021Q3,IEWAT,Waterford,-,All regions of trade,000 Tonnes,411.0,2021,3
TBQ05C01,Goods Handled,20213,2021Q3,IEWAT,Waterford,1,Foreign trade: Great Britain and Northern Ireland,000 Tonnes,0.0,2021,3
TBQ05C01,Goods Handled,20213,2021Q3,IEWAT,Waterford,2,Foreign trade: Other EU,000 Tonnes,278.0,2021,3
TBQ05C01,Goods Handled,20213,2021Q3,IEWAT,Waterford,3,Foreign trade: Non-EU,000 Tonnes,60.0,2021,3
TBQ05C01,Goods Handled,20213,2021Q3,IEWAT,Waterford,4,Foreign trade: Other ports,000 Tonnes,74.0,2021,3
TBQ05C01,Goods Handled,20213,2021Q3,IEWAT,Waterford,5,Coastal trade,000 Tonnes,0.0,2021,3
TBQ05C01,Goods Handled,20214,2021Q4,IEMIP,All Main Irish Ports,-,All regions of trade,000 Tonnes,13484.0,2021,4
TBQ05C01,Goods Handled,20214,2021Q4,IEMIP,All Main Irish Ports,1,Foreign trade: Great Britain and Northern Ireland,000 Tonnes,4695.0,2021,4
TBQ05C01,Goods Handled,20214,2021Q4,IEMIP,All Main Irish Ports,2,Foreign trade: Other EU,000 Tonnes,5179.0,2021,4
TBQ05C01,Goods Handled,20214,2021Q4,IEMIP,All Main Irish Ports,3,Foreign trade: Non-EU,000 Tonnes,1059.0,2021,4
TBQ05C01,Goods Handled,20214,2021Q4,IEMIP,All Main Irish Ports,4,Foreign trade: Other ports,000 Tonnes,2061.0,2021,4
TBQ05C01,Goods Handled,20214,2021Q4,IEMIP,All Main Irish Ports,5,Coastal trade,000 Tonnes,490.0,2021,4
TBQ05C01,Goods Handled,20214,2021Q4,IEBYT,Bantry Bay,-,All regions of trade,000 Tonnes,0.0,2021,4
TBQ05C01,Goods Handled,20214,2021Q4,IEBYT,Bantry Bay,1,Foreign trade: Great Britain and Northern Ireland,000 Tonnes,0.0,2021,4
TBQ05C01,Goods Handled,20214,2021Q4,IEBYT,Bantry Bay,2,Foreign trade: Other EU,000 Tonnes,0.0,2021,4
TBQ05C01,Goods Handled,20214,2021Q4,IEBYT,Bantry Bay,3,Foreign trade: Non-EU,000 Tonnes,0.0,2021,4
TBQ05C01,Goods Handled,20214,2021Q4,IEBYT,Bantry Bay,4,Foreign trade: Other ports,000 Tonnes,0.0,2021,4
TBQ05C01,Goods Handled,20214,2021Q4,IEBYT,Bantry Bay,5,Coastal trade,000 Tonnes,0.0,2021,4
TBQ05C01,Goods Handled,20214,2021Q4,IEDRO,Drogheda,-,All regions of trade,000 Tonnes,307.0,2021,4
TBQ05C01,Goods Handled,20214,2021Q4,IEDRO,Drogheda,1,Foreign trade: Great Britain and Northern Ireland,000 Tonnes,75.0,2021,4
TBQ05C01,Goods Handled,20214,2021Q4,IEDRO,Drogheda,2,Foreign trade: Other EU,000 Tonnes,208.0,2021,4
TBQ05C01,Goods Handled,20214,2021Q4,IEDRO,Drogheda,3,Foreign trade: Non-EU,000 Tonnes,19.0,2021,4
TBQ05C01,Goods Handled,20214,2021Q4,IEDRO,Drogheda,4,Foreign trade: Other ports,000 Tonnes,5.0,2021,4
TBQ05C01,Goods Handled,20214,2021Q4,IEDRO,Drogheda,5,Coastal trade,000 Tonnes,0.0,2021,4
TBQ05C01,Goods Handled,20214,2021Q4,IEDUB,Dublin,-,All regions of trade,000 Tonnes,6306.0,2021,4
TBQ05C01,Goods Handled,20214,2021Q4,IEDUB,Dublin,1,Foreign trade: Great Britain and Northern Ireland,000 Tonnes,3493.0,2021,4
TBQ05C01,Goods Handled,20214,2021Q4,IEDUB,Dublin,2,Foreign trade: Other EU,000 Tonnes,2412.0,2021,4
TBQ05C01,Goods Handled,20214,2021Q4,IEDUB,Dublin,3,Foreign trade: Non-EU,000 Tonnes,134.0,2021,4
TBQ05C01,Goods Handled,20214,2021Q4,IEDUB,Dublin,4,Foreign trade: Other ports,000 Tonnes,111.0,2021,4
TBQ05C01,Goods Handled,20214,2021Q4,IEDUB,Dublin,5,Coastal trade,000 Tonnes,155.0,2021,4
TBQ05C01,Goods Handled,20214,2021Q4,IEFOV,Shannon Foynes,-,All regions of trade,000 Tonnes,3218.0,2021,4
TBQ05C01,Goods Handled,20214,2021Q4,IEFOV,Shannon Foynes,1,Foreign trade: Great Britain and Northern Ireland,000 Tonnes,356.0,2021,4
TBQ05C01,Goods Handled,20214,2021Q4,IEFOV,Shannon Foynes,2,Foreign trade: Other EU,000 Tonnes,941.0,2021,4
TBQ05C01,Goods Handled,20214,2021Q4,IEFOV,Shannon Foynes,3,Foreign trade: Non-EU,000 Tonnes,678.0,2021,4
TBQ05C01,Goods Handled,20214,2021Q4,IEFOV,Shannon Foynes,4,Foreign trade: Other ports,000 Tonnes,1077.0,2021,4
TBQ05C01,Goods Handled,20214,2021Q4,IEFOV,Shannon Foynes,5,Coastal trade,000 Tonnes,166.0,2021,4
TBQ05C01,Goods Handled,20214,2021Q4,IEORK,Cork,-,All regions of trade,000 Tonnes,2385.0,2021,4
TBQ05C01,Goods Handled,20214,2021Q4,IEORK,Cork,1,Foreign trade: Great Britain and Northern Ireland,000 Tonnes,489.0,2021,4
TBQ05C01,Goods Handled,20214,2021Q4,IEORK,Cork,2,Foreign trade: Other EU,000 Tonnes,821.0,2021,4
TBQ05C01,Goods Handled,20214,2021Q4,IEORK,Cork,3,Foreign trade: Non-EU,000 Tonnes,138.0,2021,4
TBQ05C01,Goods Handled,20214,2021Q4,IEORK,Cork,4,Foreign trade: Other ports,000 Tonnes,768.0,2021,4
TBQ05C01,Goods Handled,20214,2021Q4,IEORK,Cork,5,Coastal trade,000 Tonnes,170.0,2021,4
TBQ05C01,Goods Handled,20214,2021Q4,IEROS,Rosslare,-,All regions of trade,000 Tonnes,741.0,2021,4
TBQ05C01,Goods Handled,20214,2021Q4,IEROS,Rosslare,1,Foreign trade: Great Britain and Northern Ireland,000 Tonnes,261.0,2021,4
TBQ05C01,Goods Handled,20214,2021Q4,IEROS,Rosslare,2,Foreign trade: Other EU,000 Tonnes,480.0,2021,4
TBQ05C01,Goods Handled,20214,2021Q4,IEROS,Rosslare,3,Foreign trade: Non-EU,000 Tonnes,0.0,2021,4
TBQ05C01,Goods Handled,20214,2021Q4,IEROS,Rosslare,4,Foreign trade: Other ports,000 Tonnes,0.0,2021,4
TBQ05C01,Goods Handled,20214,2021Q4,IEROS,Rosslare,5,Coastal trade,000 Tonnes,0.0,2021,4
TBQ05C01,Goods Handled,20214,2021Q4,IEWAT,Waterford,-,All regions of trade,000 Tonnes,527.0,2021,4
TBQ05C01,Goods Handled,20214,2021Q4,IEWAT,Waterford,1,Foreign trade: Great Britain and Northern Ireland,000 Tonnes,21.0,2021,4
TBQ05C01,Goods Handled,20214,2021Q4,IEWAT,Waterford,2,Foreign trade: Other EU,000 Tonnes,317.0,2021,4
TBQ05C01,Goods Handled,20214,2021Q4,IEWAT,Waterford,3,Foreign trade: Non-EU,000 Tonnes,89.0,2021,4
TBQ05C01,Goods Handled,20214,2021Q4,IEWAT,Waterford,4,Foreign trade: Other ports,000 Tonnes,101.0,2021,4
TBQ05C01,Goods Handled,20214,2021Q4,IEWAT,Waterford,5,Coastal trade,000 Tonnes,0.0,2021,4
TBQ05C01,Goods Handled,20221,2022Q1,IEMIP,All Main Irish Ports,-,All regions of trade,000 Tonnes,12653.0,2022,1
TBQ05C01,Goods Handled,20221,2022Q1,IEMIP,All Main Irish Ports,1,Foreign trade: Great Britain and Northern Ireland,000 Tonnes,4546.0,2022,1
TBQ05C01,Goods Handled,20221,2022Q1,IEMIP,All Main Irish Ports,2,Foreign trade: Other EU,000 Tonnes,5127.0,2022,1
TBQ05C01,Goods Handled,20221,2022Q1,IEMIP,All Main Irish Ports,3,Foreign trade: Non-EU,000 Tonnes,812.0,2022,1
TBQ05C01,Goods Handled,20221,2022Q1,IEMIP,All Main Irish Ports,4,Foreign trade: Other ports,000 Tonnes,1685.0,2022,1
TBQ05C01,Goods Handled,20221,2022Q1,IEMIP,All Main Irish Ports,5,Coastal trade,000 Tonnes,484.0,2022,1
TBQ05C01,Goods Handled,20221,2022Q1,IEBYT,Bantry Bay,-,All regions of trade,000 Tonnes,36.0,2022,1
TBQ05C01,Goods Handled,20221,2022Q1,IEBYT,Bantry Bay,1,Foreign trade: Great Britain and Northern Ireland,000 Tonnes,0.0,2022,1
TBQ05C01,Goods Handled,20221,2022Q1,IEBYT,Bantry Bay,2,Foreign trade: Other EU,000 Tonnes,36.0,2022,1
TBQ05C01,Goods Handled,20221,2022Q1,IEBYT,Bantry Bay,3,Foreign trade: Non-EU,000 Tonnes,0.0,2022,1
TBQ05C01,Goods Handled,20221,2022Q1,IEBYT,Bantry Bay,4,Foreign trade: Other ports,000 Tonnes,0.0,2022,1
TBQ05C01,Goods Handled,20221,2022Q1,IEBYT,Bantry Bay,5,Coastal trade,000 Tonnes,0.0,2022,1
TBQ05C01,Goods Handled,20221,2022Q1,IEDRO,Drogheda,-,All regions of trade,000 Tonnes,241.0,2022,1
TBQ05C01,Goods Handled,20221,2022Q1,IEDRO,Drogheda,1,Foreign trade: Great Britain and Northern Ireland,000 Tonnes,40.0,2022,1
TBQ05C01,Goods Handled,20221,2022Q1,IEDRO,Drogheda,2,Foreign trade: Other EU,000 Tonnes,191.0,2022,1
TBQ05C01,Goods Handled,20221,2022Q1,IEDRO,Drogheda,3,Foreign trade: Non-EU,000 Tonnes,4.0,2022,1
TBQ05C01,Goods Handled,20221,2022Q1,IEDRO,Drogheda,4,Foreign trade: Other ports,000 Tonnes,0.0,2022,1
TBQ05C01,Goods Handled,20221,2022Q1,IEDRO,Drogheda,5,Coastal trade,000 Tonnes,6.0,2022,1
TBQ05C01,Goods Handled,20221,2022Q1,IEDUB,Dublin,-,All regions of trade,000 Tonnes,6222.0,2022,1
TBQ05C01,Goods Handled,20221,2022Q1,IEDUB,Dublin,1,Foreign trade: Great Britain and Northern Ireland,000 Tonnes,3537.0,2022,1
TBQ05C01,Goods Handled,20221,2022Q1,IEDUB,Dublin,2,Foreign trade: Other EU,000 Tonnes,2312.0,2022,1
TBQ05C01,Goods Handled,20221,2022Q1,IEDUB,Dublin,3,Foreign trade: Non-EU,000 Tonnes,114.0,2022,1
TBQ05C01,Goods Handled,20221,2022Q1,IEDUB,Dublin,4,Foreign trade: Other ports,000 Tonnes,68.0,2022,1
TBQ05C01,Goods Handled,20221,2022Q1,IEDUB,Dublin,5,Coastal trade,000 Tonnes,192.0,2022,1
TBQ05C01,Goods Handled,20221,2022Q1,IEFOV,Shannon Foynes,-,All regions of trade,000 Tonnes,2621.0,2022,1
TBQ05C01,Goods Handled,20221,2022Q1,IEFOV,Shannon Foynes,1,Foreign trade: Great Britain and Northern Ireland,000 Tonnes,311.0,2022,1
TBQ05C01,Goods Handled,20221,2022Q1,IEFOV,Shannon Foynes,2,Foreign trade: Other EU,000 Tonnes,1033.0,2022,1
TBQ05C01,Goods Handled,20221,2022Q1,IEFOV,Shannon Foynes,3,Foreign trade: Non-EU,000 Tonnes,442.0,2022,1
TBQ05C01,Goods Handled,20221,2022Q1,IEFOV,Shannon Foynes,4,Foreign trade: Other ports,000 Tonnes,706.0,2022,1
TBQ05C01,Goods Handled,20221,2022Q1,IEFOV,Shannon Foynes,5,Coastal trade,000 Tonnes,129.0,2022,1
TBQ05C01,Goods Handled,20221,2022Q1,IEORK,Cork,-,All regions of trade,000 Tonnes,2273.0,2022,1
TBQ05C01,Goods Handled,20221,2022Q1,IEORK,Cork,1,Foreign trade: Great Britain and Northern Ireland,000 Tonnes,401.0,2022,1
TBQ05C01,Goods Handled,20221,2022Q1,IEORK,Cork,2,Foreign trade: Other EU,000 Tonnes,736.0,2022,1
TBQ05C01,Goods Handled,20221,2022Q1,IEORK,Cork,3,Foreign trade: Non-EU,000 Tonnes,190.0,2022,1
TBQ05C01,Goods Handled,20221,2022Q1,IEORK,Cork,4,Foreign trade: Other ports,000 Tonnes,818.0,2022,1
TBQ05C01,Goods Handled,20221,2022Q1,IEORK,Cork,5,Coastal trade,000 Tonnes,128.0,2022,1
TBQ05C01,Goods Handled,20221,2022Q1,IEROS,Rosslare,-,All regions of trade,000 Tonnes,712.0,2022,1
TBQ05C01,Goods Handled,20221,2022Q1,IEROS,Rosslare,1,Foreign trade: Great Britain and Northern Ireland,000 Tonnes,249.0,2022,1
TBQ05C01,Goods Handled,20221,2022Q1,IEROS,Rosslare,2,Foreign trade: Other EU,000 Tonnes,463.0,2022,1
TBQ05C01,Goods Handled,20221,2022Q1,IEROS,Rosslare,3,Foreign trade: Non-EU,000 Tonnes,0.0,2022,1
TBQ05C01,Goods Handled,20221,2022Q1,IEROS,Rosslare,4,Foreign trade: Other ports,000 Tonnes,0.0,2022,1
TBQ05C01,Goods Handled,20221,2022Q1,IEROS,Rosslare,5,Coastal trade,000 Tonnes,0.0,2022,1
TBQ05C01,Goods Handled,20221,2022Q1,IEWAT,Waterford,-,All regions of trade,000 Tonnes,548.0,2022,1
TBQ05C01,Goods Handled,20221,2022Q1,IEWAT,Waterford,1,Foreign trade: Great Britain and Northern Ireland,000 Tonnes,8.0,2022,1
TBQ05C01,Goods Handled,20221,2022Q1,IEWAT,Waterford,2,Foreign trade: Other EU,000 Tonnes,355.0,2022,1
TBQ05C01,Goods Handled,20221,2022Q1,IEWAT,Waterford,3,Foreign trade: Non-EU,000 Tonnes,62.0,2022,1
TBQ05C01,Goods Handled,20221,2022Q1,IEWAT,Waterford,4,Foreign trade: Other ports,000 Tonnes,94.0,2022,1
TBQ05C01,Goods Handled,20221,2022Q1,IEWAT,Waterford,5,Coastal trade,000 Tonnes,29.0,2022,1
TBQ05C01,Goods Handled,20222,2022Q2,IEMIP,All Main Irish Ports,-,All regions of trade,000 Tonnes,13141.0,2022,2
TBQ05C01,Goods Handled,20222,2022Q2,IEMIP,All Main Irish Ports,1,Foreign trade: Great Britain and Northern Ireland,000 Tonnes,4739.0,2022,2
TBQ05C01,Goods Handled,20222,2022Q2,IEMIP,All Main Irish Ports,2,Foreign trade: Other EU,000 Tonnes,5105.0,2022,2
TBQ05C01,Goods Handled,20222,2022Q2,IEMIP,All Main Irish Ports,3,Foreign trade: Non-EU,000 Tonnes,677.0,2022,2
TBQ05C01,Goods Handled,20222,2022Q2,IEMIP,All Main Irish Ports,4,Foreign trade: Other ports,000 Tonnes,2156.0,2022,2
TBQ05C01,Goods Handled,20222,2022Q2,IEMIP,All Main Irish Ports,5,Coastal trade,000 Tonnes,463.0,2022,2
TBQ05C01,Goods Handled,20222,2022Q2,IEBYT,Bantry Bay,-,All regions of trade,000 Tonnes,36.0,2022,2
TBQ05C01,Goods Handled,20222,2022Q2,IEBYT,Bantry Bay,1,Foreign trade: Great Britain and Northern Ireland,000 Tonnes,0.0,2022,2
TBQ05C01,Goods Handled,20222,2022Q2,IEBYT,Bantry Bay,2,Foreign trade: Other EU,000 Tonnes,0.0,2022,2
TBQ05C01,Goods Handled,20222,2022Q2,IEBYT,Bantry Bay,3,Foreign trade: Non-EU,000 Tonnes,0.0,2022,2
TBQ05C01,Goods Handled,20222,2022Q2,IEBYT,Bantry Bay,4,Foreign trade: Other ports,000 Tonnes,36.0,2022,2
TBQ05C01,Goods Handled,20222,2022Q2,IEBYT,Bantry Bay,5,Coastal trade,000 Tonnes,0.0,2022,2
TBQ05C01,Goods Handled,20222,2022Q2,IEDRO,Drogheda,-,All regions of trade,000 Tonnes,267.0,2022,2
TBQ05C01,Goods Handled,20222,2022Q2,IEDRO,Drogheda,1,Foreign trade: Great Britain and Northern Ireland,000 Tonnes,100.0,2022,2
TBQ05C01,Goods Handled,20222,2022Q2,IEDRO,Drogheda,2,Foreign trade: Other EU,000 Tonnes,152.0,2022,2
TBQ05C01,Goods Handled,20222,2022Q2,IEDRO,Drogheda,3,Foreign trade: Non-EU,000 Tonnes,6.0,2022,2
TBQ05C01,Goods Handled,20222,2022Q2,IEDRO,Drogheda,4,Foreign trade: Other ports,000 Tonnes,8.0,2022,2
TBQ05C01,Goods Handled,20222,2022Q2,IEDRO,Drogheda,5,Coastal trade,000 Tonnes,0.0,2022,2
TBQ05C01,Goods Handled,20222,2022Q2,IEDUB,Dublin,-,All regions of trade,000 Tonnes,6726.0,2022,2
TBQ05C01,Goods Handled,20222,2022Q2,IEDUB,Dublin,1,Foreign trade: Great Britain and Northern Ireland,000 Tonnes,3732.0,2022,2
TBQ05C01,Goods Handled,20222,2022Q2,IEDUB,Dublin,2,Foreign trade: Other EU,000 Tonnes,2568.0,2022,2
TBQ05C01,Goods Handled,20222,2022Q2,IEDUB,Dublin,3,Foreign trade: Non-EU,000 Tonnes,21.0,2022,2
TBQ05C01,Goods Handled,20222,2022Q2,IEDUB,Dublin,4,Foreign trade: Other ports,000 Tonnes,165.0,2022,2
TBQ05C01,Goods Handled,20222,2022Q2,IEDUB,Dublin,5,Coastal trade,000 Tonnes,240.0,2022,2
TBQ05C01,Goods Handled,20222,2022Q2,IEFOV,Shannon Foynes,-,All regions of trade,000 Tonnes,2603.0,2022,2
TBQ05C01,Goods Handled,20222,2022Q2,IEFOV,Shannon Foynes,1,Foreign trade: Great Britain and Northern Ireland,000 Tonnes,256.0,2022,2
TBQ05C01,Goods Handled,20222,2022Q2,IEFOV,Shannon Foynes,2,Foreign trade: Other EU,000 Tonnes,892.0,2022,2
TBQ05C01,Goods Handled,20222,2022Q2,IEFOV,Shannon Foynes,3,Foreign trade: Non-EU,000 Tonnes,322.0,2022,2
TBQ05C01,Goods Handled,20222,2022Q2,IEFOV,Shannon Foynes,4,Foreign trade: Other ports,000 Tonnes,1021.0,2022,2
TBQ05C01,Goods Handled,20222,2022Q2,IEFOV,Shannon Foynes,5,Coastal trade,000 Tonnes,112.0,2022,2
TBQ05C01,Goods Handled,20222,2022Q2,IEORK,Cork,-,All regions of trade,000 Tonnes,2322.0,2022,2
TBQ05C01,Goods Handled,20222,2022Q2,IEORK,Cork,1,Foreign trade: Great Britain and Northern Ireland,000 Tonnes,418.0,2022,2
TBQ05C01,Goods Handled,20222,2022Q2,IEORK,Cork,2,Foreign trade: Other EU,000 Tonnes,740.0,2022,2
TBQ05C01,Goods Handled,20222,2022Q2,IEORK,Cork,3,Foreign trade: Non-EU,000 Tonnes,278.0,2022,2
TBQ05C01,Goods Handled,20222,2022Q2,IEORK,Cork,4,Foreign trade: Other ports,000 Tonnes,775.0,2022,2
TBQ05C01,Goods Handled,20222,2022Q2,IEORK,Cork,5,Coastal trade,000 Tonnes,111.0,2022,2
TBQ05C01,Goods Handled,20222,2022Q2,IEROS,Rosslare,-,All regions of trade,000 Tonnes,646.0,2022,2
TBQ05C01,Goods Handled,20222,2022Q2,IEROS,Rosslare,1,Foreign trade: Great Britain and Northern Ireland,000 Tonnes,228.0,2022,2
TBQ05C01,Goods Handled,20222,2022Q2,IEROS,Rosslare,2,Foreign trade: Other EU,000 Tonnes,418.0,2022,2
TBQ05C01,Goods Handled,20222,2022Q2,IEROS,Rosslare,3,Foreign trade: Non-EU,000 Tonnes,0.0,2022,2
TBQ05C01,Goods Handled,20222,2022Q2,IEROS,Rosslare,4,Foreign trade: Other ports,000 Tonnes,0.0,2022,2
TBQ05C01,Goods Handled,20222,2022Q2,IEROS,Rosslare,5,Coastal trade,000 Tonnes,0.0,2022,2
TBQ05C01,Goods Handled,20222,2022Q2,IEWAT,Waterford,-,All regions of trade,000 Tonnes,541.0,2022,2
TBQ05C01,Goods Handled,20222,2022Q2,IEWAT,Waterford,1,Foreign trade: Great Britain and Northern Ireland,000 Tonnes,5.0,2022,2
TBQ05C01,Goods Handled,20222,2022Q2,IEWAT,Waterford,2,Foreign trade: Other EU,000 Tonnes,336.0,2022,2
TBQ05C01,Goods Handled,20222,2022Q2,IEWAT,Waterford,3,Foreign trade: Non-EU,000 Tonnes,50.0,2022,2
TBQ05C01,Goods Handled,20222,2022Q2,IEWAT,Waterford,4,Foreign trade: Other ports,000 Tonnes,151.0,2022,2
TBQ05C01,Goods Handled,20222,2022Q2,IEWAT,Waterford,5,Coastal trade,000 Tonnes,0.0,2022,2
TBQ05C01,Goods Handled,20223,2022Q3,IEMIP,All Main Irish Ports,-,All regions of trade,000 Tonnes,12319.0,2022,3
TBQ05C01,Goods Handled,20223,2022Q3,IEMIP,All Main Irish Ports,1,Foreign trade: Great Britain and Northern Ireland,000 Tonnes,4644.0,2022,3
TBQ05C01,Goods Handled,20223,2022Q3,IEMIP,All Main Irish Ports,2,Foreign trade: Other EU,000 Tonnes,4960.0,2022,3
TBQ05C01,Goods Handled,20223,2022Q3,IEMIP,All Main Irish Ports,3,Foreign trade: Non-EU,000 Tonnes,411.0,2022,3
TBQ05C01,Goods Handled,20223,2022Q3,IEMIP,All Main Irish Ports,4,Foreign trade: Other ports,000 Tonnes,1818.0,2022,3
TBQ05C01,Goods Handled,20223,2022Q3,IEMIP,All Main Irish Ports,5,Coastal trade,000 Tonnes,487.0,2022,3
TBQ05C01,Goods Handled,20223,2022Q3,IEBYT,Bantry Bay,-,All regions of trade,000 Tonnes,70.0,2022,3
TBQ05C01,Goods Handled,20223,2022Q3,IEBYT,Bantry Bay,1,Foreign trade: Great Britain and Northern Ireland,000 Tonnes,0.0,2022,3
TBQ05C01,Goods Handled,20223,2022Q3,IEBYT,Bantry Bay,2,Foreign trade: Other EU,000 Tonnes,70.0,2022,3
TBQ05C01,Goods Handled,20223,2022Q3,IEBYT,Bantry Bay,3,Foreign trade: Non-EU,000 Tonnes,0.0,2022,3
TBQ05C01,Goods Handled,20223,2022Q3,IEBYT,Bantry Bay,4,Foreign trade: Other ports,000 Tonnes,0.0,2022,3
TBQ05C01,Goods Handled,20223,2022Q3,IEBYT,Bantry Bay,5,Coastal trade,000 Tonnes,0.0,2022,3
TBQ05C01,Goods Handled,20223,2022Q3,IEDRO,Drogheda,-,All regions of trade,000 Tonnes,224.0,2022,3
TBQ05C01,Goods Handled,20223,2022Q3,IEDRO,Drogheda,1,Foreign trade: Great Britain and Northern Ireland,000 Tonnes,91.0,2022,3
TBQ05C01,Goods Handled,20223,2022Q3,IEDRO,Drogheda,2,Foreign trade: Other EU,000 Tonnes,123.0,2022,3
TBQ05C01,Goods Handled,20223,2022Q3,IEDRO,Drogheda,3,Foreign trade: Non-EU,000 Tonnes,6.0,2022,3
TBQ05C01,Goods Handled,20223,2022Q3,IEDRO,Drogheda,4,Foreign trade: Other ports,000 Tonnes,4.0,2022,3
TBQ05C01,Goods Handled,20223,2022Q3,IEDRO,Drogheda,5,Coastal trade,000 Tonnes,0.0,2022,3
TBQ05C01,Goods Handled,20223,2022Q3,IEDUB,Dublin,-,All regions of trade,000 Tonnes,6491.0,2022,3
TBQ05C01,Goods Handled,20223,2022Q3,IEDUB,Dublin,1,Foreign trade: Great Britain and Northern Ireland,000 Tonnes,3647.0,2022,3
TBQ05C01,Goods Handled,20223,2022Q3,IEDUB,Dublin,2,Foreign trade: Other EU,000 Tonnes,2451.0,2022,3
TBQ05C01,Goods Handled,20223,2022Q3,IEDUB,Dublin,3,Foreign trade: Non-EU,000 Tonnes,42.0,2022,3
TBQ05C01,Goods Handled,20223,2022Q3,IEDUB,Dublin,4,Foreign trade: Other ports,000 Tonnes,176.0,2022,3
TBQ05C01,Goods Handled,20223,2022Q3,IEDUB,Dublin,5,Coastal trade,000 Tonnes,175.0,2022,3
TBQ05C01,Goods Handled,20223,2022Q3,IEFOV,Shannon Foynes,-,All regions of trade,000 Tonnes,2106.0,2022,3
TBQ05C01,Goods Handled,20223,2022Q3,IEFOV,Shannon Foynes,1,Foreign trade: Great Britain and Northern Ireland,000 Tonnes,292.0,2022,3
TBQ05C01,Goods Handled,20223,2022Q3,IEFOV,Shannon Foynes,2,Foreign trade: Other EU,000 Tonnes,854.0,2022,3
TBQ05C01,Goods Handled,20223,2022Q3,IEFOV,Shannon Foynes,3,Foreign trade: Non-EU,000 Tonnes,40.0,2022,3
TBQ05C01,Goods Handled,20223,2022Q3,IEFOV,Shannon Foynes,4,Foreign trade: Other ports,000 Tonnes,750.0,2022,3
TBQ05C01,Goods Handled,20223,2022Q3,IEFOV,Shannon Foynes,5,Coastal trade,000 Tonnes,171.0,2022,3
TBQ05C01,Goods Handled,20223,2022Q3,IEORK,Cork,-,All regions of trade,000 Tonnes,2251.0,2022,3
TBQ05C01,Goods Handled,20223,2022Q3,IEORK,Cork,1,Foreign trade: Great Britain and Northern Ireland,000 Tonnes,344.0,2022,3
TBQ05C01,Goods Handled,20223,2022Q3,IEORK,Cork,2,Foreign trade: Other EU,000 Tonnes,682.0,2022,3
TBQ05C01,Goods Handled,20223,2022Q3,IEORK,Cork,3,Foreign trade: Non-EU,000 Tonnes,293.0,2022,3
TBQ05C01,Goods Handled,20223,2022Q3,IEORK,Cork,4,Foreign trade: Other ports,000 Tonnes,791.0,2022,3
TBQ05C01,Goods Handled,20223,2022Q3,IEORK,Cork,5,Coastal trade,000 Tonnes,141.0,2022,3
TBQ05C01,Goods Handled,20223,2022Q3,IEROS,Rosslare,-,All regions of trade,000 Tonnes,786.0,2022,3
TBQ05C01,Goods Handled,20223,2022Q3,IEROS,Rosslare,1,Foreign trade: Great Britain and Northern Ireland,000 Tonnes,262.0,2022,3
TBQ05C01,Goods Handled,20223,2022Q3,IEROS,Rosslare,2,Foreign trade: Other EU,000 Tonnes,525.0,2022,3
TBQ05C01,Goods Handled,20223,2022Q3,IEROS,Rosslare,3,Foreign trade: Non-EU,000 Tonnes,0.0,2022,3
TBQ05C01,Goods Handled,20223,2022Q3,IEROS,Rosslare,4,Foreign trade: Other ports,000 Tonnes,0.0,2022,3
TBQ05C01,Goods Handled,20223,2022Q3,IEROS,Rosslare,5,Coastal trade,000 Tonnes,0.0,2022,3
TBQ05C01,Goods Handled,20223,2022Q3,IEWAT,Waterford,-,All regions of trade,000 Tonnes,390.0,2022,3
TBQ05C01,Goods Handled,20223,2022Q3,IEWAT,Waterford,1,Foreign trade: Great Britain and Northern Ireland,000 Tonnes,8.0,2022,3
TBQ05C01,Goods Handled,20223,2022Q3,IEWAT,Waterford,2,Foreign trade: Other EU,000 Tonnes,256.0,2022,3
TBQ05C01,Goods Handled,20223,2022Q3,IEWAT,Waterford,3,Foreign trade: Non-EU,000 Tonnes,29.0,2022,3
TBQ05C01,Goods Handled,20223,2022Q3,IEWAT,Waterford,4,Foreign trade: Other ports,000 Tonnes,97.0,2022,3
TBQ05C01,Goods Handled,20223,2022Q3,IEWAT,Waterford,5,Coastal trade,000 Tonnes,0.0,2022,3
TBQ05C01,Goods Handled,20224,2022Q4,IEMIP,All Main Irish Ports,-,All regions of trade,000 Tonnes,12681.0,2022,4
TBQ05C01,Goods Handled,20224,2022Q4,IEMIP,All Main Irish Ports,1,Foreign trade: Great Britain and Northern Ireland,000 Tonnes,4505.0,2022,4
TBQ05C01,Goods Handled,20224,2022Q4,IEMIP,All Main Irish Ports,2,Foreign trade: Other EU,000 Tonnes,5078.0,2022,4
TBQ05C01,Goods Handled,20224,2022Q4,IEMIP,All Main Irish Ports,3,Foreign trade: Non-EU,000 Tonnes,464.0,2022,4
TBQ05C01,Goods Handled,20224,2022Q4,IEMIP,All Main Irish Ports,4,Foreign trade: Other ports,000 Tonnes,2224.0,2022,4
TBQ05C01,Goods Handled,20224,2022Q4,IEMIP,All Main Irish Ports,5,Coastal trade,000 Tonnes,410.0,2022,4
TBQ05C01,Goods Handled,20224,2022Q4,IEBYT,Bantry Bay,-,All regions of trade,000 Tonnes,140.0,2022,4
TBQ05C01,Goods Handled,20224,2022Q4,IEBYT,Bantry Bay,1,Foreign trade: Great Britain and Northern Ireland,000 Tonnes,,2022,4
TBQ05C01,Goods Handled,20224,2022Q4,IEBYT,Bantry Bay,2,Foreign trade: Other EU,000 Tonnes,,2022,4
TBQ05C01,Goods Handled,20224,2022Q4,IEBYT,Bantry Bay,3,Foreign trade: Non-EU,000 Tonnes,,2022,4
TBQ05C01,Goods Handled,20224,2022Q4,IEBYT,Bantry Bay,4,Foreign trade: Other ports,000 Tonnes,140.0,2022,4
TBQ05C01,Goods Handled,20224,2022Q4,IEBYT,Bantry Bay,5,Coastal trade,000 Tonnes,,2022,4
TBQ05C01,Goods Handled,20224,2022Q4,IEDRO,Drogheda,-,All regions of trade,000 Tonnes,270.0,2022,4
TBQ05C01,Goods Handled,20224,2022Q4,IEDRO,Drogheda,1,Foreign trade: Great Britain and Northern Ireland,000 Tonnes,92.0,2022,4
TBQ05C01,Goods Handled,20224,2022Q4,IEDRO,Drogheda,2,Foreign trade: Other EU,000 Tonnes,167.0,2022,4
TBQ05C01,Goods Handled,20224,2022Q4,IEDRO,Drogheda,3,Foreign trade: Non-EU,000 Tonnes,3.0,2022,4
TBQ05C01,Goods Handled,20224,2022Q4,IEDRO,Drogheda,4,Foreign trade: Other ports,000 Tonnes,8.0,2022,4
TBQ05C01,Goods Handled,20224,2022Q4,IEDRO,Drogheda,5,Coastal trade,000 Tonnes,,2022,4
TBQ05C01,Goods Handled,20224,2022Q4,IEDUB,Dublin,-,All regions of trade,000 Tonnes,6195.0,2022,4
TBQ05C01,Goods Handled,20224,2022Q4,IEDUB,Dublin,1,Foreign trade: Great Britain and Northern Ireland,000 Tonnes,3609.0,2022,4
TBQ05C01,Goods Handled,20224,2022Q4,IEDUB,Dublin,2,Foreign trade: Other EU,000 Tonnes,2212.0,2022,4
TBQ05C01,Goods Handled,20224,2022Q4,IEDUB,Dublin,3,Foreign trade: Non-EU,000 Tonnes,41.0,2022,4
TBQ05C01,Goods Handled,20224,2022Q4,IEDUB,Dublin,4,Foreign trade: Other ports,000 Tonnes,193.0,2022,4
TBQ05C01,Goods Handled,20224,2022Q4,IEDUB,Dublin,5,Coastal trade,000 Tonnes,141.0,2022,4
TBQ05C01,Goods Handled,20224,2022Q4,IEFOV,Shannon Foynes,-,All regions of trade,000 Tonnes,2488.0,2022,4
TBQ05C01,Goods Handled,20224,2022Q4,IEFOV,Shannon Foynes,1,Foreign trade: Great Britain and Northern Ireland,000 Tonnes,215.0,2022,4
TBQ05C01,Goods Handled,20224,2022Q4,IEFOV,Shannon Foynes,2,Foreign trade: Other EU,000 Tonnes,1230.0,2022,4
TBQ05C01,Goods Handled,20224,2022Q4,IEFOV,Shannon Foynes,3,Foreign trade: Non-EU,000 Tonnes,37.0,2022,4
TBQ05C01,Goods Handled,20224,2022Q4,IEFOV,Shannon Foynes,4,Foreign trade: Other ports,000 Tonnes,846.0,2022,4
TBQ05C01,Goods Handled,20224,2022Q4,IEFOV,Shannon Foynes,5,Coastal trade,000 Tonnes,161.0,2022,4
TBQ05C01,Goods Handled,20224,2022Q4,IEORK,Cork,-,All regions of trade,000 Tonnes,2303.0,2022,4
TBQ05C01,Goods Handled,20224,2022Q4,IEORK,Cork,1,Foreign trade: Great Britain and Northern Ireland,000 Tonnes,332.0,2022,4
TBQ05C01,Goods Handled,20224,2022Q4,IEORK,Cork,2,Foreign trade: Other EU,000 Tonnes,662.0,2022,4
TBQ05C01,Goods Handled,20224,2022Q4,IEORK,Cork,3,Foreign trade: Non-EU,000 Tonnes,307.0,2022,4
TBQ05C01,Goods Handled,20224,2022Q4,IEORK,Cork,4,Foreign trade: Other ports,000 Tonnes,894.0,2022,4
TBQ05C01,Goods Handled,20224,2022Q4,IEORK,Cork,5,Coastal trade,000 Tonnes,108.0,2022,4
TBQ05C01,Goods Handled,20224,2022Q4,IEROS,Rosslare,-,All regions of trade,000 Tonnes,754.0,2022,4
TBQ05C01,Goods Handled,20224,2022Q4,IEROS,Rosslare,1,Foreign trade: Great Britain and Northern Ireland,000 Tonnes,228.0,2022,4
TBQ05C01,Goods Handled,20224,2022Q4,IEROS,Rosslare,2,Foreign trade: Other EU,000 Tonnes,526.0,2022,4
TBQ05C01,Goods Handled,20224,2022Q4,IEROS,Rosslare,3,Foreign trade: Non-EU,000 Tonnes,,2022,4
TBQ05C01,Goods Handled,20224,2022Q4,IEROS,Rosslare,4,Foreign trade: Other ports,000 Tonnes,,2022,4
TBQ05C01,Goods Handled,20224,2022Q4,IEROS,Rosslare,5,Coastal trade,000 Tonnes,,2022,4
TBQ05C01,Goods Handled,20224,2022Q4,IEWAT,Waterford,-,All regions of trade,000 Tonnes,531.0,2022,4
TBQ05C01,Goods Handled,20224,2022Q4,IEWAT,Waterford,1,Foreign trade: Great Britain and Northern Ireland,000 Tonnes,29.0,2022,4
TBQ05C01,Goods Handled,20224,2022Q4,IEWAT,Waterford,2,Foreign trade: Other EU,000 Tonnes,281.0,2022,4
TBQ05C01,Goods Handled,20224,2022Q4,IEWAT,Waterford,3,Foreign trade: Non-EU,000 Tonnes,77.0,2022,4
TBQ05C01,Goods Handled,20224,2022Q4,IEWAT,Waterford,4,Foreign trade: Other ports,000 Tonnes,144.0,2022,4
TBQ05C01,Goods Handled,20224,2022Q4,IEWAT,Waterford,5,Coastal trade,000 Tonnes,,2022,4
TBQ05C01,Goods Handled,20231,2023Q1,IEMIP,All Main Irish Ports,-,All regions of trade,000 Tonnes,11912.0,2023,1
TBQ05C01,Goods Handled,20231,2023Q1,IEMIP,All Main Irish Ports,1,Foreign trade: Great Britain and Northern Ireland,000 Tonnes,4358.0,2023,1
TBQ05C01,Goods Handled,20231,2023Q1,IEMIP,All Main Irish Ports,2,Foreign trade: Other EU,000 Tonnes,5019.0,2023,1
TBQ05C01,Goods Handled,20231,2023Q1,IEMIP,All Main Irish Ports,3,Foreign trade: Non-EU,000 Tonnes,582.0,2023,1
TBQ05C01,Goods Handled,20231,2023Q1,IEMIP,All Main Irish Ports,4,Foreign trade: Other ports,000 Tonnes,1427.0,2023,1
TBQ05C01,Goods Handled,20231,2023Q1,IEMIP,All Main Irish Ports,5,Coastal trade,000 Tonnes,526.0,2023,1
TBQ05C01,Goods Handled,20231,2023Q1,IEBYT,Bantry Bay,-,All regions of trade,000 Tonnes,149.0,2023,1
TBQ05C01,Goods Handled,20231,2023Q1,IEBYT,Bantry Bay,1,Foreign trade: Great Britain and Northern Ireland,000 Tonnes,,2023,1
TBQ05C01,Goods Handled,20231,2023Q1,IEBYT,Bantry Bay,2,Foreign trade: Other EU,000 Tonnes,,2023,1
TBQ05C01,Goods Handled,20231,2023Q1,IEBYT,Bantry Bay,3,Foreign trade: Non-EU,000 Tonnes,79.0,2023,1
TBQ05C01,Goods Handled,20231,2023Q1,IEBYT,Bantry Bay,4,Foreign trade: Other ports,000 Tonnes,70.0,2023,1
TBQ05C01,Goods Handled,20231,2023Q1,IEBYT,Bantry Bay,5,Coastal trade,000 Tonnes,,2023,1
TBQ05C01,Goods Handled,20231,2023Q1,IEDRO,Drogheda,-,All regions of trade,000 Tonnes,285.0,2023,1
TBQ05C01,Goods Handled,20231,2023Q1,IEDRO,Drogheda,1,Foreign trade: Great Britain and Northern Ireland,000 Tonnes,74.0,2023,1
TBQ05C01,Goods Handled,20231,2023Q1,IEDRO,Drogheda,2,Foreign trade: Other EU,000 Tonnes,202.0,2023,1
TBQ05C01,Goods Handled,20231,2023Q1,IEDRO,Drogheda,3,Foreign trade: Non-EU,000 Tonnes,6.0,2023,1
TBQ05C01,Goods Handled,20231,2023Q1,IEDRO,Drogheda,4,Foreign trade: Other ports,000 Tonnes,,2023,1
TBQ05C01,Goods Handled,20231,2023Q1,IEDRO,Drogheda,5,Coastal trade,000 Tonnes,2.0,2023,1
TBQ05C01,Goods Handled,20231,2023Q1,IEDUB,Dublin,-,All regions of trade,000 Tonnes,6134.0,2023,1
TBQ05C01,Goods Handled,20231,2023Q1,IEDUB,Dublin,1,Foreign trade: Great Britain and Northern Ireland,000 Tonnes,3306.0,2023,1
TBQ05C01,Goods Handled,20231,2023Q1,IEDUB,Dublin,2,Foreign trade: Other EU,000 Tonnes,2304.0,2023,1
TBQ05C01,Goods Handled,20231,2023Q1,IEDUB,Dublin,3,Foreign trade: Non-EU,000 Tonnes,45.0,2023,1
TBQ05C01,Goods Handled,20231,2023Q1,IEDUB,Dublin,4,Foreign trade: Other ports,000 Tonnes,238.0,2023,1
TBQ05C01,Goods Handled,20231,2023Q1,IEDUB,Dublin,5,Coastal trade,000 Tonnes,241.0,2023,1
TBQ05C01,Goods Handled,20231,2023Q1,IEFOV,Shannon Foynes,-,All regions of trade,000 Tonnes,2027.0,2023,1
TBQ05C01,Goods Handled,20231,2023Q1,IEFOV,Shannon Foynes,1,Foreign trade: Great Britain and Northern Ireland,000 Tonnes,412.0,2023,1
TBQ05C01,Goods Handled,20231,2023Q1,IEFOV,Shannon Foynes,2,Foreign trade: Other EU,000 Tonnes,1014.0,2023,1
TBQ05C01,Goods Handled,20231,2023Q1,IEFOV,Shannon Foynes,3,Foreign trade: Non-EU,000 Tonnes,218.0,2023,1
TBQ05C01,Goods Handled,20231,2023Q1,IEFOV,Shannon Foynes,4,Foreign trade: Other ports,000 Tonnes,276.0,2023,1
TBQ05C01,Goods Handled,20231,2023Q1,IEFOV,Shannon Foynes,5,Coastal trade,000 Tonnes,108.0,2023,1
TBQ05C01,Goods Handled,20231,2023Q1,IEORK,Cork,-,All regions of trade,000 Tonnes,2133.0,2023,1
TBQ05C01,Goods Handled,20231,2023Q1,IEORK,Cork,1,Foreign trade: Great Britain and Northern Ireland,000 Tonnes,327.0,2023,1
TBQ05C01,Goods Handled,20231,2023Q1,IEORK,Cork,2,Foreign trade: Other EU,000 Tonnes,678.0,2023,1
TBQ05C01,Goods Handled,20231,2023Q1,IEORK,Cork,3,Foreign trade: Non-EU,000 Tonnes,215.0,2023,1
TBQ05C01,Goods Handled,20231,2023Q1,IEORK,Cork,4,Foreign trade: Other ports,000 Tonnes,738.0,2023,1
TBQ05C01,Goods Handled,20231,2023Q1,IEORK,Cork,5,Coastal trade,000 Tonnes,174.0,2023,1
TBQ05C01,Goods Handled,20231,2023Q1,IEROS,Rosslare,-,All regions of trade,000 Tonnes,763.0,2023,1
TBQ05C01,Goods Handled,20231,2023Q1,IEROS,Rosslare,1,Foreign trade: Great Britain and Northern Ireland,000 Tonnes,228.0,2023,1
TBQ05C01,Goods Handled,20231,2023Q1,IEROS,Rosslare,2,Foreign trade: Other EU,000 Tonnes,535.0,2023,1
TBQ05C01,Goods Handled,20231,2023Q1,IEROS,Rosslare,3,Foreign trade: Non-EU,000 Tonnes,,2023,1
TBQ05C01,Goods Handled,20231,2023Q1,IEROS,Rosslare,4,Foreign trade: Other ports,000 Tonnes,,2023,1
TBQ05C01,Goods Handled,20231,2023Q1,IEROS,Rosslare,5,Coastal trade,000 Tonnes,,2023,1
TBQ05C01,Goods Handled,20231,2023Q1,IEWAT,Waterford,-,All regions of trade,000 Tonnes,421.0,2023,1
TBQ05C01,Goods Handled,20231,2023Q1,IEWAT,Waterford,1,Foreign trade: Great Britain and Northern Ireland,000 Tonnes,12.0,2023,1
TBQ05C01,Goods Handled,20231,2023Q1,IEWAT,Waterford,2,Foreign trade: Other EU,000 Tonnes,285.0,2023,1
TBQ05C01,Goods Handled,20231,2023Q1,IEWAT,Waterford,3,Foreign trade: Non-EU,000 Tonnes,18.0,2023,1
TBQ05C01,Goods Handled,20231,2023Q1,IEWAT,Waterford,4,Foreign trade: Other ports,000 Tonnes,106.0,2023,1
TBQ05C01,Goods Handled,20231,2023Q1,IEWAT,Waterford,5,Coastal trade,000 Tonnes,,2023,1
TBQ05C02,Goods Received,20171,2017Q1,IEMIP,All Main Irish Ports,-,All regions of trade,000 Tonnes,8742.0,2017,1
TBQ05C02,Goods Received,20171,2017Q1,IEMIP,All Main Irish Ports,1,Foreign trade: Great Britain and Northern Ireland,000 Tonnes,2840.0,2017,1
TBQ05C02,Goods Received,20171,2017Q1,IEMIP,All Main Irish Ports,2,Foreign trade: Other EU,000 Tonnes,2545.0,2017,1
TBQ05C02,Goods Received,20171,2017Q1,IEMIP,All Main Irish Ports,3,Foreign trade: Non-EU,000 Tonnes,1070.0,2017,1
TBQ05C02,Goods Received,20171,2017Q1,IEMIP,All Main Irish Ports,4,Foreign trade: Other ports,000 Tonnes,2257.0,2017,1
TBQ05C02,Goods Received,20171,2017Q1,IEMIP,All Main Irish Ports,5,Coastal trade,000 Tonnes,29.0,2017,1
TBQ05C02,Goods Received,20171,2017Q1,IEBYT,Bantry Bay,-,All regions of trade,000 Tonnes,141.0,2017,1
TBQ05C02,Goods Received,20171,2017Q1,IEBYT,Bantry Bay,1,Foreign trade: Great Britain and Northern Ireland,000 Tonnes,76.0,2017,1
TBQ05C02,Goods Received,20171,2017Q1,IEBYT,Bantry Bay,2,Foreign trade: Other EU,000 Tonnes,0.0,2017,1
TBQ05C02,Goods Received,20171,2017Q1,IEBYT,Bantry Bay,3,Foreign trade: Non-EU,000 Tonnes,0.0,2017,1
TBQ05C02,Goods Received,20171,2017Q1,IEBYT,Bantry Bay,4,Foreign trade: Other ports,000 Tonnes,65.0,2017,1
TBQ05C02,Goods Received,20171,2017Q1,IEBYT,Bantry Bay,5,Coastal trade,000 Tonnes,0.0,2017,1
TBQ05C02,Goods Received,20171,2017Q1,IEDRO,Drogheda,-,All regions of trade,000 Tonnes,182.0,2017,1
TBQ05C02,Goods Received,20171,2017Q1,IEDRO,Drogheda,1,Foreign trade: Great Britain and Northern Ireland,000 Tonnes,16.0,2017,1
TBQ05C02,Goods Received,20171,2017Q1,IEDRO,Drogheda,2,Foreign trade: Other EU,000 Tonnes,146.0,2017,1
TBQ05C02,Goods Received,20171,2017Q1,IEDRO,Drogheda,3,Foreign trade: Non-EU,000 Tonnes,10.0,2017,1
TBQ05C02,Goods Received,20171,2017Q1,IEDRO,Drogheda,4,Foreign trade: Other ports,000 Tonnes,6.0,2017,1
TBQ05C02,Goods Received,20171,2017Q1,IEDRO,Drogheda,5,Coastal trade,000 Tonnes,4.0,2017,1
TBQ05C02,Goods Received,20171,2017Q1,IEDUB,Dublin,-,All regions of trade,000 Tonnes,3781.0,2017,1
TBQ05C02,Goods Received,20171,2017Q1,IEDUB,Dublin,1,Foreign trade: Great Britain and Northern Ireland,000 Tonnes,2388.0,2017,1
TBQ05C02,Goods Received,20171,2017Q1,IEDUB,Dublin,2,Foreign trade: Other EU,000 Tonnes,1149.0,2017,1
TBQ05C02,Goods Received,20171,2017Q1,IEDUB,Dublin,3,Foreign trade: Non-EU,000 Tonnes,96.0,2017,1
TBQ05C02,Goods Received,20171,2017Q1,IEDUB,Dublin,4,Foreign trade: Other ports,000 Tonnes,139.0,2017,1
TBQ05C02,Goods Received,20171,2017Q1,IEDUB,Dublin,5,Coastal trade,000 Tonnes,9.0,2017,1
TBQ05C02,Goods Received,20171,2017Q1,IEFOV,Shannon Foynes,-,All regions of trade,000 Tonnes,2492.0,2017,1
TBQ05C02,Goods Received,20171,2017Q1,IEFOV,Shannon Foynes,1,Foreign trade: Great Britain and Northern Ireland,000 Tonnes,88.0,2017,1
TBQ05C02,Goods Received,20171,2017Q1,IEFOV,Shannon Foynes,2,Foreign trade: Other EU,000 Tonnes,521.0,2017,1
TBQ05C02,Goods Received,20171,2017Q1,IEFOV,Shannon Foynes,3,Foreign trade: Non-EU,000 Tonnes,53.0,2017,1
TBQ05C02,Goods Received,20171,2017Q1,IEFOV,Shannon Foynes,4,Foreign trade: Other ports,000 Tonnes,1828.0,2017,1
TBQ05C02,Goods Received,20171,2017Q1,IEFOV,Shannon Foynes,5,Coastal trade,000 Tonnes,3.0,2017,1
TBQ05C02,Goods Received,20171,2017Q1,IEORK,Cork,-,All regions of trade,000 Tonnes,1516.0,2017,1
TBQ05C02,Goods Received,20171,2017Q1,IEORK,Cork,1,Foreign trade: Great Britain and Northern Ireland,000 Tonnes,83.0,2017,1
TBQ05C02,Goods Received,20171,2017Q1,IEORK,Cork,2,Foreign trade: Other EU,000 Tonnes,390.0,2017,1
TBQ05C02,Goods Received,20171,2017Q1,IEORK,Cork,3,Foreign trade: Non-EU,000 Tonnes,857.0,2017,1
TBQ05C02,Goods Received,20171,2017Q1,IEORK,Cork,4,Foreign trade: Other ports,000 Tonnes,183.0,2017,1
TBQ05C02,Goods Received,20171,2017Q1,IEORK,Cork,5,Coastal trade,000 Tonnes,3.0,2017,1
TBQ05C02,Goods Received,20171,2017Q1,IEROS,Rosslare,-,All regions of trade,000 Tonnes,232.0,2017,1
TBQ05C02,Goods Received,20171,2017Q1,IEROS,Rosslare,1,Foreign trade: Great Britain and Northern Ireland,000 Tonnes,183.0,2017,1
TBQ05C02,Goods Received,20171,2017Q1,IEROS,Rosslare,2,Foreign trade: Other EU,000 Tonnes,50.0,2017,1
TBQ05C02,Goods Received,20171,2017Q1,IEROS,Rosslare,3,Foreign trade: Non-EU,000 Tonnes,0.0,2017,1
TBQ05C02,Goods Received,20171,2017Q1,IEROS,Rosslare,4,Foreign trade: Other ports,000 Tonnes,0.0,2017,1
TBQ05C02,Goods Received,20171,2017Q1,IEROS,Rosslare,5,Coastal trade,000 Tonnes,0.0,2017,1
TBQ05C02,Goods Received,20171,2017Q1,IEWAT,Waterford,-,All regions of trade,000 Tonnes,397.0,2017,1
TBQ05C02,Goods Received,20171,2017Q1,IEWAT,Waterford,1,Foreign trade: Great Britain and Northern Ireland,000 Tonnes,8.0,2017,1
TBQ05C02,Goods Received,20171,2017Q1,IEWAT,Waterford,2,Foreign trade: Other EU,000 Tonnes,289.0,2017,1
TBQ05C02,Goods Received,20171,2017Q1,IEWAT,Waterford,3,Foreign trade: Non-EU,000 Tonnes,55.0,2017,1
TBQ05C02,Goods Received,20171,2017Q1,IEWAT,Waterford,4,Foreign trade: Other ports,000 Tonnes,36.0,2017,1
TBQ05C02,Goods Received,20171,2017Q1,IEWAT,Waterford,5,Coastal trade,000 Tonnes,10.0,2017,1
TBQ05C02,Goods Received,20172,2017Q2,IEMIP,All Main Irish Ports,-,All regions of trade,000 Tonnes,8010.0,2017,2
TBQ05C02,Goods Received,20172,2017Q2,IEMIP,All Main Irish Ports,1,Foreign trade: Great Britain and Northern Ireland,000 Tonnes,3129.0,2017,2
TBQ05C02,Goods Received,20172,2017Q2,IEMIP,All Main Irish Ports,2,Foreign trade: Other EU,000 Tonnes,2715.0,2017,2
TBQ05C02,Goods Received,20172,2017Q2,IEMIP,All Main Irish Ports,3,Foreign trade: Non-EU,000 Tonnes,469.0,2017,2
TBQ05C02,Goods Received,20172,2017Q2,IEMIP,All Main Irish Ports,4,Foreign trade: Other ports,000 Tonnes,1650.0,2017,2
TBQ05C02,Goods Received,20172,2017Q2,IEMIP,All Main Irish Ports,5,Coastal trade,000 Tonnes,47.0,2017,2
TBQ05C02,Goods Received,20172,2017Q2,IEBYT,Bantry Bay,-,All regions of trade,000 Tonnes,57.0,2017,2
TBQ05C02,Goods Received,20172,2017Q2,IEBYT,Bantry Bay,1,Foreign trade: Great Britain and Northern Ireland,000 Tonnes,0.0,2017,2
TBQ05C02,Goods Received,20172,2017Q2,IEBYT,Bantry Bay,2,Foreign trade: Other EU,000 Tonnes,57.0,2017,2
TBQ05C02,Goods Received,20172,2017Q2,IEBYT,Bantry Bay,3,Foreign trade: Non-EU,000 Tonnes,0.0,2017,2
TBQ05C02,Goods Received,20172,2017Q2,IEBYT,Bantry Bay,4,Foreign trade: Other ports,000 Tonnes,0.0,2017,2
TBQ05C02,Goods Received,20172,2017Q2,IEBYT,Bantry Bay,5,Coastal trade,000 Tonnes,0.0,2017,2
TBQ05C02,Goods Received,20172,2017Q2,IEDRO,Drogheda,-,All regions of trade,000 Tonnes,183.0,2017,2
TBQ05C02,Goods Received,20172,2017Q2,IEDRO,Drogheda,1,Foreign trade: Great Britain and Northern Ireland,000 Tonnes,14.0,2017,2
TBQ05C02,Goods Received,20172,2017Q2,IEDRO,Drogheda,2,Foreign trade: Other EU,000 Tonnes,153.0,2017,2
TBQ05C02,Goods Received,20172,2017Q2,IEDRO,Drogheda,3,Foreign trade: Non-EU,000 Tonnes,13.0,2017,2
TBQ05C02,Goods Received,20172,2017Q2,IEDRO,Drogheda,4,Foreign trade: Other ports,000 Tonnes,3.0,2017,2
TBQ05C02,Goods Received,20172,2017Q2,IEDRO,Drogheda,5,Coastal trade,000 Tonnes,0.0,2017,2
TBQ05C02,Goods Received,20172,2017Q2,IEDUB,Dublin,-,All regions of trade,000 Tonnes,3938.0,2017,2
TBQ05C02,Goods Received,20172,2017Q2,IEDUB,Dublin,1,Foreign trade: Great Britain and Northern Ireland,000 Tonnes,2553.0,2017,2
TBQ05C02,Goods Received,20172,2017Q2,IEDUB,Dublin,2,Foreign trade: Other EU,000 Tonnes,1126.0,2017,2
TBQ05C02,Goods Received,20172,2017Q2,IEDUB,Dublin,3,Foreign trade: Non-EU,000 Tonnes,60.0,2017,2
TBQ05C02,Goods Received,20172,2017Q2,IEDUB,Dublin,4,Foreign trade: Other ports,000 Tonnes,195.0,2017,2
TBQ05C02,Goods Received,20172,2017Q2,IEDUB,Dublin,5,Coastal trade,000 Tonnes,5.0,2017,2
TBQ05C02,Goods Received,20172,2017Q2,IEFOV,Shannon Foynes,-,All regions of trade,000 Tonnes,1889.0,2017,2
TBQ05C02,Goods Received,20172,2017Q2,IEFOV,Shannon Foynes,1,Foreign trade: Great Britain and Northern Ireland,000 Tonnes,93.0,2017,2
TBQ05C02,Goods Received,20172,2017Q2,IEFOV,Shannon Foynes,2,Foreign trade: Other EU,000 Tonnes,626.0,2017,2
TBQ05C02,Goods Received,20172,2017Q2,IEFOV,Shannon Foynes,3,Foreign trade: Non-EU,000 Tonnes,82.0,2017,2
TBQ05C02,Goods Received,20172,2017Q2,IEFOV,Shannon Foynes,4,Foreign trade: Other ports,000 Tonnes,1047.0,2017,2
TBQ05C02,Goods Received,20172,2017Q2,IEFOV,Shannon Foynes,5,Coastal trade,000 Tonnes,41.0,2017,2
TBQ05C02,Goods Received,20172,2017Q2,IEORK,Cork,-,All regions of trade,000 Tonnes,1360.0,2017,2
TBQ05C02,Goods Received,20172,2017Q2,IEORK,Cork,1,Foreign trade: Great Britain and Northern Ireland,000 Tonnes,276.0,2017,2
TBQ05C02,Goods Received,20172,2017Q2,IEORK,Cork,2,Foreign trade: Other EU,000 Tonnes,451.0,2017,2
TBQ05C02,Goods Received,20172,2017Q2,IEORK,Cork,3,Foreign trade: Non-EU,000 Tonnes,297.0,2017,2
TBQ05C02,Goods Received,20172,2017Q2,IEORK,Cork,4,Foreign trade: Other ports,000 Tonnes,334.0,2017,2
TBQ05C02,Goods Received,20172,2017Q2,IEORK,Cork,5,Coastal trade,000 Tonnes,2.0,2017,2
TBQ05C02,Goods Received,20172,2017Q2,IEROS,Rosslare,-,All regions of trade,000 Tonnes,247.0,2017,2
TBQ05C02,Goods Received,20172,2017Q2,IEROS,Rosslare,1,Foreign trade: Great Britain and Northern Ireland,000 Tonnes,190.0,2017,2
TBQ05C02,Goods Received,20172,2017Q2,IEROS,Rosslare,2,Foreign trade: Other EU,000 Tonnes,57.0,2017,2
TBQ05C02,Goods Received,20172,2017Q2,IEROS,Rosslare,3,Foreign trade: Non-EU,000 Tonnes,0.0,2017,2
TBQ05C02,Goods Received,20172,2017Q2,IEROS,Rosslare,4,Foreign trade: Other ports,000 Tonnes,0.0,2017,2
TBQ05C02,Goods Received,20172,2017Q2,IEROS,Rosslare,5,Coastal trade,000 Tonnes,0.0,2017,2
TBQ05C02,Goods Received,20172,2017Q2,IEWAT,Waterford,-,All regions of trade,000 Tonnes,336.0,2017,2
TBQ05C02,Goods Received,20172,2017Q2,IEWAT,Waterford,1,Foreign trade: Great Britain and Northern Ireland,000 Tonnes,3.0,2017,2
TBQ05C02,Goods Received,20172,2017Q2,IEWAT,Waterford,2,Foreign trade: Other EU,000 Tonnes,245.0,2017,2
TBQ05C02,Goods Received,20172,2017Q2,IEWAT,Waterford,3,Foreign trade: Non-EU,000 Tonnes,16.0,2017,2
TBQ05C02,Goods Received,20172,2017Q2,IEWAT,Waterford,4,Foreign trade: Other ports,000 Tonnes,72.0,2017,2
TBQ05C02,Goods Received,20172,2017Q2,IEWAT,Waterford,5,Coastal trade,000 Tonnes,0.0,2017,2
TBQ05C02,Goods Received,20173,2017Q3,IEMIP,All Main Irish Ports,-,All regions of trade,000 Tonnes,8121.0,2017,3
TBQ05C02,Goods Received,20173,2017Q3,IEMIP,All Main Irish Ports,1,Foreign trade: Great Britain and Northern Ireland,000 Tonnes,3445.0,2017,3
TBQ05C02,Goods Received,20173,2017Q3,IEMIP,All Main Irish Ports,2,Foreign trade: Other EU,000 Tonnes,2428.0,2017,3
TBQ05C02,Goods Received,20173,2017Q3,IEMIP,All Main Irish Ports,3,Foreign trade: Non-EU,000 Tonnes,575.0,2017,3
TBQ05C02,Goods Received,20173,2017Q3,IEMIP,All Main Irish Ports,4,Foreign trade: Other ports,000 Tonnes,1620.0,2017,3
TBQ05C02,Goods Received,20173,2017Q3,IEMIP,All Main Irish Ports,5,Coastal trade,000 Tonnes,52.0,2017,3
TBQ05C02,Goods Received,20173,2017Q3,IEBYT,Bantry Bay,-,All regions of trade,000 Tonnes,0.0,2017,3
TBQ05C02,Goods Received,20173,2017Q3,IEBYT,Bantry Bay,1,Foreign trade: Great Britain and Northern Ireland,000 Tonnes,0.0,2017,3
TBQ05C02,Goods Received,20173,2017Q3,IEBYT,Bantry Bay,2,Foreign trade: Other EU,000 Tonnes,0.0,2017,3
TBQ05C02,Goods Received,20173,2017Q3,IEBYT,Bantry Bay,3,Foreign trade: Non-EU,000 Tonnes,0.0,2017,3
TBQ05C02,Goods Received,20173,2017Q3,IEBYT,Bantry Bay,4,Foreign trade: Other ports,000 Tonnes,0.0,2017,3
TBQ05C02,Goods Received,20173,2017Q3,IEBYT,Bantry Bay,5,Coastal trade,000 Tonnes,0.0,2017,3
TBQ05C02,Goods Received,20173,2017Q3,IEDRO,Drogheda,-,All regions of trade,000 Tonnes,165.0,2017,3
TBQ05C02,Goods Received,20173,2017Q3,IEDRO,Drogheda,1,Foreign trade: Great Britain and Northern Ireland,000 Tonnes,36.0,2017,3
TBQ05C02,Goods Received,20173,2017Q3,IEDRO,Drogheda,2,Foreign trade: Other EU,000 Tonnes,109.0,2017,3
TBQ05C02,Goods Received,20173,2017Q3,IEDRO,Drogheda,3,Foreign trade: Non-EU,000 Tonnes,12.0,2017,3
TBQ05C02,Goods Received,20173,2017Q3,IEDRO,Drogheda,4,Foreign trade: Other ports,000 Tonnes,6.0,2017,3
TBQ05C02,Goods Received,20173,2017Q3,IEDRO,Drogheda,5,Coastal trade,000 Tonnes,3.0,2017,3
TBQ05C02,Goods Received,20173,2017Q3,IEDUB,Dublin,-,All regions of trade,000 Tonnes,4009.0,2017,3
TBQ05C02,Goods Received,20173,2017Q3,IEDUB,Dublin,1,Foreign trade: Great Britain and Northern Ireland,000 Tonnes,2717.0,2017,3
TBQ05C02,Goods Received,20173,2017Q3,IEDUB,Dublin,2,Foreign trade: Other EU,000 Tonnes,1069.0,2017,3
TBQ05C02,Goods Received,20173,2017Q3,IEDUB,Dublin,3,Foreign trade: Non-EU,000 Tonnes,51.0,2017,3
TBQ05C02,Goods Received,20173,2017Q3,IEDUB,Dublin,4,Foreign trade: Other ports,000 Tonnes,140.0,2017,3
TBQ05C02,Goods Received,20173,2017Q3,IEDUB,Dublin,5,Coastal trade,000 Tonnes,32.0,2017,3
TBQ05C02,Goods Received,20173,2017Q3,IEFOV,Shannon Foynes,-,All regions of trade,000 Tonnes,1960.0,2017,3
TBQ05C02,Goods Received,20173,2017Q3,IEFOV,Shannon Foynes,1,Foreign trade: Great Britain and Northern Ireland,000 Tonnes,126.0,2017,3
TBQ05C02,Goods Received,20173,2017Q3,IEFOV,Shannon Foynes,2,Foreign trade: Other EU,000 Tonnes,606.0,2017,3
TBQ05C02,Goods Received,20173,2017Q3,IEFOV,Shannon Foynes,3,Foreign trade: Non-EU,000 Tonnes,83.0,2017,3
TBQ05C02,Goods Received,20173,2017Q3,IEFOV,Shannon Foynes,4,Foreign trade: Other ports,000 Tonnes,1132.0,2017,3
TBQ05C02,Goods Received,20173,2017Q3,IEFOV,Shannon Foynes,5,Coastal trade,000 Tonnes,13.0,2017,3
TBQ05C02,Goods Received,20173,2017Q3,IEORK,Cork,-,All regions of trade,000 Tonnes,1461.0,2017,3
TBQ05C02,Goods Received,20173,2017Q3,IEORK,Cork,1,Foreign trade: Great Britain and Northern Ireland,000 Tonnes,369.0,2017,3
TBQ05C02,Goods Received,20173,2017Q3,IEORK,Cork,2,Foreign trade: Other EU,000 Tonnes,397.0,2017,3
TBQ05C02,Goods Received,20173,2017Q3,IEORK,Cork,3,Foreign trade: Non-EU,000 Tonnes,390.0,2017,3
TBQ05C02,Goods Received,20173,2017Q3,IEORK,Cork,4,Foreign trade: Other ports,000 Tonnes,301.0,2017,3
TBQ05C02,Goods Received,20173,2017Q3,IEORK,Cork,5,Coastal trade,000 Tonnes,4.0,2017,3
TBQ05C02,Goods Received,20173,2017Q3,IEROS,Rosslare,-,All regions of trade,000 Tonnes,233.0,2017,3
TBQ05C02,Goods Received,20173,2017Q3,IEROS,Rosslare,1,Foreign trade: Great Britain and Northern Ireland,000 Tonnes,187.0,2017,3
TBQ05C02,Goods Received,20173,2017Q3,IEROS,Rosslare,2,Foreign trade: Other EU,000 Tonnes,46.0,2017,3
TBQ05C02,Goods Received,20173,2017Q3,IEROS,Rosslare,3,Foreign trade: Non-EU,000 Tonnes,0.0,2017,3
TBQ05C02,Goods Received,20173,2017Q3,IEROS,Rosslare,4,Foreign trade: Other ports,000 Tonnes,0.0,2017,3
TBQ05C02,Goods Received,20173,2017Q3,IEROS,Rosslare,5,Coastal trade,000 Tonnes,0.0,2017,3
TBQ05C02,Goods Received,20173,2017Q3,IEWAT,Waterford,-,All regions of trade,000 Tonnes,293.0,2017,3
TBQ05C02,Goods Received,20173,2017Q3,IEWAT,Waterford,1,Foreign trade: Great Britain and Northern Ireland,000 Tonnes,10.0,2017,3
TBQ05C02,Goods Received,20173,2017Q3,IEWAT,Waterford,2,Foreign trade: Other EU,000 Tonnes,202.0,2017,3
TBQ05C02,Goods Received,20173,2017Q3,IEWAT,Waterford,3,Foreign trade: Non-EU,000 Tonnes,39.0,2017,3
TBQ05C02,Goods Received,20173,2017Q3,IEWAT,Waterford,4,Foreign trade: Other ports,000 Tonnes,42.0,2017,3
TBQ05C02,Goods Received,20173,2017Q3,IEWAT,Waterford,5,Coastal trade,000 Tonnes,0.0,2017,3
TBQ05C02,Goods Received,20174,2017Q4,IEMIP,All Main Irish Ports,-,All regions of trade,000 Tonnes,8790.0,2017,4
TBQ05C02,Goods Received,20174,2017Q4,IEMIP,All Main Irish Ports,1,Foreign trade: Great Britain and Northern Ireland,000 Tonnes,3553.0,2017,4
TBQ05C02,Goods Received,20174,2017Q4,IEMIP,All Main Irish Ports,2,Foreign trade: Other EU,000 Tonnes,2826.0,2017,4
TBQ05C02,Goods Received,20174,2017Q4,IEMIP,All Main Irish Ports,3,Foreign trade: Non-EU,000 Tonnes,489.0,2017,4
TBQ05C02,Goods Received,20174,2017Q4,IEMIP,All Main Irish Ports,4,Foreign trade: Other ports,000 Tonnes,1851.0,2017,4
TBQ05C02,Goods Received,20174,2017Q4,IEMIP,All Main Irish Ports,5,Coastal trade,000 Tonnes,71.0,2017,4
TBQ05C02,Goods Received,20174,2017Q4,IEBYT,Bantry Bay,-,All regions of trade,000 Tonnes,167.0,2017,4
TBQ05C02,Goods Received,20174,2017Q4,IEBYT,Bantry Bay,1,Foreign trade: Great Britain and Northern Ireland,000 Tonnes,0.0,2017,4
TBQ05C02,Goods Received,20174,2017Q4,IEBYT,Bantry Bay,2,Foreign trade: Other EU,000 Tonnes,102.0,2017,4
TBQ05C02,Goods Received,20174,2017Q4,IEBYT,Bantry Bay,3,Foreign trade: Non-EU,000 Tonnes,0.0,2017,4
TBQ05C02,Goods Received,20174,2017Q4,IEBYT,Bantry Bay,4,Foreign trade: Other ports,000 Tonnes,65.0,2017,4
TBQ05C02,Goods Received,20174,2017Q4,IEBYT,Bantry Bay,5,Coastal trade,000 Tonnes,0.0,2017,4
TBQ05C02,Goods Received,20174,2017Q4,IEDRO,Drogheda,-,All regions of trade,000 Tonnes,238.0,2017,4
TBQ05C02,Goods Received,20174,2017Q4,IEDRO,Drogheda,1,Foreign trade: Great Britain and Northern Ireland,000 Tonnes,25.0,2017,4
TBQ05C02,Goods Received,20174,2017Q4,IEDRO,Drogheda,2,Foreign trade: Other EU,000 Tonnes,174.0,2017,4
TBQ05C02,Goods Received,20174,2017Q4,IEDRO,Drogheda,3,Foreign trade: Non-EU,000 Tonnes,18.0,2017,4
TBQ05C02,Goods Received,20174,2017Q4,IEDRO,Drogheda,4,Foreign trade: Other ports,000 Tonnes,18.0,2017,4
TBQ05C02,Goods Received,20174,2017Q4,IEDRO,Drogheda,5,Coastal trade,000 Tonnes,2.0,2017,4
TBQ05C02,Goods Received,20174,2017Q4,IEDUB,Dublin,-,All regions of trade,000 Tonnes,4161.0,2017,4
TBQ05C02,Goods Received,20174,2017Q4,IEDUB,Dublin,1,Foreign trade: Great Britain and Northern Ireland,000 Tonnes,2689.0,2017,4
TBQ05C02,Goods Received,20174,2017Q4,IEDUB,Dublin,2,Foreign trade: Other EU,000 Tonnes,1163.0,2017,4
TBQ05C02,Goods Received,20174,2017Q4,IEDUB,Dublin,3,Foreign trade: Non-EU,000 Tonnes,43.0,2017,4
TBQ05C02,Goods Received,20174,2017Q4,IEDUB,Dublin,4,Foreign trade: Other ports,000 Tonnes,233.0,2017,4
TBQ05C02,Goods Received,20174,2017Q4,IEDUB,Dublin,5,Coastal trade,000 Tonnes,33.0,2017,4
TBQ05C02,Goods Received,20174,2017Q4,IEFOV,Shannon Foynes,-,All regions of trade,000 Tonnes,2181.0,2017,4
TBQ05C02,Goods Received,20174,2017Q4,IEFOV,Shannon Foynes,1,Foreign trade: Great Britain and Northern Ireland,000 Tonnes,185.0,2017,4
TBQ05C02,Goods Received,20174,2017Q4,IEFOV,Shannon Foynes,2,Foreign trade: Other EU,000 Tonnes,660.0,2017,4
TBQ05C02,Goods Received,20174,2017Q4,IEFOV,Shannon Foynes,3,Foreign trade: Non-EU,000 Tonnes,58.0,2017,4
TBQ05C02,Goods Received,20174,2017Q4,IEFOV,Shannon Foynes,4,Foreign trade: Other ports,000 Tonnes,1243.0,2017,4
TBQ05C02,Goods Received,20174,2017Q4,IEFOV,Shannon Foynes,5,Coastal trade,000 Tonnes,34.0,2017,4
TBQ05C02,Goods Received,20174,2017Q4,IEORK,Cork,-,All regions of trade,000 Tonnes,1443.0,2017,4
TBQ05C02,Goods Received,20174,2017Q4,IEORK,Cork,1,Foreign trade: Great Britain and Northern Ireland,000 Tonnes,468.0,2017,4
TBQ05C02,Goods Received,20174,2017Q4,IEORK,Cork,2,Foreign trade: Other EU,000 Tonnes,399.0,2017,4
TBQ05C02,Goods Received,20174,2017Q4,IEORK,Cork,3,Foreign trade: Non-EU,000 Tonnes,360.0,2017,4
TBQ05C02,Goods Received,20174,2017Q4,IEORK,Cork,4,Foreign trade: Other ports,000 Tonnes,214.0,2017,4
TBQ05C02,Goods Received,20174,2017Q4,IEORK,Cork,5,Coastal trade,000 Tonnes,2.0,2017,4
TBQ05C02,Goods Received,20174,2017Q4,IEROS,Rosslare,-,All regions of trade,000 Tonnes,236.0,2017,4
TBQ05C02,Goods Received,20174,2017Q4,IEROS,Rosslare,1,Foreign trade: Great Britain and Northern Ireland,000 Tonnes,178.0,2017,4
TBQ05C02,Goods Received,20174,2017Q4,IEROS,Rosslare,2,Foreign trade: Other EU,000 Tonnes,58.0,2017,4
TBQ05C02,Goods Received,20174,2017Q4,IEROS,Rosslare,3,Foreign trade: Non-EU,000 Tonnes,0.0,2017,4
TBQ05C02,Goods Received,20174,2017Q4,IEROS,Rosslare,4,Foreign trade: Other ports,000 Tonnes,0.0,2017,4
TBQ05C02,Goods Received,20174,2017Q4,IEROS,Rosslare,5,Coastal trade,000 Tonnes,0.0,2017,4
TBQ05C02,Goods Received,20174,2017Q4,IEWAT,Waterford,-,All regions of trade,000 Tonnes,363.0,2017,4
TBQ05C02,Goods Received,20174,2017Q4,IEWAT,Waterford,1,Foreign trade: Great Britain and Northern Ireland,000 Tonnes,6.0,2017,4
TBQ05C02,Goods Received,20174,2017Q4,IEWAT,Waterford,2,Foreign trade: Other EU,000 Tonnes,269.0,2017,4
TBQ05C02,Goods Received,20174,2017Q4,IEWAT,Waterford,3,Foreign trade: Non-EU,000 Tonnes,9.0,2017,4
TBQ05C02,Goods Received,20174,2017Q4,IEWAT,Waterford,4,Foreign trade: Other ports,000 Tonnes,78.0,2017,4
TBQ05C02,Goods Received,20174,2017Q4,IEWAT,Waterford,5,Coastal trade,000 Tonnes,0.0,2017,4
TBQ05C02,Goods Received,20181,2018Q1,IEMIP,All Main Irish Ports,-,All regions of trade,000 Tonnes,8665.0,2018,1
TBQ05C02,Goods Received,20181,2018Q1,IEMIP,All Main Irish Ports,1,Foreign trade: Great Britain and Northern Ireland,000 Tonnes,3093.0,2018,1
TBQ05C02,Goods Received,20181,2018Q1,IEMIP,All Main Irish Ports,2,Foreign trade: Other EU,000 Tonnes,3052.0,2018,1
TBQ05C02,Goods Received,20181,2018Q1,IEMIP,All Main Irish Ports,3,Foreign trade: Non-EU,000 Tonnes,742.0,2018,1
TBQ05C02,Goods Received,20181,2018Q1,IEMIP,All Main Irish Ports,4,Foreign trade: Other ports,000 Tonnes,1653.0,2018,1
TBQ05C02,Goods Received,20181,2018Q1,IEMIP,All Main Irish Ports,5,Coastal trade,000 Tonnes,125.0,2018,1
TBQ05C02,Goods Received,20181,2018Q1,IEBYT,Bantry Bay,-,All regions of trade,000 Tonnes,74.0,2018,1
TBQ05C02,Goods Received,20181,2018Q1,IEBYT,Bantry Bay,1,Foreign trade: Great Britain and Northern Ireland,000 Tonnes,0.0,2018,1
TBQ05C02,Goods Received,20181,2018Q1,IEBYT,Bantry Bay,2,Foreign trade: Other EU,000 Tonnes,34.0,2018,1
TBQ05C02,Goods Received,20181,2018Q1,IEBYT,Bantry Bay,3,Foreign trade: Non-EU,000 Tonnes,0.0,2018,1
TBQ05C02,Goods Received,20181,2018Q1,IEBYT,Bantry Bay,4,Foreign trade: Other ports,000 Tonnes,39.0,2018,1
TBQ05C02,Goods Received,20181,2018Q1,IEBYT,Bantry Bay,5,Coastal trade,000 Tonnes,0.0,2018,1
TBQ05C02,Goods Received,20181,2018Q1,IEDRO,Drogheda,-,All regions of trade,000 Tonnes,186.0,2018,1
TBQ05C02,Goods Received,20181,2018Q1,IEDRO,Drogheda,1,Foreign trade: Great Britain and Northern Ireland,000 Tonnes,25.0,2018,1
TBQ05C02,Goods Received,20181,2018Q1,IEDRO,Drogheda,2,Foreign trade: Other EU,000 Tonnes,140.0,2018,1
TBQ05C02,Goods Received,20181,2018Q1,IEDRO,Drogheda,3,Foreign trade: Non-EU,000 Tonnes,6.0,2018,1
TBQ05C02,Goods Received,20181,2018Q1,IEDRO,Drogheda,4,Foreign trade: Other ports,000 Tonnes,6.0,2018,1
TBQ05C02,Goods Received,20181,2018Q1,IEDRO,Drogheda,5,Coastal trade,000 Tonnes,9.0,2018,1
TBQ05C02,Goods Received,20181,2018Q1,IEDUB,Dublin,-,All regions of trade,000 Tonnes,3978.0,2018,1
TBQ05C02,Goods Received,20181,2018Q1,IEDUB,Dublin,1,Foreign trade: Great Britain and Northern Ireland,000 Tonnes,2399.0,2018,1
TBQ05C02,Goods Received,20181,2018Q1,IEDUB,Dublin,2,Foreign trade: Other EU,000 Tonnes,1203.0,2018,1
TBQ05C02,Goods Received,20181,2018Q1,IEDUB,Dublin,3,Foreign trade: Non-EU,000 Tonnes,121.0,2018,1
TBQ05C02,Goods Received,20181,2018Q1,IEDUB,Dublin,4,Foreign trade: Other ports,000 Tonnes,159.0,2018,1
TBQ05C02,Goods Received,20181,2018Q1,IEDUB,Dublin,5,Coastal trade,000 Tonnes,96.0,2018,1
TBQ05C02,Goods Received,20181,2018Q1,IEFOV,Shannon Foynes,-,All regions of trade,000 Tonnes,2275.0,2018,1
TBQ05C02,Goods Received,20181,2018Q1,IEFOV,Shannon Foynes,1,Foreign trade: Great Britain and Northern Ireland,000 Tonnes,99.0,2018,1
TBQ05C02,Goods Received,20181,2018Q1,IEFOV,Shannon Foynes,2,Foreign trade: Other EU,000 Tonnes,914.0,2018,1
TBQ05C02,Goods Received,20181,2018Q1,IEFOV,Shannon Foynes,3,Foreign trade: Non-EU,000 Tonnes,202.0,2018,1
TBQ05C02,Goods Received,20181,2018Q1,IEFOV,Shannon Foynes,4,Foreign trade: Other ports,000 Tonnes,1042.0,2018,1
TBQ05C02,Goods Received,20181,2018Q1,IEFOV,Shannon Foynes,5,Coastal trade,000 Tonnes,18.0,2018,1
TBQ05C02,Goods Received,20181,2018Q1,IEORK,Cork,-,All regions of trade,000 Tonnes,1573.0,2018,1
TBQ05C02,Goods Received,20181,2018Q1,IEORK,Cork,1,Foreign trade: Great Britain and Northern Ireland,000 Tonnes,406.0,2018,1
TBQ05C02,Goods Received,20181,2018Q1,IEORK,Cork,2,Foreign trade: Other EU,000 Tonnes,417.0,2018,1
TBQ05C02,Goods Received,20181,2018Q1,IEORK,Cork,3,Foreign trade: Non-EU,000 Tonnes,358.0,2018,1
TBQ05C02,Goods Received,20181,2018Q1,IEORK,Cork,4,Foreign trade: Other ports,000 Tonnes,389.0,2018,1
TBQ05C02,Goods Received,20181,2018Q1,IEORK,Cork,5,Coastal trade,000 Tonnes,2.0,2018,1
TBQ05C02,Goods Received,20181,2018Q1,IEROS,Rosslare,-,All regions of trade,000 Tonnes,214.0,2018,1
TBQ05C02,Goods Received,20181,2018Q1,IEROS,Rosslare,1,Foreign trade: Great Britain and Northern Ireland,000 Tonnes,162.0,2018,1
TBQ05C02,Goods Received,20181,2018Q1,IEROS,Rosslare,2,Foreign trade: Other EU,000 Tonnes,53.0,2018,1
TBQ05C02,Goods Received,20181,2018Q1,IEROS,Rosslare,3,Foreign trade: Non-EU,000 Tonnes,0.0,2018,1
TBQ05C02,Goods Received,20181,2018Q1,IEROS,Rosslare,4,Foreign trade: Other ports,000 Tonnes,0.0,2018,1
TBQ05C02,Goods Received,20181,2018Q1,IEROS,Rosslare,5,Coastal trade,000 Tonnes,0.0,2018,1
TBQ05C02,Goods Received,20181,2018Q1,IEWAT,Waterford,-,All regions of trade,000 Tonnes,364.0,2018,1
TBQ05C02,Goods Received,20181,2018Q1,IEWAT,Waterford,1,Foreign trade: Great Britain and Northern Ireland,000 Tonnes,3.0,2018,1
TBQ05C02,Goods Received,20181,2018Q1,IEWAT,Waterford,2,Foreign trade: Other EU,000 Tonnes,291.0,2018,1
TBQ05C02,Goods Received,20181,2018Q1,IEWAT,Waterford,3,Foreign trade: Non-EU,000 Tonnes,55.0,2018,1
TBQ05C02,Goods Received,20181,2018Q1,IEWAT,Waterford,4,Foreign trade: Other ports,000 Tonnes,16.0,2018,1
TBQ05C02,Goods Received,20181,2018Q1,IEWAT,Waterford,5,Coastal trade,000 Tonnes,0.0,2018,1
TBQ05C02,Goods Received,20182,2018Q2,IEMIP,All Main Irish Ports,-,All regions of trade,000 Tonnes,8593.0,2018,2
TBQ05C02,Goods Received,20182,2018Q2,IEMIP,All Main Irish Ports,1,Foreign trade: Great Britain and Northern Ireland,000 Tonnes,3163.0,2018,2
TBQ05C02,Goods Received,20182,2018Q2,IEMIP,All Main Irish Ports,2,Foreign trade: Other EU,000 Tonnes,2946.0,2018,2
TBQ05C02,Goods Received,20182,2018Q2,IEMIP,All Main Irish Ports,3,Foreign trade: Non-EU,000 Tonnes,529.0,2018,2
TBQ05C02,Goods Received,20182,2018Q2,IEMIP,All Main Irish Ports,4,Foreign trade: Other ports,000 Tonnes,1820.0,2018,2
TBQ05C02,Goods Received,20182,2018Q2,IEMIP,All Main Irish Ports,5,Coastal trade,000 Tonnes,135.0,2018,2
TBQ05C02,Goods Received,20182,2018Q2,IEBYT,Bantry Bay,-,All regions of trade,000 Tonnes,0.0,2018,2
TBQ05C02,Goods Received,20182,2018Q2,IEBYT,Bantry Bay,1,Foreign trade: Great Britain and Northern Ireland,000 Tonnes,0.0,2018,2
TBQ05C02,Goods Received,20182,2018Q2,IEBYT,Bantry Bay,2,Foreign trade: Other EU,000 Tonnes,0.0,2018,2
TBQ05C02,Goods Received,20182,2018Q2,IEBYT,Bantry Bay,3,Foreign trade: Non-EU,000 Tonnes,0.0,2018,2
TBQ05C02,Goods Received,20182,2018Q2,IEBYT,Bantry Bay,4,Foreign trade: Other ports,000 Tonnes,0.0,2018,2
TBQ05C02,Goods Received,20182,2018Q2,IEBYT,Bantry Bay,5,Coastal trade,000 Tonnes,0.0,2018,2
TBQ05C02,Goods Received,20182,2018Q2,IEDRO,Drogheda,-,All regions of trade,000 Tonnes,205.0,2018,2
TBQ05C02,Goods Received,20182,2018Q2,IEDRO,Drogheda,1,Foreign trade: Great Britain and Northern Ireland,000 Tonnes,25.0,2018,2
TBQ05C02,Goods Received,20182,2018Q2,IEDRO,Drogheda,2,Foreign trade: Other EU,000 Tonnes,146.0,2018,2
TBQ05C02,Goods Received,20182,2018Q2,IEDRO,Drogheda,3,Foreign trade: Non-EU,000 Tonnes,17.0,2018,2
TBQ05C02,Goods Received,20182,2018Q2,IEDRO,Drogheda,4,Foreign trade: Other ports,000 Tonnes,13.0,2018,2
TBQ05C02,Goods Received,20182,2018Q2,IEDRO,Drogheda,5,Coastal trade,000 Tonnes,5.0,2018,2
TBQ05C02,Goods Received,20182,2018Q2,IEDUB,Dublin,-,All regions of trade,000 Tonnes,4234.0,2018,2
TBQ05C02,Goods Received,20182,2018Q2,IEDUB,Dublin,1,Foreign trade: Great Britain and Northern Ireland,000 Tonnes,2615.0,2018,2
TBQ05C02,Goods Received,20182,2018Q2,IEDUB,Dublin,2,Foreign trade: Other EU,000 Tonnes,1279.0,2018,2
TBQ05C02,Goods Received,20182,2018Q2,IEDUB,Dublin,3,Foreign trade: Non-EU,000 Tonnes,109.0,2018,2
TBQ05C02,Goods Received,20182,2018Q2,IEDUB,Dublin,4,Foreign trade: Other ports,000 Tonnes,139.0,2018,2
TBQ05C02,Goods Received,20182,2018Q2,IEDUB,Dublin,5,Coastal trade,000 Tonnes,93.0,2018,2
TBQ05C02,Goods Received,20182,2018Q2,IEFOV,Shannon Foynes,-,All regions of trade,000 Tonnes,1967.0,2018,2
TBQ05C02,Goods Received,20182,2018Q2,IEFOV,Shannon Foynes,1,Foreign trade: Great Britain and Northern Ireland,000 Tonnes,111.0,2018,2
TBQ05C02,Goods Received,20182,2018Q2,IEFOV,Shannon Foynes,2,Foreign trade: Other EU,000 Tonnes,711.0,2018,2
TBQ05C02,Goods Received,20182,2018Q2,IEFOV,Shannon Foynes,3,Foreign trade: Non-EU,000 Tonnes,104.0,2018,2
TBQ05C02,Goods Received,20182,2018Q2,IEFOV,Shannon Foynes,4,Foreign trade: Other ports,000 Tonnes,1005.0,2018,2
TBQ05C02,Goods Received,20182,2018Q2,IEFOV,Shannon Foynes,5,Coastal trade,000 Tonnes,35.0,2018,2
TBQ05C02,Goods Received,20182,2018Q2,IEORK,Cork,-,All regions of trade,000 Tonnes,1498.0,2018,2
TBQ05C02,Goods Received,20182,2018Q2,IEORK,Cork,1,Foreign trade: Great Britain and Northern Ireland,000 Tonnes,213.0,2018,2
TBQ05C02,Goods Received,20182,2018Q2,IEORK,Cork,2,Foreign trade: Other EU,000 Tonnes,426.0,2018,2
TBQ05C02,Goods Received,20182,2018Q2,IEORK,Cork,3,Foreign trade: Non-EU,000 Tonnes,269.0,2018,2
TBQ05C02,Goods Received,20182,2018Q2,IEORK,Cork,4,Foreign trade: Other ports,000 Tonnes,587.0,2018,2
TBQ05C02,Goods Received,20182,2018Q2,IEORK,Cork,5,Coastal trade,000 Tonnes,2.0,2018,2
TBQ05C02,Goods Received,20182,2018Q2,IEROS,Rosslare,-,All regions of trade,000 Tonnes,247.0,2018,2
TBQ05C02,Goods Received,20182,2018Q2,IEROS,Rosslare,1,Foreign trade: Great Britain and Northern Ireland,000 Tonnes,191.0,2018,2
TBQ05C02,Goods Received,20182,2018Q2,IEROS,Rosslare,2,Foreign trade: Other EU,000 Tonnes,56.0,2018,2
TBQ05C02,Goods Received,20182,2018Q2,IEROS,Rosslare,3,Foreign trade: Non-EU,000 Tonnes,0.0,2018,2
TBQ05C02,Goods Received,20182,2018Q2,IEROS,Rosslare,4,Foreign trade: Other ports,000 Tonnes,0.0,2018,2
TBQ05C02,Goods Received,20182,2018Q2,IEROS,Rosslare,5,Coastal trade,000 Tonnes,0.0,2018,2
TBQ05C02,Goods Received,20182,2018Q2,IEWAT,Waterford,-,All regions of trade,000 Tonnes,443.0,2018,2
TBQ05C02,Goods Received,20182,2018Q2,IEWAT,Waterford,1,Foreign trade: Great Britain and Northern Ireland,000 Tonnes,8.0,2018,2
TBQ05C02,Goods Received,20182,2018Q2,IEWAT,Waterford,2,Foreign trade: Other EU,000 Tonnes,328.0,2018,2
TBQ05C02,Goods Received,20182,2018Q2,IEWAT,Waterford,3,Foreign trade: Non-EU,000 Tonnes,31.0,2018,2
TBQ05C02,Goods Received,20182,2018Q2,IEWAT,Waterford,4,Foreign trade: Other ports,000 Tonnes,75.0,2018,2
TBQ05C02,Goods Received,20182,2018Q2,IEWAT,Waterford,5,Coastal trade,000 Tonnes,0.0,2018,2
TBQ05C02,Goods Received,20183,2018Q3,IEMIP,All Main Irish Ports,-,All regions of trade,000 Tonnes,8818.0,2018,3
TBQ05C02,Goods Received,20183,2018Q3,IEMIP,All Main Irish Ports,1,Foreign trade: Great Britain and Northern Ireland,000 Tonnes,3266.0,2018,3
TBQ05C02,Goods Received,20183,2018Q3,IEMIP,All Main Irish Ports,2,Foreign trade: Other EU,000 Tonnes,2809.0,2018,3
TBQ05C02,Goods Received,20183,2018Q3,IEMIP,All Main Irish Ports,3,Foreign trade: Non-EU,000 Tonnes,959.0,2018,3
TBQ05C02,Goods Received,20183,2018Q3,IEMIP,All Main Irish Ports,4,Foreign trade: Other ports,000 Tonnes,1603.0,2018,3
TBQ05C02,Goods Received,20183,2018Q3,IEMIP,All Main Irish Ports,5,Coastal trade,000 Tonnes,181.0,2018,3
TBQ05C02,Goods Received,20183,2018Q3,IEBYT,Bantry Bay,-,All regions of trade,000 Tonnes,67.0,2018,3
TBQ05C02,Goods Received,20183,2018Q3,IEBYT,Bantry Bay,1,Foreign trade: Great Britain and Northern Ireland,000 Tonnes,0.0,2018,3
TBQ05C02,Goods Received,20183,2018Q3,IEBYT,Bantry Bay,2,Foreign trade: Other EU,000 Tonnes,0.0,2018,3
TBQ05C02,Goods Received,20183,2018Q3,IEBYT,Bantry Bay,3,Foreign trade: Non-EU,000 Tonnes,0.0,2018,3
TBQ05C02,Goods Received,20183,2018Q3,IEBYT,Bantry Bay,4,Foreign trade: Other ports,000 Tonnes,67.0,2018,3
TBQ05C02,Goods Received,20183,2018Q3,IEBYT,Bantry Bay,5,Coastal trade,000 Tonnes,0.0,2018,3
TBQ05C02,Goods Received,20183,2018Q3,IEDRO,Drogheda,-,All regions of trade,000 Tonnes,259.0,2018,3
TBQ05C02,Goods Received,20183,2018Q3,IEDRO,Drogheda,1,Foreign trade: Great Britain and Northern Ireland,000 Tonnes,65.0,2018,3
TBQ05C02,Goods Received,20183,2018Q3,IEDRO,Drogheda,2,Foreign trade: Other EU,000 Tonnes,165.0,2018,3
TBQ05C02,Goods Received,20183,2018Q3,IEDRO,Drogheda,3,Foreign trade: Non-EU,000 Tonnes,11.0,2018,3
TBQ05C02,Goods Received,20183,2018Q3,IEDRO,Drogheda,4,Foreign trade: Other ports,000 Tonnes,12.0,2018,3
TBQ05C02,Goods Received,20183,2018Q3,IEDRO,Drogheda,5,Coastal trade,000 Tonnes,5.0,2018,3
TBQ05C02,Goods Received,20183,2018Q3,IEDUB,Dublin,-,All regions of trade,000 Tonnes,4315.0,2018,3
TBQ05C02,Goods Received,20183,2018Q3,IEDUB,Dublin,1,Foreign trade: Great Britain and Northern Ireland,000 Tonnes,2631.0,2018,3
TBQ05C02,Goods Received,20183,2018Q3,IEDUB,Dublin,2,Foreign trade: Other EU,000 Tonnes,1254.0,2018,3
TBQ05C02,Goods Received,20183,2018Q3,IEDUB,Dublin,3,Foreign trade: Non-EU,000 Tonnes,167.0,2018,3
TBQ05C02,Goods Received,20183,2018Q3,IEDUB,Dublin,4,Foreign trade: Other ports,000 Tonnes,134.0,2018,3
TBQ05C02,Goods Received,20183,2018Q3,IEDUB,Dublin,5,Coastal trade,000 Tonnes,128.0,2018,3
TBQ05C02,Goods Received,20183,2018Q3,IEFOV,Shannon Foynes,-,All regions of trade,000 Tonnes,1997.0,2018,3
TBQ05C02,Goods Received,20183,2018Q3,IEFOV,Shannon Foynes,1,Foreign trade: Great Britain and Northern Ireland,000 Tonnes,196.0,2018,3
TBQ05C02,Goods Received,20183,2018Q3,IEFOV,Shannon Foynes,2,Foreign trade: Other EU,000 Tonnes,588.0,2018,3
TBQ05C02,Goods Received,20183,2018Q3,IEFOV,Shannon Foynes,3,Foreign trade: Non-EU,000 Tonnes,206.0,2018,3
TBQ05C02,Goods Received,20183,2018Q3,IEFOV,Shannon Foynes,4,Foreign trade: Other ports,000 Tonnes,965.0,2018,3
TBQ05C02,Goods Received,20183,2018Q3,IEFOV,Shannon Foynes,5,Coastal trade,000 Tonnes,42.0,2018,3
TBQ05C02,Goods Received,20183,2018Q3,IEORK,Cork,-,All regions of trade,000 Tonnes,1490.0,2018,3
TBQ05C02,Goods Received,20183,2018Q3,IEORK,Cork,1,Foreign trade: Great Britain and Northern Ireland,000 Tonnes,157.0,2018,3
TBQ05C02,Goods Received,20183,2018Q3,IEORK,Cork,2,Foreign trade: Other EU,000 Tonnes,398.0,2018,3
TBQ05C02,Goods Received,20183,2018Q3,IEORK,Cork,3,Foreign trade: Non-EU,000 Tonnes,540.0,2018,3
TBQ05C02,Goods Received,20183,2018Q3,IEORK,Cork,4,Foreign trade: Other ports,000 Tonnes,389.0,2018,3
TBQ05C02,Goods Received,20183,2018Q3,IEORK,Cork,5,Coastal trade,000 Tonnes,6.0,2018,3
TBQ05C02,Goods Received,20183,2018Q3,IEROS,Rosslare,-,All regions of trade,000 Tonnes,246.0,2018,3
TBQ05C02,Goods Received,20183,2018Q3,IEROS,Rosslare,1,Foreign trade: Great Britain and Northern Ireland,000 Tonnes,202.0,2018,3
TBQ05C02,Goods Received,20183,2018Q3,IEROS,Rosslare,2,Foreign trade: Other EU,000 Tonnes,44.0,2018,3
TBQ05C02,Goods Received,20183,2018Q3,IEROS,Rosslare,3,Foreign trade: Non-EU,000 Tonnes,0.0,2018,3
TBQ05C02,Goods Received,20183,2018Q3,IEROS,Rosslare,4,Foreign trade: Other ports,000 Tonnes,0.0,2018,3
TBQ05C02,Goods Received,20183,2018Q3,IEROS,Rosslare,5,Coastal trade,000 Tonnes,0.0,2018,3
TBQ05C02,Goods Received,20183,2018Q3,IEWAT,Waterford,-,All regions of trade,000 Tonnes,446.0,2018,3
TBQ05C02,Goods Received,20183,2018Q3,IEWAT,Waterford,1,Foreign trade: Great Britain and Northern Ireland,000 Tonnes,16.0,2018,3
TBQ05C02,Goods Received,20183,2018Q3,IEWAT,Waterford,2,Foreign trade: Other EU,000 Tonnes,359.0,2018,3
TBQ05C02,Goods Received,20183,2018Q3,IEWAT,Waterford,3,Foreign trade: Non-EU,000 Tonnes,35.0,2018,3
TBQ05C02,Goods Received,20183,2018Q3,IEWAT,Waterford,4,Foreign trade: Other ports,000 Tonnes,36.0,2018,3
TBQ05C02,Goods Received,20183,2018Q3,IEWAT,Waterford,5,Coastal trade,000 Tonnes,0.0,2018,3
TBQ05C02,Goods Received,20184,2018Q4,IEMIP,All Main Irish Ports,-,All regions of trade,000 Tonnes,8997.0,2018,4
TBQ05C02,Goods Received,20184,2018Q4,IEMIP,All Main Irish Ports,1,Foreign trade: Great Britain and Northern Ireland,000 Tonnes,3285.0,2018,4
TBQ05C02,Goods Received,20184,2018Q4,IEMIP,All Main Irish Ports,2,Foreign trade: Other EU,000 Tonnes,2895.0,2018,4
TBQ05C02,Goods Received,20184,2018Q4,IEMIP,All Main Irish Ports,3,Foreign trade: Non-EU,000 Tonnes,747.0,2018,4
TBQ05C02,Goods Received,20184,2018Q4,IEMIP,All Main Irish Ports,4,Foreign trade: Other ports,000 Tonnes,1894.0,2018,4
TBQ05C02,Goods Received,20184,2018Q4,IEMIP,All Main Irish Ports,5,Coastal trade,000 Tonnes,177.0,2018,4
TBQ05C02,Goods Received,20184,2018Q4,IEBYT,Bantry Bay,-,All regions of trade,000 Tonnes,94.0,2018,4
TBQ05C02,Goods Received,20184,2018Q4,IEBYT,Bantry Bay,1,Foreign trade: Great Britain and Northern Ireland,000 Tonnes,0.0,2018,4
TBQ05C02,Goods Received,20184,2018Q4,IEBYT,Bantry Bay,2,Foreign trade: Other EU,000 Tonnes,94.0,2018,4
TBQ05C02,Goods Received,20184,2018Q4,IEBYT,Bantry Bay,3,Foreign trade: Non-EU,000 Tonnes,0.0,2018,4
TBQ05C02,Goods Received,20184,2018Q4,IEBYT,Bantry Bay,4,Foreign trade: Other ports,000 Tonnes,0.0,2018,4
TBQ05C02,Goods Received,20184,2018Q4,IEBYT,Bantry Bay,5,Coastal trade,000 Tonnes,0.0,2018,4
TBQ05C02,Goods Received,20184,2018Q4,IEDRO,Drogheda,-,All regions of trade,000 Tonnes,222.0,2018,4
TBQ05C02,Goods Received,20184,2018Q4,IEDRO,Drogheda,1,Foreign trade: Great Britain and Northern Ireland,000 Tonnes,28.0,2018,4
TBQ05C02,Goods Received,20184,2018Q4,IEDRO,Drogheda,2,Foreign trade: Other EU,000 Tonnes,168.0,2018,4
TBQ05C02,Goods Received,20184,2018Q4,IEDRO,Drogheda,3,Foreign trade: Non-EU,000 Tonnes,22.0,2018,4
TBQ05C02,Goods Received,20184,2018Q4,IEDRO,Drogheda,4,Foreign trade: Other ports,000 Tonnes,0.0,2018,4
TBQ05C02,Goods Received,20184,2018Q4,IEDRO,Drogheda,5,Coastal trade,000 Tonnes,4.0,2018,4
TBQ05C02,Goods Received,20184,2018Q4,IEDUB,Dublin,-,All regions of trade,000 Tonnes,4395.0,2018,4
TBQ05C02,Goods Received,20184,2018Q4,IEDUB,Dublin,1,Foreign trade: Great Britain and Northern Ireland,000 Tonnes,2795.0,2018,4
TBQ05C02,Goods Received,20184,2018Q4,IEDUB,Dublin,2,Foreign trade: Other EU,000 Tonnes,1159.0,2018,4
TBQ05C02,Goods Received,20184,2018Q4,IEDUB,Dublin,3,Foreign trade: Non-EU,000 Tonnes,156.0,2018,4
TBQ05C02,Goods Received,20184,2018Q4,IEDUB,Dublin,4,Foreign trade: Other ports,000 Tonnes,119.0,2018,4
TBQ05C02,Goods Received,20184,2018Q4,IEDUB,Dublin,5,Coastal trade,000 Tonnes,165.0,2018,4
TBQ05C02,Goods Received,20184,2018Q4,IEFOV,Shannon Foynes,-,All regions of trade,000 Tonnes,1941.0,2018,4
TBQ05C02,Goods Received,20184,2018Q4,IEFOV,Shannon Foynes,1,Foreign trade: Great Britain and Northern Ireland,000 Tonnes,160.0,2018,4
TBQ05C02,Goods Received,20184,2018Q4,IEFOV,Shannon Foynes,2,Foreign trade: Other EU,000 Tonnes,709.0,2018,4
TBQ05C02,Goods Received,20184,2018Q4,IEFOV,Shannon Foynes,3,Foreign trade: Non-EU,000 Tonnes,63.0,2018,4
TBQ05C02,Goods Received,20184,2018Q4,IEFOV,Shannon Foynes,4,Foreign trade: Other ports,000 Tonnes,1006.0,2018,4
TBQ05C02,Goods Received,20184,2018Q4,IEFOV,Shannon Foynes,5,Coastal trade,000 Tonnes,3.0,2018,4
TBQ05C02,Goods Received,20184,2018Q4,IEORK,Cork,-,All regions of trade,000 Tonnes,1642.0,2018,4
TBQ05C02,Goods Received,20184,2018Q4,IEORK,Cork,1,Foreign trade: Great Britain and Northern Ireland,000 Tonnes,105.0,2018,4
TBQ05C02,Goods Received,20184,2018Q4,IEORK,Cork,2,Foreign trade: Other EU,000 Tonnes,424.0,2018,4
TBQ05C02,Goods Received,20184,2018Q4,IEORK,Cork,3,Foreign trade: Non-EU,000 Tonnes,460.0,2018,4
TBQ05C02,Goods Received,20184,2018Q4,IEORK,Cork,4,Foreign trade: Other ports,000 Tonnes,651.0,2018,4
TBQ05C02,Goods Received,20184,2018Q4,IEORK,Cork,5,Coastal trade,000 Tonnes,2.0,2018,4
TBQ05C02,Goods Received,20184,2018Q4,IEROS,Rosslare,-,All regions of trade,000 Tonnes,237.0,2018,4
TBQ05C02,Goods Received,20184,2018Q4,IEROS,Rosslare,1,Foreign trade: Great Britain and Northern Ireland,000 Tonnes,193.0,2018,4
TBQ05C02,Goods Received,20184,2018Q4,IEROS,Rosslare,2,Foreign trade: Other EU,000 Tonnes,44.0,2018,4
TBQ05C02,Goods Received,20184,2018Q4,IEROS,Rosslare,3,Foreign trade: Non-EU,000 Tonnes,0.0,2018,4
TBQ05C02,Goods Received,20184,2018Q4,IEROS,Rosslare,4,Foreign trade: Other ports,000 Tonnes,0.0,2018,4
TBQ05C02,Goods Received,20184,2018Q4,IEROS,Rosslare,5,Coastal trade,000 Tonnes,0.0,2018,4
TBQ05C02,Goods Received,20184,2018Q4,IEWAT,Waterford,-,All regions of trade,000 Tonnes,465.0,2018,4
TBQ05C02,Goods Received,20184,2018Q4,IEWAT,Waterford,1,Foreign trade: Great Britain and Northern Ireland,000 Tonnes,3.0,2018,4
TBQ05C02,Goods Received,20184,2018Q4,IEWAT,Waterford,2,Foreign trade: Other EU,000 Tonnes,297.0,2018,4
TBQ05C02,Goods Received,20184,2018Q4,IEWAT,Waterford,3,Foreign trade: Non-EU,000 Tonnes,45.0,2018,4
TBQ05C02,Goods Received,20184,2018Q4,IEWAT,Waterford,4,Foreign trade: Other ports,000 Tonnes,117.0,2018,4
TBQ05C02,Goods Received,20184,2018Q4,IEWAT,Waterford,5,Coastal trade,000 Tonnes,3.0,2018,4
TBQ05C02,Goods Received,20191,2019Q1,IEMIP,All Main Irish Ports,-,All regions of trade,000 Tonnes,8832.0,2019,1
TBQ05C02,Goods Received,20191,2019Q1,IEMIP,All Main Irish Ports,1,Foreign trade: Great Britain and Northern Ireland,000 Tonnes,3072.0,2019,1
TBQ05C02,Goods Received,20191,2019Q1,IEMIP,All Main Irish Ports,2,Foreign trade: Other EU,000 Tonnes,3066.0,2019,1
TBQ05C02,Goods Received,20191,2019Q1,IEMIP,All Main Irish Ports,3,Foreign trade: Non-EU,000 Tonnes,628.0,2019,1
TBQ05C02,Goods Received,20191,2019Q1,IEMIP,All Main Irish Ports,4,Foreign trade: Other ports,000 Tonnes,1834.0,2019,1
TBQ05C02,Goods Received,20191,2019Q1,IEMIP,All Main Irish Ports,5,Coastal trade,000 Tonnes,232.0,2019,1
TBQ05C02,Goods Received,20191,2019Q1,IEBYT,Bantry Bay,-,All regions of trade,000 Tonnes,172.0,2019,1
TBQ05C02,Goods Received,20191,2019Q1,IEBYT,Bantry Bay,1,Foreign trade: Great Britain and Northern Ireland,000 Tonnes,0.0,2019,1
TBQ05C02,Goods Received,20191,2019Q1,IEBYT,Bantry Bay,2,Foreign trade: Other EU,000 Tonnes,97.0,2019,1
TBQ05C02,Goods Received,20191,2019Q1,IEBYT,Bantry Bay,3,Foreign trade: Non-EU,000 Tonnes,0.0,2019,1
TBQ05C02,Goods Received,20191,2019Q1,IEBYT,Bantry Bay,4,Foreign trade: Other ports,000 Tonnes,75.0,2019,1
TBQ05C02,Goods Received,20191,2019Q1,IEBYT,Bantry Bay,5,Coastal trade,000 Tonnes,0.0,2019,1
TBQ05C02,Goods Received,20191,2019Q1,IEDRO,Drogheda,-,All regions of trade,000 Tonnes,240.0,2019,1
TBQ05C02,Goods Received,20191,2019Q1,IEDRO,Drogheda,1,Foreign trade: Great Britain and Northern Ireland,000 Tonnes,28.0,2019,1
TBQ05C02,Goods Received,20191,2019Q1,IEDRO,Drogheda,2,Foreign trade: Other EU,000 Tonnes,179.0,2019,1
TBQ05C02,Goods Received,20191,2019Q1,IEDRO,Drogheda,3,Foreign trade: Non-EU,000 Tonnes,19.0,2019,1
TBQ05C02,Goods Received,20191,2019Q1,IEDRO,Drogheda,4,Foreign trade: Other ports,000 Tonnes,9.0,2019,1
TBQ05C02,Goods Received,20191,2019Q1,IEDRO,Drogheda,5,Coastal trade,000 Tonnes,5.0,2019,1
TBQ05C02,Goods Received,20191,2019Q1,IEDUB,Dublin,-,All regions of trade,000 Tonnes,4302.0,2019,1
TBQ05C02,Goods Received,20191,2019Q1,IEDUB,Dublin,1,Foreign trade: Great Britain and Northern Ireland,000 Tonnes,2622.0,2019,1
TBQ05C02,Goods Received,20191,2019Q1,IEDUB,Dublin,2,Foreign trade: Other EU,000 Tonnes,1242.0,2019,1
TBQ05C02,Goods Received,20191,2019Q1,IEDUB,Dublin,3,Foreign trade: Non-EU,000 Tonnes,154.0,2019,1
TBQ05C02,Goods Received,20191,2019Q1,IEDUB,Dublin,4,Foreign trade: Other ports,000 Tonnes,85.0,2019,1
TBQ05C02,Goods Received,20191,2019Q1,IEDUB,Dublin,5,Coastal trade,000 Tonnes,198.0,2019,1
TBQ05C02,Goods Received,20191,2019Q1,IEFOV,Shannon Foynes,-,All regions of trade,000 Tonnes,1949.0,2019,1
TBQ05C02,Goods Received,20191,2019Q1,IEFOV,Shannon Foynes,1,Foreign trade: Great Britain and Northern Ireland,000 Tonnes,81.0,2019,1
TBQ05C02,Goods Received,20191,2019Q1,IEFOV,Shannon Foynes,2,Foreign trade: Other EU,000 Tonnes,803.0,2019,1
TBQ05C02,Goods Received,20191,2019Q1,IEFOV,Shannon Foynes,3,Foreign trade: Non-EU,000 Tonnes,111.0,2019,1
TBQ05C02,Goods Received,20191,2019Q1,IEFOV,Shannon Foynes,4,Foreign trade: Other ports,000 Tonnes,931.0,2019,1
TBQ05C02,Goods Received,20191,2019Q1,IEFOV,Shannon Foynes,5,Coastal trade,000 Tonnes,23.0,2019,1
TBQ05C02,Goods Received,20191,2019Q1,IEORK,Cork,-,All regions of trade,000 Tonnes,1523.0,2019,1
TBQ05C02,Goods Received,20191,2019Q1,IEORK,Cork,1,Foreign trade: Great Britain and Northern Ireland,000 Tonnes,151.0,2019,1
TBQ05C02,Goods Received,20191,2019Q1,IEORK,Cork,2,Foreign trade: Other EU,000 Tonnes,425.0,2019,1
TBQ05C02,Goods Received,20191,2019Q1,IEORK,Cork,3,Foreign trade: Non-EU,000 Tonnes,252.0,2019,1
TBQ05C02,Goods Received,20191,2019Q1,IEORK,Cork,4,Foreign trade: Other ports,000 Tonnes,693.0,2019,1
TBQ05C02,Goods Received,20191,2019Q1,IEORK,Cork,5,Coastal trade,000 Tonnes,3.0,2019,1
TBQ05C02,Goods Received,20191,2019Q1,IEROS,Rosslare,-,All regions of trade,000 Tonnes,221.0,2019,1
TBQ05C02,Goods Received,20191,2019Q1,IEROS,Rosslare,1,Foreign trade: Great Britain and Northern Ireland,000 Tonnes,180.0,2019,1
TBQ05C02,Goods Received,20191,2019Q1,IEROS,Rosslare,2,Foreign trade: Other EU,000 Tonnes,41.0,2019,1
TBQ05C02,Goods Received,20191,2019Q1,IEROS,Rosslare,3,Foreign trade: Non-EU,000 Tonnes,0.0,2019,1
TBQ05C02,Goods Received,20191,2019Q1,IEROS,Rosslare,4,Foreign trade: Other ports,000 Tonnes,0.0,2019,1
TBQ05C02,Goods Received,20191,2019Q1,IEROS,Rosslare,5,Coastal trade,000 Tonnes,0.0,2019,1
TBQ05C02,Goods Received,20191,2019Q1,IEWAT,Waterford,-,All regions of trade,000 Tonnes,425.0,2019,1
TBQ05C02,Goods Received,20191,2019Q1,IEWAT,Waterford,1,Foreign trade: Great Britain and Northern Ireland,000 Tonnes,10.0,2019,1
TBQ05C02,Goods Received,20191,2019Q1,IEWAT,Waterford,2,Foreign trade: Other EU,000 Tonnes,280.0,2019,1
TBQ05C02,Goods Received,20191,2019Q1,IEWAT,Waterford,3,Foreign trade: Non-EU,000 Tonnes,92.0,2019,1
TBQ05C02,Goods Received,20191,2019Q1,IEWAT,Waterford,4,Foreign trade: Other ports,000 Tonnes,41.0,2019,1
TBQ05C02,Goods Received,20191,2019Q1,IEWAT,Waterford,5,Coastal trade,000 Tonnes,3.0,2019,1
TBQ05C02,Goods Received,20192,2019Q2,IEMIP,All Main Irish Ports,-,All regions of trade,000 Tonnes,8014.0,2019,2
TBQ05C02,Goods Received,20192,2019Q2,IEMIP,All Main Irish Ports,1,Foreign trade: Great Britain and Northern Ireland,000 Tonnes,2905.0,2019,2
TBQ05C02,Goods Received,20192,2019Q2,IEMIP,All Main Irish Ports,2,Foreign trade: Other EU,000 Tonnes,3246.0,2019,2
TBQ05C02,Goods Received,20192,2019Q2,IEMIP,All Main Irish Ports,3,Foreign trade: Non-EU,000 Tonnes,293.0,2019,2
TBQ05C02,Goods Received,20192,2019Q2,IEMIP,All Main Irish Ports,4,Foreign trade: Other ports,000 Tonnes,1375.0,2019,2
TBQ05C02,Goods Received,20192,2019Q2,IEMIP,All Main Irish Ports,5,Coastal trade,000 Tonnes,195.0,2019,2
TBQ05C02,Goods Received,20192,2019Q2,IEBYT,Bantry Bay,-,All regions of trade,000 Tonnes,67.0,2019,2
TBQ05C02,Goods Received,20192,2019Q2,IEBYT,Bantry Bay,1,Foreign trade: Great Britain and Northern Ireland,000 Tonnes,0.0,2019,2
TBQ05C02,Goods Received,20192,2019Q2,IEBYT,Bantry Bay,2,Foreign trade: Other EU,000 Tonnes,67.0,2019,2
TBQ05C02,Goods Received,20192,2019Q2,IEBYT,Bantry Bay,3,Foreign trade: Non-EU,000 Tonnes,0.0,2019,2
TBQ05C02,Goods Received,20192,2019Q2,IEBYT,Bantry Bay,4,Foreign trade: Other ports,000 Tonnes,0.0,2019,2
TBQ05C02,Goods Received,20192,2019Q2,IEBYT,Bantry Bay,5,Coastal trade,000 Tonnes,0.0,2019,2
TBQ05C02,Goods Received,20192,2019Q2,IEDRO,Drogheda,-,All regions of trade,000 Tonnes,198.0,2019,2
TBQ05C02,Goods Received,20192,2019Q2,IEDRO,Drogheda,1,Foreign trade: Great Britain and Northern Ireland,000 Tonnes,9.0,2019,2
TBQ05C02,Goods Received,20192,2019Q2,IEDRO,Drogheda,2,Foreign trade: Other EU,000 Tonnes,161.0,2019,2
TBQ05C02,Goods Received,20192,2019Q2,IEDRO,Drogheda,3,Foreign trade: Non-EU,000 Tonnes,23.0,2019,2
TBQ05C02,Goods Received,20192,2019Q2,IEDRO,Drogheda,4,Foreign trade: Other ports,000 Tonnes,2.0,2019,2
TBQ05C02,Goods Received,20192,2019Q2,IEDRO,Drogheda,5,Coastal trade,000 Tonnes,3.0,2019,2
TBQ05C02,Goods Received,20192,2019Q2,IEDUB,Dublin,-,All regions of trade,000 Tonnes,4208.0,2019,2
TBQ05C02,Goods Received,20192,2019Q2,IEDUB,Dublin,1,Foreign trade: Great Britain and Northern Ireland,000 Tonnes,2495.0,2019,2
TBQ05C02,Goods Received,20192,2019Q2,IEDUB,Dublin,2,Foreign trade: Other EU,000 Tonnes,1450.0,2019,2
TBQ05C02,Goods Received,20192,2019Q2,IEDUB,Dublin,3,Foreign trade: Non-EU,000 Tonnes,60.0,2019,2
TBQ05C02,Goods Received,20192,2019Q2,IEDUB,Dublin,4,Foreign trade: Other ports,000 Tonnes,38.0,2019,2
TBQ05C02,Goods Received,20192,2019Q2,IEDUB,Dublin,5,Coastal trade,000 Tonnes,165.0,2019,2
TBQ05C02,Goods Received,20192,2019Q2,IEFOV,Shannon Foynes,-,All regions of trade,000 Tonnes,1721.0,2019,2
TBQ05C02,Goods Received,20192,2019Q2,IEFOV,Shannon Foynes,1,Foreign trade: Great Britain and Northern Ireland,000 Tonnes,117.0,2019,2
TBQ05C02,Goods Received,20192,2019Q2,IEFOV,Shannon Foynes,2,Foreign trade: Other EU,000 Tonnes,862.0,2019,2
TBQ05C02,Goods Received,20192,2019Q2,IEFOV,Shannon Foynes,3,Foreign trade: Non-EU,000 Tonnes,50.0,2019,2
TBQ05C02,Goods Received,20192,2019Q2,IEFOV,Shannon Foynes,4,Foreign trade: Other ports,000 Tonnes,669.0,2019,2
TBQ05C02,Goods Received,20192,2019Q2,IEFOV,Shannon Foynes,5,Coastal trade,000 Tonnes,24.0,2019,2
TBQ05C02,Goods Received,20192,2019Q2,IEORK,Cork,-,All regions of trade,000 Tonnes,1171.0,2019,2
TBQ05C02,Goods Received,20192,2019Q2,IEORK,Cork,1,Foreign trade: Great Britain and Northern Ireland,000 Tonnes,84.0,2019,2
TBQ05C02,Goods Received,20192,2019Q2,IEORK,Cork,2,Foreign trade: Other EU,000 Tonnes,392.0,2019,2
TBQ05C02,Goods Received,20192,2019Q2,IEORK,Cork,3,Foreign trade: Non-EU,000 Tonnes,70.0,2019,2
TBQ05C02,Goods Received,20192,2019Q2,IEORK,Cork,4,Foreign trade: Other ports,000 Tonnes,622.0,2019,2
TBQ05C02,Goods Received,20192,2019Q2,IEORK,Cork,5,Coastal trade,000 Tonnes,3.0,2019,2
TBQ05C02,Goods Received,20192,2019Q2,IEROS,Rosslare,-,All regions of trade,000 Tonnes,234.0,2019,2
TBQ05C02,Goods Received,20192,2019Q2,IEROS,Rosslare,1,Foreign trade: Great Britain and Northern Ireland,000 Tonnes,191.0,2019,2
TBQ05C02,Goods Received,20192,2019Q2,IEROS,Rosslare,2,Foreign trade: Other EU,000 Tonnes,43.0,2019,2
TBQ05C02,Goods Received,20192,2019Q2,IEROS,Rosslare,3,Foreign trade: Non-EU,000 Tonnes,0.0,2019,2
TBQ05C02,Goods Received,20192,2019Q2,IEROS,Rosslare,4,Foreign trade: Other ports,000 Tonnes,0.0,2019,2
TBQ05C02,Goods Received,20192,2019Q2,IEROS,Rosslare,5,Coastal trade,000 Tonnes,0.0,2019,2
TBQ05C02,Goods Received,20192,2019Q2,IEWAT,Waterford,-,All regions of trade,000 Tonnes,415.0,2019,2
TBQ05C02,Goods Received,20192,2019Q2,IEWAT,Waterford,1,Foreign trade: Great Britain and Northern Ireland,000 Tonnes,9.0,2019,2
TBQ05C02,Goods Received,20192,2019Q2,IEWAT,Waterford,2,Foreign trade: Other EU,000 Tonnes,271.0,2019,2
TBQ05C02,Goods Received,20192,2019Q2,IEWAT,Waterford,3,Foreign trade: Non-EU,000 Tonnes,90.0,2019,2
TBQ05C02,Goods Received,20192,2019Q2,IEWAT,Waterford,4,Foreign trade: Other ports,000 Tonnes,44.0,2019,2
TBQ05C02,Goods Received,20192,2019Q2,IEWAT,Waterford,5,Coastal trade,000 Tonnes,0.0,2019,2
TBQ05C02,Goods Received,20193,2019Q3,IEMIP,All Main Irish Ports,-,All regions of trade,000 Tonnes,8107.0,2019,3
TBQ05C02,Goods Received,20193,2019Q3,IEMIP,All Main Irish Ports,1,Foreign trade: Great Britain and Northern Ireland,000 Tonnes,3278.0,2019,3
TBQ05C02,Goods Received,20193,2019Q3,IEMIP,All Main Irish Ports,2,Foreign trade: Other EU,000 Tonnes,2625.0,2019,3
TBQ05C02,Goods Received,20193,2019Q3,IEMIP,All Main Irish Ports,3,Foreign trade: Non-EU,000 Tonnes,130.0,2019,3
TBQ05C02,Goods Received,20193,2019Q3,IEMIP,All Main Irish Ports,4,Foreign trade: Other ports,000 Tonnes,1947.0,2019,3
TBQ05C02,Goods Received,20193,2019Q3,IEMIP,All Main Irish Ports,5,Coastal trade,000 Tonnes,126.0,2019,3
TBQ05C02,Goods Received,20193,2019Q3,IEBYT,Bantry Bay,-,All regions of trade,000 Tonnes,0.0,2019,3
TBQ05C02,Goods Received,20193,2019Q3,IEBYT,Bantry Bay,1,Foreign trade: Great Britain and Northern Ireland,000 Tonnes,0.0,2019,3
TBQ05C02,Goods Received,20193,2019Q3,IEBYT,Bantry Bay,2,Foreign trade: Other EU,000 Tonnes,0.0,2019,3
TBQ05C02,Goods Received,20193,2019Q3,IEBYT,Bantry Bay,3,Foreign trade: Non-EU,000 Tonnes,0.0,2019,3
TBQ05C02,Goods Received,20193,2019Q3,IEBYT,Bantry Bay,4,Foreign trade: Other ports,000 Tonnes,0.0,2019,3
TBQ05C02,Goods Received,20193,2019Q3,IEBYT,Bantry Bay,5,Coastal trade,000 Tonnes,0.0,2019,3
TBQ05C02,Goods Received,20193,2019Q3,IEDRO,Drogheda,-,All regions of trade,000 Tonnes,158.0,2019,3
TBQ05C02,Goods Received,20193,2019Q3,IEDRO,Drogheda,1,Foreign trade: Great Britain and Northern Ireland,000 Tonnes,6.0,2019,3
TBQ05C02,Goods Received,20193,2019Q3,IEDRO,Drogheda,2,Foreign trade: Other EU,000 Tonnes,121.0,2019,3
TBQ05C02,Goods Received,20193,2019Q3,IEDRO,Drogheda,3,Foreign trade: Non-EU,000 Tonnes,19.0,2019,3
TBQ05C02,Goods Received,20193,2019Q3,IEDRO,Drogheda,4,Foreign trade: Other ports,000 Tonnes,3.0,2019,3
TBQ05C02,Goods Received,20193,2019Q3,IEDRO,Drogheda,5,Coastal trade,000 Tonnes,9.0,2019,3
TBQ05C02,Goods Received,20193,2019Q3,IEDUB,Dublin,-,All regions of trade,000 Tonnes,4239.0,2019,3
TBQ05C02,Goods Received,20193,2019Q3,IEDUB,Dublin,1,Foreign trade: Great Britain and Northern Ireland,000 Tonnes,2807.0,2019,3
TBQ05C02,Goods Received,20193,2019Q3,IEDUB,Dublin,2,Foreign trade: Other EU,000 Tonnes,1221.0,2019,3
TBQ05C02,Goods Received,20193,2019Q3,IEDUB,Dublin,3,Foreign trade: Non-EU,000 Tonnes,35.0,2019,3
TBQ05C02,Goods Received,20193,2019Q3,IEDUB,Dublin,4,Foreign trade: Other ports,000 Tonnes,75.0,2019,3
TBQ05C02,Goods Received,20193,2019Q3,IEDUB,Dublin,5,Coastal trade,000 Tonnes,101.0,2019,3
TBQ05C02,Goods Received,20193,2019Q3,IEFOV,Shannon Foynes,-,All regions of trade,000 Tonnes,1762.0,2019,3
TBQ05C02,Goods Received,20193,2019Q3,IEFOV,Shannon Foynes,1,Foreign trade: Great Britain and Northern Ireland,000 Tonnes,106.0,2019,3
TBQ05C02,Goods Received,20193,2019Q3,IEFOV,Shannon Foynes,2,Foreign trade: Other EU,000 Tonnes,718.0,2019,3
TBQ05C02,Goods Received,20193,2019Q3,IEFOV,Shannon Foynes,3,Foreign trade: Non-EU,000 Tonnes,54.0,2019,3
TBQ05C02,Goods Received,20193,2019Q3,IEFOV,Shannon Foynes,4,Foreign trade: Other ports,000 Tonnes,871.0,2019,3
TBQ05C02,Goods Received,20193,2019Q3,IEFOV,Shannon Foynes,5,Coastal trade,000 Tonnes,13.0,2019,3
TBQ05C02,Goods Received,20193,2019Q3,IEORK,Cork,-,All regions of trade,000 Tonnes,1470.0,2019,3
TBQ05C02,Goods Received,20193,2019Q3,IEORK,Cork,1,Foreign trade: Great Britain and Northern Ireland,000 Tonnes,154.0,2019,3
TBQ05C02,Goods Received,20193,2019Q3,IEORK,Cork,2,Foreign trade: Other EU,000 Tonnes,372.0,2019,3
TBQ05C02,Goods Received,20193,2019Q3,IEORK,Cork,3,Foreign trade: Non-EU,000 Tonnes,11.0,2019,3
TBQ05C02,Goods Received,20193,2019Q3,IEORK,Cork,4,Foreign trade: Other ports,000 Tonnes,930.0,2019,3
TBQ05C02,Goods Received,20193,2019Q3,IEORK,Cork,5,Coastal trade,000 Tonnes,3.0,2019,3
TBQ05C02,Goods Received,20193,2019Q3,IEROS,Rosslare,-,All regions of trade,000 Tonnes,234.0,2019,3
TBQ05C02,Goods Received,20193,2019Q3,IEROS,Rosslare,1,Foreign trade: Great Britain and Northern Ireland,000 Tonnes,196.0,2019,3
TBQ05C02,Goods Received,20193,2019Q3,IEROS,Rosslare,2,Foreign trade: Other EU,000 Tonnes,37.0,2019,3
TBQ05C02,Goods Received,20193,2019Q3,IEROS,Rosslare,3,Foreign trade: Non-EU,000 Tonnes,0.0,2019,3
TBQ05C02,Goods Received,20193,2019Q3,IEROS,Rosslare,4,Foreign trade: Other ports,000 Tonnes,0.0,2019,3
TBQ05C02,Goods Received,20193,2019Q3,IEROS,Rosslare,5,Coastal trade,000 Tonnes,0.0,2019,3
TBQ05C02,Goods Received,20193,2019Q3,IEWAT,Waterford,-,All regions of trade,000 Tonnes,244.0,2019,3
TBQ05C02,Goods Received,20193,2019Q3,IEWAT,Waterford,1,Foreign trade: Great Britain and Northern Ireland,000 Tonnes,8.0,2019,3
TBQ05C02,Goods Received,20193,2019Q3,IEWAT,Waterford,2,Foreign trade: Other EU,000 Tonnes,155.0,2019,3
TBQ05C02,Goods Received,20193,2019Q3,IEWAT,Waterford,3,Foreign trade: Non-EU,000 Tonnes,11.0,2019,3
TBQ05C02,Goods Received,20193,2019Q3,IEWAT,Waterford,4,Foreign trade: Other ports,000 Tonnes,69.0,2019,3
TBQ05C02,Goods Received,20193,2019Q3,IEWAT,Waterford,5,Coastal trade,000 Tonnes,0.0,2019,3
TBQ05C02,Goods Received,20194,2019Q4,IEMIP,All Main Irish Ports,-,All regions of trade,000 Tonnes,8437.0,2019,4
TBQ05C02,Goods Received,20194,2019Q4,IEMIP,All Main Irish Ports,1,Foreign trade: Great Britain and Northern Ireland,000 Tonnes,3194.0,2019,4
TBQ05C02,Goods Received,20194,2019Q4,IEMIP,All Main Irish Ports,2,Foreign trade: Other EU,000 Tonnes,3018.0,2019,4
TBQ05C02,Goods Received,20194,2019Q4,IEMIP,All Main Irish Ports,3,Foreign trade: Non-EU,000 Tonnes,482.0,2019,4
TBQ05C02,Goods Received,20194,2019Q4,IEMIP,All Main Irish Ports,4,Foreign trade: Other ports,000 Tonnes,1566.0,2019,4
TBQ05C02,Goods Received,20194,2019Q4,IEMIP,All Main Irish Ports,5,Coastal trade,000 Tonnes,176.0,2019,4
TBQ05C02,Goods Received,20194,2019Q4,IEBYT,Bantry Bay,-,All regions of trade,000 Tonnes,111.0,2019,4
TBQ05C02,Goods Received,20194,2019Q4,IEBYT,Bantry Bay,1,Foreign trade: Great Britain and Northern Ireland,000 Tonnes,0.0,2019,4
TBQ05C02,Goods Received,20194,2019Q4,IEBYT,Bantry Bay,2,Foreign trade: Other EU,000 Tonnes,70.0,2019,4
TBQ05C02,Goods Received,20194,2019Q4,IEBYT,Bantry Bay,3,Foreign trade: Non-EU,000 Tonnes,41.0,2019,4
TBQ05C02,Goods Received,20194,2019Q4,IEBYT,Bantry Bay,4,Foreign trade: Other ports,000 Tonnes,0.0,2019,4
TBQ05C02,Goods Received,20194,2019Q4,IEBYT,Bantry Bay,5,Coastal trade,000 Tonnes,0.0,2019,4
TBQ05C02,Goods Received,20194,2019Q4,IEDRO,Drogheda,-,All regions of trade,000 Tonnes,251.0,2019,4
TBQ05C02,Goods Received,20194,2019Q4,IEDRO,Drogheda,1,Foreign trade: Great Britain and Northern Ireland,000 Tonnes,16.0,2019,4
TBQ05C02,Goods Received,20194,2019Q4,IEDRO,Drogheda,2,Foreign trade: Other EU,000 Tonnes,195.0,2019,4
TBQ05C02,Goods Received,20194,2019Q4,IEDRO,Drogheda,3,Foreign trade: Non-EU,000 Tonnes,26.0,2019,4
TBQ05C02,Goods Received,20194,2019Q4,IEDRO,Drogheda,4,Foreign trade: Other ports,000 Tonnes,10.0,2019,4
TBQ05C02,Goods Received,20194,2019Q4,IEDRO,Drogheda,5,Coastal trade,000 Tonnes,3.0,2019,4
TBQ05C02,Goods Received,20194,2019Q4,IEDUB,Dublin,-,All regions of trade,000 Tonnes,4244.0,2019,4
TBQ05C02,Goods Received,20194,2019Q4,IEDUB,Dublin,1,Foreign trade: Great Britain and Northern Ireland,000 Tonnes,2678.0,2019,4
TBQ05C02,Goods Received,20194,2019Q4,IEDUB,Dublin,2,Foreign trade: Other EU,000 Tonnes,1173.0,2019,4
TBQ05C02,Goods Received,20194,2019Q4,IEDUB,Dublin,3,Foreign trade: Non-EU,000 Tonnes,144.0,2019,4
TBQ05C02,Goods Received,20194,2019Q4,IEDUB,Dublin,4,Foreign trade: Other ports,000 Tonnes,108.0,2019,4
TBQ05C02,Goods Received,20194,2019Q4,IEDUB,Dublin,5,Coastal trade,000 Tonnes,141.0,2019,4
TBQ05C02,Goods Received,20194,2019Q4,IEFOV,Shannon Foynes,-,All regions of trade,000 Tonnes,1753.0,2019,4
TBQ05C02,Goods Received,20194,2019Q4,IEFOV,Shannon Foynes,1,Foreign trade: Great Britain and Northern Ireland,000 Tonnes,141.0,2019,4
TBQ05C02,Goods Received,20194,2019Q4,IEFOV,Shannon Foynes,2,Foreign trade: Other EU,000 Tonnes,791.0,2019,4
TBQ05C02,Goods Received,20194,2019Q4,IEFOV,Shannon Foynes,3,Foreign trade: Non-EU,000 Tonnes,127.0,2019,4
TBQ05C02,Goods Received,20194,2019Q4,IEFOV,Shannon Foynes,4,Foreign trade: Other ports,000 Tonnes,667.0,2019,4
TBQ05C02,Goods Received,20194,2019Q4,IEFOV,Shannon Foynes,5,Coastal trade,000 Tonnes,28.0,2019,4
TBQ05C02,Goods Received,20194,2019Q4,IEORK,Cork,-,All regions of trade,000 Tonnes,1445.0,2019,4
TBQ05C02,Goods Received,20194,2019Q4,IEORK,Cork,1,Foreign trade: Great Britain and Northern Ireland,000 Tonnes,171.0,2019,4
TBQ05C02,Goods Received,20194,2019Q4,IEORK,Cork,2,Foreign trade: Other EU,000 Tonnes,481.0,2019,4
TBQ05C02,Goods Received,20194,2019Q4,IEORK,Cork,3,Foreign trade: Non-EU,000 Tonnes,115.0,2019,4
TBQ05C02,Goods Received,20194,2019Q4,IEORK,Cork,4,Foreign trade: Other ports,000 Tonnes,674.0,2019,4
TBQ05C02,Goods Received,20194,2019Q4,IEORK,Cork,5,Coastal trade,000 Tonnes,5.0,2019,4
TBQ05C02,Goods Received,20194,2019Q4,IEROS,Rosslare,-,All regions of trade,000 Tonnes,206.0,2019,4
TBQ05C02,Goods Received,20194,2019Q4,IEROS,Rosslare,1,Foreign trade: Great Britain and Northern Ireland,000 Tonnes,169.0,2019,4
TBQ05C02,Goods Received,20194,2019Q4,IEROS,Rosslare,2,Foreign trade: Other EU,000 Tonnes,37.0,2019,4
TBQ05C02,Goods Received,20194,2019Q4,IEROS,Rosslare,3,Foreign trade: Non-EU,000 Tonnes,0.0,2019,4
TBQ05C02,Goods Received,20194,2019Q4,IEROS,Rosslare,4,Foreign trade: Other ports,000 Tonnes,0.0,2019,4
TBQ05C02,Goods Received,20194,2019Q4,IEROS,Rosslare,5,Coastal trade,000 Tonnes,0.0,2019,4
TBQ05C02,Goods Received,20194,2019Q4,IEWAT,Waterford,-,All regions of trade,000 Tonnes,426.0,2019,4
TBQ05C02,Goods Received,20194,2019Q4,IEWAT,Waterford,1,Foreign trade: Great Britain and Northern Ireland,000 Tonnes,19.0,2019,4
TBQ05C02,Goods Received,20194,2019Q4,IEWAT,Waterford,2,Foreign trade: Other EU,000 Tonnes,271.0,2019,4
TBQ05C02,Goods Received,20194,2019Q4,IEWAT,Waterford,3,Foreign trade: Non-EU,000 Tonnes,29.0,2019,4
TBQ05C02,Goods Received,20194,2019Q4,IEWAT,Waterford,4,Foreign trade: Other ports,000 Tonnes,107.0,2019,4
TBQ05C02,Goods Received,20194,2019Q4,IEWAT,Waterford,5,Coastal trade,000 Tonnes,0.0,2019,4
TBQ05C02,Goods Received,20201,2020Q1,IEMIP,All Main Irish Ports,-,All regions of trade,000 Tonnes,8287.0,2020,1
TBQ05C02,Goods Received,20201,2020Q1,IEMIP,All Main Irish Ports,1,Foreign trade: Great Britain and Northern Ireland,000 Tonnes,3034.0,2020,1
TBQ05C02,Goods Received,20201,2020Q1,IEMIP,All Main Irish Ports,2,Foreign trade: Other EU,000 Tonnes,2771.0,2020,1
TBQ05C02,Goods Received,20201,2020Q1,IEMIP,All Main Irish Ports,3,Foreign trade: Non-EU,000 Tonnes,393.0,2020,1
TBQ05C02,Goods Received,20201,2020Q1,IEMIP,All Main Irish Ports,4,Foreign trade: Other ports,000 Tonnes,1880.0,2020,1
TBQ05C02,Goods Received,20201,2020Q1,IEMIP,All Main Irish Ports,5,Coastal trade,000 Tonnes,210.0,2020,1
TBQ05C02,Goods Received,20201,2020Q1,IEBYT,Bantry Bay,-,All regions of trade,000 Tonnes,214.0,2020,1
TBQ05C02,Goods Received,20201,2020Q1,IEBYT,Bantry Bay,1,Foreign trade: Great Britain and Northern Ireland,000 Tonnes,30.0,2020,1
TBQ05C02,Goods Received,20201,2020Q1,IEBYT,Bantry Bay,2,Foreign trade: Other EU,000 Tonnes,184.0,2020,1
TBQ05C02,Goods Received,20201,2020Q1,IEBYT,Bantry Bay,3,Foreign trade: Non-EU,000 Tonnes,0.0,2020,1
TBQ05C02,Goods Received,20201,2020Q1,IEBYT,Bantry Bay,4,Foreign trade: Other ports,000 Tonnes,0.0,2020,1
TBQ05C02,Goods Received,20201,2020Q1,IEBYT,Bantry Bay,5,Coastal trade,000 Tonnes,0.0,2020,1
TBQ05C02,Goods Received,20201,2020Q1,IEDRO,Drogheda,-,All regions of trade,000 Tonnes,204.0,2020,1
TBQ05C02,Goods Received,20201,2020Q1,IEDRO,Drogheda,1,Foreign trade: Great Britain and Northern Ireland,000 Tonnes,11.0,2020,1
TBQ05C02,Goods Received,20201,2020Q1,IEDRO,Drogheda,2,Foreign trade: Other EU,000 Tonnes,148.0,2020,1
TBQ05C02,Goods Received,20201,2020Q1,IEDRO,Drogheda,3,Foreign trade: Non-EU,000 Tonnes,20.0,2020,1
TBQ05C02,Goods Received,20201,2020Q1,IEDRO,Drogheda,4,Foreign trade: Other ports,000 Tonnes,22.0,2020,1
TBQ05C02,Goods Received,20201,2020Q1,IEDRO,Drogheda,5,Coastal trade,000 Tonnes,2.0,2020,1
TBQ05C02,Goods Received,20201,2020Q1,IEDUB,Dublin,-,All regions of trade,000 Tonnes,4121.0,2020,1
TBQ05C02,Goods Received,20201,2020Q1,IEDUB,Dublin,1,Foreign trade: Great Britain and Northern Ireland,000 Tonnes,2545.0,2020,1
TBQ05C02,Goods Received,20201,2020Q1,IEDUB,Dublin,2,Foreign trade: Other EU,000 Tonnes,1301.0,2020,1
TBQ05C02,Goods Received,20201,2020Q1,IEDUB,Dublin,3,Foreign trade: Non-EU,000 Tonnes,95.0,2020,1
TBQ05C02,Goods Received,20201,2020Q1,IEDUB,Dublin,4,Foreign trade: Other ports,000 Tonnes,32.0,2020,1
TBQ05C02,Goods Received,20201,2020Q1,IEDUB,Dublin,5,Coastal trade,000 Tonnes,148.0,2020,1
TBQ05C02,Goods Received,20201,2020Q1,IEFOV,Shannon Foynes,-,All regions of trade,000 Tonnes,1728.0,2020,1
TBQ05C02,Goods Received,20201,2020Q1,IEFOV,Shannon Foynes,1,Foreign trade: Great Britain and Northern Ireland,000 Tonnes,132.0,2020,1
TBQ05C02,Goods Received,20201,2020Q1,IEFOV,Shannon Foynes,2,Foreign trade: Other EU,000 Tonnes,458.0,2020,1
TBQ05C02,Goods Received,20201,2020Q1,IEFOV,Shannon Foynes,3,Foreign trade: Non-EU,000 Tonnes,93.0,2020,1
TBQ05C02,Goods Received,20201,2020Q1,IEFOV,Shannon Foynes,4,Foreign trade: Other ports,000 Tonnes,993.0,2020,1
TBQ05C02,Goods Received,20201,2020Q1,IEFOV,Shannon Foynes,5,Coastal trade,000 Tonnes,52.0,2020,1
TBQ05C02,Goods Received,20201,2020Q1,IEORK,Cork,-,All regions of trade,000 Tonnes,1456.0,2020,1
TBQ05C02,Goods Received,20201,2020Q1,IEORK,Cork,1,Foreign trade: Great Britain and Northern Ireland,000 Tonnes,141.0,2020,1
TBQ05C02,Goods Received,20201,2020Q1,IEORK,Cork,2,Foreign trade: Other EU,000 Tonnes,380.0,2020,1
TBQ05C02,Goods Received,20201,2020Q1,IEORK,Cork,3,Foreign trade: Non-EU,000 Tonnes,126.0,2020,1
TBQ05C02,Goods Received,20201,2020Q1,IEORK,Cork,4,Foreign trade: Other ports,000 Tonnes,801.0,2020,1
TBQ05C02,Goods Received,20201,2020Q1,IEORK,Cork,5,Coastal trade,000 Tonnes,8.0,2020,1
TBQ05C02,Goods Received,20201,2020Q1,IEROS,Rosslare,-,All regions of trade,000 Tonnes,206.0,2020,1
TBQ05C02,Goods Received,20201,2020Q1,IEROS,Rosslare,1,Foreign trade: Great Britain and Northern Ireland,000 Tonnes,162.0,2020,1
TBQ05C02,Goods Received,20201,2020Q1,IEROS,Rosslare,2,Foreign trade: Other EU,000 Tonnes,44.0,2020,1
TBQ05C02,Goods Received,20201,2020Q1,IEROS,Rosslare,3,Foreign trade: Non-EU,000 Tonnes,0.0,2020,1
TBQ05C02,Goods Received,20201,2020Q1,IEROS,Rosslare,4,Foreign trade: Other ports,000 Tonnes,0.0,2020,1
TBQ05C02,Goods Received,20201,2020Q1,IEROS,Rosslare,5,Coastal trade,000 Tonnes,0.0,2020,1
TBQ05C02,Goods Received,20201,2020Q1,IEWAT,Waterford,-,All regions of trade,000 Tonnes,359.0,2020,1
TBQ05C02,Goods Received,20201,2020Q1,IEWAT,Waterford,1,Foreign trade: Great Britain and Northern Ireland,000 Tonnes,12.0,2020,1
TBQ05C02,Goods Received,20201,2020Q1,IEWAT,Waterford,2,Foreign trade: Other EU,000 Tonnes,256.0,2020,1
TBQ05C02,Goods Received,20201,2020Q1,IEWAT,Waterford,3,Foreign trade: Non-EU,000 Tonnes,58.0,2020,1
TBQ05C02,Goods Received,20201,2020Q1,IEWAT,Waterford,4,Foreign trade: Other ports,000 Tonnes,32.0,2020,1
TBQ05C02,Goods Received,20201,2020Q1,IEWAT,Waterford,5,Coastal trade,000 Tonnes,0.0,2020,1
TBQ05C02,Goods Received,20202,2020Q2,IEMIP,All Main Irish Ports,-,All regions of trade,000 Tonnes,7118.0,2020,2
TBQ05C02,Goods Received,20202,2020Q2,IEMIP,All Main Irish Ports,1,Foreign trade: Great Britain and Northern Ireland,000 Tonnes,2456.0,2020,2
TBQ05C02,Goods Received,20202,2020Q2,IEMIP,All Main Irish Ports,2,Foreign trade: Other EU,000 Tonnes,2382.0,2020,2
TBQ05C02,Goods Received,20202,2020Q2,IEMIP,All Main Irish Ports,3,Foreign trade: Non-EU,000 Tonnes,376.0,2020,2
TBQ05C02,Goods Received,20202,2020Q2,IEMIP,All Main Irish Ports,4,Foreign trade: Other ports,000 Tonnes,1744.0,2020,2
TBQ05C02,Goods Received,20202,2020Q2,IEMIP,All Main Irish Ports,5,Coastal trade,000 Tonnes,160.0,2020,2
TBQ05C02,Goods Received,20202,2020Q2,IEBYT,Bantry Bay,-,All regions of trade,000 Tonnes,340.0,2020,2
TBQ05C02,Goods Received,20202,2020Q2,IEBYT,Bantry Bay,1,Foreign trade: Great Britain and Northern Ireland,000 Tonnes,0.0,2020,2
TBQ05C02,Goods Received,20202,2020Q2,IEBYT,Bantry Bay,2,Foreign trade: Other EU,000 Tonnes,67.0,2020,2
TBQ05C02,Goods Received,20202,2020Q2,IEBYT,Bantry Bay,3,Foreign trade: Non-EU,000 Tonnes,65.0,2020,2
TBQ05C02,Goods Received,20202,2020Q2,IEBYT,Bantry Bay,4,Foreign trade: Other ports,000 Tonnes,207.0,2020,2
TBQ05C02,Goods Received,20202,2020Q2,IEBYT,Bantry Bay,5,Coastal trade,000 Tonnes,0.0,2020,2
TBQ05C02,Goods Received,20202,2020Q2,IEDRO,Drogheda,-,All regions of trade,000 Tonnes,135.0,2020,2
TBQ05C02,Goods Received,20202,2020Q2,IEDRO,Drogheda,1,Foreign trade: Great Britain and Northern Ireland,000 Tonnes,13.0,2020,2
TBQ05C02,Goods Received,20202,2020Q2,IEDRO,Drogheda,2,Foreign trade: Other EU,000 Tonnes,109.0,2020,2
TBQ05C02,Goods Received,20202,2020Q2,IEDRO,Drogheda,3,Foreign trade: Non-EU,000 Tonnes,7.0,2020,2
TBQ05C02,Goods Received,20202,2020Q2,IEDRO,Drogheda,4,Foreign trade: Other ports,000 Tonnes,5.0,2020,2
TBQ05C02,Goods Received,20202,2020Q2,IEDRO,Drogheda,5,Coastal trade,000 Tonnes,1.0,2020,2
TBQ05C02,Goods Received,20202,2020Q2,IEDUB,Dublin,-,All regions of trade,000 Tonnes,3220.0,2020,2
TBQ05C02,Goods Received,20202,2020Q2,IEDUB,Dublin,1,Foreign trade: Great Britain and Northern Ireland,000 Tonnes,2192.0,2020,2
TBQ05C02,Goods Received,20202,2020Q2,IEDUB,Dublin,2,Foreign trade: Other EU,000 Tonnes,866.0,2020,2
TBQ05C02,Goods Received,20202,2020Q2,IEDUB,Dublin,3,Foreign trade: Non-EU,000 Tonnes,17.0,2020,2
TBQ05C02,Goods Received,20202,2020Q2,IEDUB,Dublin,4,Foreign trade: Other ports,000 Tonnes,4.0,2020,2
TBQ05C02,Goods Received,20202,2020Q2,IEDUB,Dublin,5,Coastal trade,000 Tonnes,140.0,2020,2
TBQ05C02,Goods Received,20202,2020Q2,IEFOV,Shannon Foynes,-,All regions of trade,000 Tonnes,1627.0,2020,2
TBQ05C02,Goods Received,20202,2020Q2,IEFOV,Shannon Foynes,1,Foreign trade: Great Britain and Northern Ireland,000 Tonnes,118.0,2020,2
TBQ05C02,Goods Received,20202,2020Q2,IEFOV,Shannon Foynes,2,Foreign trade: Other EU,000 Tonnes,699.0,2020,2
TBQ05C02,Goods Received,20202,2020Q2,IEFOV,Shannon Foynes,3,Foreign trade: Non-EU,000 Tonnes,48.0,2020,2
TBQ05C02,Goods Received,20202,2020Q2,IEFOV,Shannon Foynes,4,Foreign trade: Other ports,000 Tonnes,745.0,2020,2
TBQ05C02,Goods Received,20202,2020Q2,IEFOV,Shannon Foynes,5,Coastal trade,000 Tonnes,17.0,2020,2
TBQ05C02,Goods Received,20202,2020Q2,IEORK,Cork,-,All regions of trade,000 Tonnes,1354.0,2020,2
TBQ05C02,Goods Received,20202,2020Q2,IEORK,Cork,1,Foreign trade: Great Britain and Northern Ireland,000 Tonnes,75.0,2020,2
TBQ05C02,Goods Received,20202,2020Q2,IEORK,Cork,2,Foreign trade: Other EU,000 Tonnes,394.0,2020,2
TBQ05C02,Goods Received,20202,2020Q2,IEORK,Cork,3,Foreign trade: Non-EU,000 Tonnes,161.0,2020,2
TBQ05C02,Goods Received,20202,2020Q2,IEORK,Cork,4,Foreign trade: Other ports,000 Tonnes,723.0,2020,2
TBQ05C02,Goods Received,20202,2020Q2,IEORK,Cork,5,Coastal trade,000 Tonnes,2.0,2020,2
TBQ05C02,Goods Received,20202,2020Q2,IEROS,Rosslare,-,All regions of trade,000 Tonnes,58.0,2020,2
TBQ05C02,Goods Received,20202,2020Q2,IEROS,Rosslare,1,Foreign trade: Great Britain and Northern Ireland,000 Tonnes,44.0,2020,2
TBQ05C02,Goods Received,20202,2020Q2,IEROS,Rosslare,2,Foreign trade: Other EU,000 Tonnes,14.0,2020,2
TBQ05C02,Goods Received,20202,2020Q2,IEROS,Rosslare,3,Foreign trade: Non-EU,000 Tonnes,0.0,2020,2
TBQ05C02,Goods Received,20202,2020Q2,IEROS,Rosslare,4,Foreign trade: Other ports,000 Tonnes,0.0,2020,2
TBQ05C02,Goods Received,20202,2020Q2,IEROS,Rosslare,5,Coastal trade,000 Tonnes,0.0,2020,2
TBQ05C02,Goods Received,20202,2020Q2,IEWAT,Waterford,-,All regions of trade,000 Tonnes,384.0,2020,2
TBQ05C02,Goods Received,20202,2020Q2,IEWAT,Waterford,1,Foreign trade: Great Britain and Northern Ireland,000 Tonnes,13.0,2020,2
TBQ05C02,Goods Received,20202,2020Q2,IEWAT,Waterford,2,Foreign trade: Other EU,000 Tonnes,233.0,2020,2
TBQ05C02,Goods Received,20202,2020Q2,IEWAT,Waterford,3,Foreign trade: Non-EU,000 Tonnes,79.0,2020,2
TBQ05C02,Goods Received,20202,2020Q2,IEWAT,Waterford,4,Foreign trade: Other ports,000 Tonnes,59.0,2020,2
TBQ05C02,Goods Received,20202,2020Q2,IEWAT,Waterford,5,Coastal trade,000 Tonnes,0.0,2020,2
TBQ05C02,Goods Received,20203,2020Q3,IEMIP,All Main Irish Ports,-,All regions of trade,000 Tonnes,8249.0,2020,3
TBQ05C02,Goods Received,20203,2020Q3,IEMIP,All Main Irish Ports,1,Foreign trade: Great Britain and Northern Ireland,000 Tonnes,3104.0,2020,3
TBQ05C02,Goods Received,20203,2020Q3,IEMIP,All Main Irish Ports,2,Foreign trade: Other EU,000 Tonnes,2962.0,2020,3
TBQ05C02,Goods Received,20203,2020Q3,IEMIP,All Main Irish Ports,3,Foreign trade: Non-EU,000 Tonnes,444.0,2020,3
TBQ05C02,Goods Received,20203,2020Q3,IEMIP,All Main Irish Ports,4,Foreign trade: Other ports,000 Tonnes,1584.0,2020,3
TBQ05C02,Goods Received,20203,2020Q3,IEMIP,All Main Irish Ports,5,Coastal trade,000 Tonnes,155.0,2020,3
TBQ05C02,Goods Received,20203,2020Q3,IEBYT,Bantry Bay,-,All regions of trade,000 Tonnes,209.0,2020,3
TBQ05C02,Goods Received,20203,2020Q3,IEBYT,Bantry Bay,1,Foreign trade: Great Britain and Northern Ireland,000 Tonnes,209.0,2020,3
TBQ05C02,Goods Received,20203,2020Q3,IEBYT,Bantry Bay,2,Foreign trade: Other EU,000 Tonnes,0.0,2020,3
TBQ05C02,Goods Received,20203,2020Q3,IEBYT,Bantry Bay,3,Foreign trade: Non-EU,000 Tonnes,0.0,2020,3
TBQ05C02,Goods Received,20203,2020Q3,IEBYT,Bantry Bay,4,Foreign trade: Other ports,000 Tonnes,0.0,2020,3
TBQ05C02,Goods Received,20203,2020Q3,IEBYT,Bantry Bay,5,Coastal trade,000 Tonnes,0.0,2020,3
TBQ05C02,Goods Received,20203,2020Q3,IEDRO,Drogheda,-,All regions of trade,000 Tonnes,179.0,2020,3
TBQ05C02,Goods Received,20203,2020Q3,IEDRO,Drogheda,1,Foreign trade: Great Britain and Northern Ireland,000 Tonnes,17.0,2020,3
TBQ05C02,Goods Received,20203,2020Q3,IEDRO,Drogheda,2,Foreign trade: Other EU,000 Tonnes,122.0,2020,3
TBQ05C02,Goods Received,20203,2020Q3,IEDRO,Drogheda,3,Foreign trade: Non-EU,000 Tonnes,39.0,2020,3
TBQ05C02,Goods Received,20203,2020Q3,IEDRO,Drogheda,4,Foreign trade: Other ports,000 Tonnes,0.0,2020,3
TBQ05C02,Goods Received,20203,2020Q3,IEDRO,Drogheda,5,Coastal trade,000 Tonnes,1.0,2020,3
TBQ05C02,Goods Received,20203,2020Q3,IEDUB,Dublin,-,All regions of trade,000 Tonnes,4149.0,2020,3
TBQ05C02,Goods Received,20203,2020Q3,IEDUB,Dublin,1,Foreign trade: Great Britain and Northern Ireland,000 Tonnes,2560.0,2020,3
TBQ05C02,Goods Received,20203,2020Q3,IEDUB,Dublin,2,Foreign trade: Other EU,000 Tonnes,1321.0,2020,3
TBQ05C02,Goods Received,20203,2020Q3,IEDUB,Dublin,3,Foreign trade: Non-EU,000 Tonnes,90.0,2020,3
TBQ05C02,Goods Received,20203,2020Q3,IEDUB,Dublin,4,Foreign trade: Other ports,000 Tonnes,43.0,2020,3
TBQ05C02,Goods Received,20203,2020Q3,IEDUB,Dublin,5,Coastal trade,000 Tonnes,134.0,2020,3
TBQ05C02,Goods Received,20203,2020Q3,IEFOV,Shannon Foynes,-,All regions of trade,000 Tonnes,1757.0,2020,3
TBQ05C02,Goods Received,20203,2020Q3,IEFOV,Shannon Foynes,1,Foreign trade: Great Britain and Northern Ireland,000 Tonnes,85.0,2020,3
TBQ05C02,Goods Received,20203,2020Q3,IEFOV,Shannon Foynes,2,Foreign trade: Other EU,000 Tonnes,806.0,2020,3
TBQ05C02,Goods Received,20203,2020Q3,IEFOV,Shannon Foynes,3,Foreign trade: Non-EU,000 Tonnes,79.0,2020,3
TBQ05C02,Goods Received,20203,2020Q3,IEFOV,Shannon Foynes,4,Foreign trade: Other ports,000 Tonnes,768.0,2020,3
TBQ05C02,Goods Received,20203,2020Q3,IEFOV,Shannon Foynes,5,Coastal trade,000 Tonnes,19.0,2020,3
TBQ05C02,Goods Received,20203,2020Q3,IEORK,Cork,-,All regions of trade,000 Tonnes,1385.0,2020,3
TBQ05C02,Goods Received,20203,2020Q3,IEORK,Cork,1,Foreign trade: Great Britain and Northern Ireland,000 Tonnes,78.0,2020,3
TBQ05C02,Goods Received,20203,2020Q3,IEORK,Cork,2,Foreign trade: Other EU,000 Tonnes,390.0,2020,3
TBQ05C02,Goods Received,20203,2020Q3,IEORK,Cork,3,Foreign trade: Non-EU,000 Tonnes,194.0,2020,3
TBQ05C02,Goods Received,20203,2020Q3,IEORK,Cork,4,Foreign trade: Other ports,000 Tonnes,720.0,2020,3
TBQ05C02,Goods Received,20203,2020Q3,IEORK,Cork,5,Coastal trade,000 Tonnes,2.0,2020,3
TBQ05C02,Goods Received,20203,2020Q3,IEROS,Rosslare,-,All regions of trade,000 Tonnes,192.0,2020,3
TBQ05C02,Goods Received,20203,2020Q3,IEROS,Rosslare,1,Foreign trade: Great Britain and Northern Ireland,000 Tonnes,150.0,2020,3
TBQ05C02,Goods Received,20203,2020Q3,IEROS,Rosslare,2,Foreign trade: Other EU,000 Tonnes,42.0,2020,3
TBQ05C02,Goods Received,20203,2020Q3,IEROS,Rosslare,3,Foreign trade: Non-EU,000 Tonnes,0.0,2020,3
TBQ05C02,Goods Received,20203,2020Q3,IEROS,Rosslare,4,Foreign trade: Other ports,000 Tonnes,0.0,2020,3
TBQ05C02,Goods Received,20203,2020Q3,IEROS,Rosslare,5,Coastal trade,000 Tonnes,0.0,2020,3
TBQ05C02,Goods Received,20203,2020Q3,IEWAT,Waterford,-,All regions of trade,000 Tonnes,378.0,2020,3
TBQ05C02,Goods Received,20203,2020Q3,IEWAT,Waterford,1,Foreign trade: Great Britain and Northern Ireland,000 Tonnes,4.0,2020,3
TBQ05C02,Goods Received,20203,2020Q3,IEWAT,Waterford,2,Foreign trade: Other EU,000 Tonnes,281.0,2020,3
TBQ05C02,Goods Received,20203,2020Q3,IEWAT,Waterford,3,Foreign trade: Non-EU,000 Tonnes,41.0,2020,3
TBQ05C02,Goods Received,20203,2020Q3,IEWAT,Waterford,4,Foreign trade: Other ports,000 Tonnes,52.0,2020,3
TBQ05C02,Goods Received,20203,2020Q3,IEWAT,Waterford,5,Coastal trade,000 Tonnes,0.0,2020,3
TBQ05C02,Goods Received,20204,2020Q4,IEMIP,All Main Irish Ports,-,All regions of trade,000 Tonnes,8790.0,2020,4
TBQ05C02,Goods Received,20204,2020Q4,IEMIP,All Main Irish Ports,1,Foreign trade: Great Britain and Northern Ireland,000 Tonnes,3385.0,2020,4
TBQ05C02,Goods Received,20204,2020Q4,IEMIP,All Main Irish Ports,2,Foreign trade: Other EU,000 Tonnes,3317.0,2020,4
TBQ05C02,Goods Received,20204,2020Q4,IEMIP,All Main Irish Ports,3,Foreign trade: Non-EU,000 Tonnes,346.0,2020,4
TBQ05C02,Goods Received,20204,2020Q4,IEMIP,All Main Irish Ports,4,Foreign trade: Other ports,000 Tonnes,1570.0,2020,4
TBQ05C02,Goods Received,20204,2020Q4,IEMIP,All Main Irish Ports,5,Coastal trade,000 Tonnes,171.0,2020,4
TBQ05C02,Goods Received,20204,2020Q4,IEBYT,Bantry Bay,-,All regions of trade,000 Tonnes,0.0,2020,4
TBQ05C02,Goods Received,20204,2020Q4,IEBYT,Bantry Bay,1,Foreign trade: Great Britain and Northern Ireland,000 Tonnes,0.0,2020,4
TBQ05C02,Goods Received,20204,2020Q4,IEBYT,Bantry Bay,2,Foreign trade: Other EU,000 Tonnes,0.0,2020,4
TBQ05C02,Goods Received,20204,2020Q4,IEBYT,Bantry Bay,3,Foreign trade: Non-EU,000 Tonnes,0.0,2020,4
TBQ05C02,Goods Received,20204,2020Q4,IEBYT,Bantry Bay,4,Foreign trade: Other ports,000 Tonnes,0.0,2020,4
TBQ05C02,Goods Received,20204,2020Q4,IEBYT,Bantry Bay,5,Coastal trade,000 Tonnes,0.0,2020,4
TBQ05C02,Goods Received,20204,2020Q4,IEDRO,Drogheda,-,All regions of trade,000 Tonnes,215.0,2020,4
TBQ05C02,Goods Received,20204,2020Q4,IEDRO,Drogheda,1,Foreign trade: Great Britain and Northern Ireland,000 Tonnes,37.0,2020,4
TBQ05C02,Goods Received,20204,2020Q4,IEDRO,Drogheda,2,Foreign trade: Other EU,000 Tonnes,136.0,2020,4
TBQ05C02,Goods Received,20204,2020Q4,IEDRO,Drogheda,3,Foreign trade: Non-EU,000 Tonnes,28.0,2020,4
TBQ05C02,Goods Received,20204,2020Q4,IEDRO,Drogheda,4,Foreign trade: Other ports,000 Tonnes,11.0,2020,4
TBQ05C02,Goods Received,20204,2020Q4,IEDRO,Drogheda,5,Coastal trade,000 Tonnes,3.0,2020,4
TBQ05C02,Goods Received,20204,2020Q4,IEDUB,Dublin,-,All regions of trade,000 Tonnes,4558.0,2020,4
TBQ05C02,Goods Received,20204,2020Q4,IEDUB,Dublin,1,Foreign trade: Great Britain and Northern Ireland,000 Tonnes,2826.0,2020,4
TBQ05C02,Goods Received,20204,2020Q4,IEDUB,Dublin,2,Foreign trade: Other EU,000 Tonnes,1488.0,2020,4
TBQ05C02,Goods Received,20204,2020Q4,IEDUB,Dublin,3,Foreign trade: Non-EU,000 Tonnes,75.0,2020,4
TBQ05C02,Goods Received,20204,2020Q4,IEDUB,Dublin,4,Foreign trade: Other ports,000 Tonnes,12.0,2020,4
TBQ05C02,Goods Received,20204,2020Q4,IEDUB,Dublin,5,Coastal trade,000 Tonnes,158.0,2020,4
TBQ05C02,Goods Received,20204,2020Q4,IEFOV,Shannon Foynes,-,All regions of trade,000 Tonnes,1951.0,2020,4
TBQ05C02,Goods Received,20204,2020Q4,IEFOV,Shannon Foynes,1,Foreign trade: Great Britain and Northern Ireland,000 Tonnes,90.0,2020,4
TBQ05C02,Goods Received,20204,2020Q4,IEFOV,Shannon Foynes,2,Foreign trade: Other EU,000 Tonnes,1035.0,2020,4
TBQ05C02,Goods Received,20204,2020Q4,IEFOV,Shannon Foynes,3,Foreign trade: Non-EU,000 Tonnes,175.0,2020,4
TBQ05C02,Goods Received,20204,2020Q4,IEFOV,Shannon Foynes,4,Foreign trade: Other ports,000 Tonnes,644.0,2020,4
TBQ05C02,Goods Received,20204,2020Q4,IEFOV,Shannon Foynes,5,Coastal trade,000 Tonnes,8.0,2020,4
TBQ05C02,Goods Received,20204,2020Q4,IEORK,Cork,-,All regions of trade,000 Tonnes,1421.0,2020,4
TBQ05C02,Goods Received,20204,2020Q4,IEORK,Cork,1,Foreign trade: Great Britain and Northern Ireland,000 Tonnes,193.0,2020,4
TBQ05C02,Goods Received,20204,2020Q4,IEORK,Cork,2,Foreign trade: Other EU,000 Tonnes,387.0,2020,4
TBQ05C02,Goods Received,20204,2020Q4,IEORK,Cork,3,Foreign trade: Non-EU,000 Tonnes,27.0,2020,4
TBQ05C02,Goods Received,20204,2020Q4,IEORK,Cork,4,Foreign trade: Other ports,000 Tonnes,814.0,2020,4
TBQ05C02,Goods Received,20204,2020Q4,IEORK,Cork,5,Coastal trade,000 Tonnes,1.0,2020,4
TBQ05C02,Goods Received,20204,2020Q4,IEROS,Rosslare,-,All regions of trade,000 Tonnes,247.0,2020,4
TBQ05C02,Goods Received,20204,2020Q4,IEROS,Rosslare,1,Foreign trade: Great Britain and Northern Ireland,000 Tonnes,198.0,2020,4
TBQ05C02,Goods Received,20204,2020Q4,IEROS,Rosslare,2,Foreign trade: Other EU,000 Tonnes,48.0,2020,4
TBQ05C02,Goods Received,20204,2020Q4,IEROS,Rosslare,3,Foreign trade: Non-EU,000 Tonnes,0.0,2020,4
TBQ05C02,Goods Received,20204,2020Q4,IEROS,Rosslare,4,Foreign trade: Other ports,000 Tonnes,0.0,2020,4
TBQ05C02,Goods Received,20204,2020Q4,IEROS,Rosslare,5,Coastal trade,000 Tonnes,0.0,2020,4
TBQ05C02,Goods Received,20204,2020Q4,IEWAT,Waterford,-,All regions of trade,000 Tonnes,397.0,2020,4
TBQ05C02,Goods Received,20204,2020Q4,IEWAT,Waterford,1,Foreign trade: Great Britain and Northern Ireland,000 Tonnes,41.0,2020,4
TBQ05C02,Goods Received,20204,2020Q4,IEWAT,Waterford,2,Foreign trade: Other EU,000 Tonnes,223.0,2020,4
TBQ05C02,Goods Received,20204,2020Q4,IEWAT,Waterford,3,Foreign trade: Non-EU,000 Tonnes,41.0,2020,4
TBQ05C02,Goods Received,20204,2020Q4,IEWAT,Waterford,4,Foreign trade: Other ports,000 Tonnes,90.0,2020,4
TBQ05C02,Goods Received,20204,2020Q4,IEWAT,Waterford,5,Coastal trade,000 Tonnes,2.0,2020,4
TBQ05C02,Goods Received,20211,2021Q1,IEMIP,All Main Irish Ports,-,All regions of trade,000 Tonnes,8077.0,2021,1
TBQ05C02,Goods Received,20211,2021Q1,IEMIP,All Main Irish Ports,1,Foreign trade: Great Britain and Northern Ireland,000 Tonnes,2194.0,2021,1
TBQ05C02,Goods Received,20211,2021Q1,IEMIP,All Main Irish Ports,2,Foreign trade: Other EU,000 Tonnes,3205.0,2021,1
TBQ05C02,Goods Received,20211,2021Q1,IEMIP,All Main Irish Ports,3,Foreign trade: Non-EU,000 Tonnes,625.0,2021,1
TBQ05C02,Goods Received,20211,2021Q1,IEMIP,All Main Irish Ports,4,Foreign trade: Other ports,000 Tonnes,1871.0,2021,1
TBQ05C02,Goods Received,20211,2021Q1,IEMIP,All Main Irish Ports,5,Coastal trade,000 Tonnes,181.0,2021,1
TBQ05C02,Goods Received,20211,2021Q1,IEBYT,Bantry Bay,-,All regions of trade,000 Tonnes,0.0,2021,1
TBQ05C02,Goods Received,20211,2021Q1,IEBYT,Bantry Bay,1,Foreign trade: Great Britain and Northern Ireland,000 Tonnes,0.0,2021,1
TBQ05C02,Goods Received,20211,2021Q1,IEBYT,Bantry Bay,2,Foreign trade: Other EU,000 Tonnes,0.0,2021,1
TBQ05C02,Goods Received,20211,2021Q1,IEBYT,Bantry Bay,3,Foreign trade: Non-EU,000 Tonnes,0.0,2021,1
TBQ05C02,Goods Received,20211,2021Q1,IEBYT,Bantry Bay,4,Foreign trade: Other ports,000 Tonnes,0.0,2021,1
TBQ05C02,Goods Received,20211,2021Q1,IEBYT,Bantry Bay,5,Coastal trade,000 Tonnes,0.0,2021,1
TBQ05C02,Goods Received,20211,2021Q1,IEDRO,Drogheda,-,All regions of trade,000 Tonnes,230.0,2021,1
TBQ05C02,Goods Received,20211,2021Q1,IEDRO,Drogheda,1,Foreign trade: Great Britain and Northern Ireland,000 Tonnes,15.0,2021,1
TBQ05C02,Goods Received,20211,2021Q1,IEDRO,Drogheda,2,Foreign trade: Other EU,000 Tonnes,161.0,2021,1
TBQ05C02,Goods Received,20211,2021Q1,IEDRO,Drogheda,3,Foreign trade: Non-EU,000 Tonnes,14.0,2021,1
TBQ05C02,Goods Received,20211,2021Q1,IEDRO,Drogheda,4,Foreign trade: Other ports,000 Tonnes,33.0,2021,1
TBQ05C02,Goods Received,20211,2021Q1,IEDRO,Drogheda,5,Coastal trade,000 Tonnes,7.0,2021,1
TBQ05C02,Goods Received,20211,2021Q1,IEDUB,Dublin,-,All regions of trade,000 Tonnes,3640.0,2021,1
TBQ05C02,Goods Received,20211,2021Q1,IEDUB,Dublin,1,Foreign trade: Great Britain and Northern Ireland,000 Tonnes,1841.0,2021,1
TBQ05C02,Goods Received,20211,2021Q1,IEDUB,Dublin,2,Foreign trade: Other EU,000 Tonnes,1492.0,2021,1
TBQ05C02,Goods Received,20211,2021Q1,IEDUB,Dublin,3,Foreign trade: Non-EU,000 Tonnes,120.0,2021,1
TBQ05C02,Goods Received,20211,2021Q1,IEDUB,Dublin,4,Foreign trade: Other ports,000 Tonnes,66.0,2021,1
TBQ05C02,Goods Received,20211,2021Q1,IEDUB,Dublin,5,Coastal trade,000 Tonnes,121.0,2021,1
TBQ05C02,Goods Received,20211,2021Q1,IEFOV,Shannon Foynes,-,All regions of trade,000 Tonnes,1981.0,2021,1
TBQ05C02,Goods Received,20211,2021Q1,IEFOV,Shannon Foynes,1,Foreign trade: Great Britain and Northern Ireland,000 Tonnes,71.0,2021,1
TBQ05C02,Goods Received,20211,2021Q1,IEFOV,Shannon Foynes,2,Foreign trade: Other EU,000 Tonnes,573.0,2021,1
TBQ05C02,Goods Received,20211,2021Q1,IEFOV,Shannon Foynes,3,Foreign trade: Non-EU,000 Tonnes,395.0,2021,1
TBQ05C02,Goods Received,20211,2021Q1,IEFOV,Shannon Foynes,4,Foreign trade: Other ports,000 Tonnes,892.0,2021,1
TBQ05C02,Goods Received,20211,2021Q1,IEFOV,Shannon Foynes,5,Coastal trade,000 Tonnes,50.0,2021,1
TBQ05C02,Goods Received,20211,2021Q1,IEORK,Cork,-,All regions of trade,000 Tonnes,1447.0,2021,1
TBQ05C02,Goods Received,20211,2021Q1,IEORK,Cork,1,Foreign trade: Great Britain and Northern Ireland,000 Tonnes,169.0,2021,1
TBQ05C02,Goods Received,20211,2021Q1,IEORK,Cork,2,Foreign trade: Other EU,000 Tonnes,406.0,2021,1
TBQ05C02,Goods Received,20211,2021Q1,IEORK,Cork,3,Foreign trade: Non-EU,000 Tonnes,54.0,2021,1
TBQ05C02,Goods Received,20211,2021Q1,IEORK,Cork,4,Foreign trade: Other ports,000 Tonnes,814.0,2021,1
TBQ05C02,Goods Received,20211,2021Q1,IEORK,Cork,5,Coastal trade,000 Tonnes,3.0,2021,1
TBQ05C02,Goods Received,20211,2021Q1,IEROS,Rosslare,-,All regions of trade,000 Tonnes,309.0,2021,1
TBQ05C02,Goods Received,20211,2021Q1,IEROS,Rosslare,1,Foreign trade: Great Britain and Northern Ireland,000 Tonnes,90.0,2021,1
TBQ05C02,Goods Received,20211,2021Q1,IEROS,Rosslare,2,Foreign trade: Other EU,000 Tonnes,219.0,2021,1
TBQ05C02,Goods Received,20211,2021Q1,IEROS,Rosslare,3,Foreign trade: Non-EU,000 Tonnes,0.0,2021,1
TBQ05C02,Goods Received,20211,2021Q1,IEROS,Rosslare,4,Foreign trade: Other ports,000 Tonnes,0.0,2021,1
TBQ05C02,Goods Received,20211,2021Q1,IEROS,Rosslare,5,Coastal trade,000 Tonnes,0.0,2021,1
TBQ05C02,Goods Received,20211,2021Q1,IEWAT,Waterford,-,All regions of trade,000 Tonnes,469.0,2021,1
TBQ05C02,Goods Received,20211,2021Q1,IEWAT,Waterford,1,Foreign trade: Great Britain and Northern Ireland,000 Tonnes,7.0,2021,1
TBQ05C02,Goods Received,20211,2021Q1,IEWAT,Waterford,2,Foreign trade: Other EU,000 Tonnes,354.0,2021,1
TBQ05C02,Goods Received,20211,2021Q1,IEWAT,Waterford,3,Foreign trade: Non-EU,000 Tonnes,42.0,2021,1
TBQ05C02,Goods Received,20211,2021Q1,IEWAT,Waterford,4,Foreign trade: Other ports,000 Tonnes,66.0,2021,1
TBQ05C02,Goods Received,20211,2021Q1,IEWAT,Waterford,5,Coastal trade,000 Tonnes,0.0,2021,1
TBQ05C02,Goods Received,20212,2021Q2,IEMIP,All Main Irish Ports,-,All regions of trade,000 Tonnes,8596.0,2021,2
TBQ05C02,Goods Received,20212,2021Q2,IEMIP,All Main Irish Ports,1,Foreign trade: Great Britain and Northern Ireland,000 Tonnes,2481.0,2021,2
TBQ05C02,Goods Received,20212,2021Q2,IEMIP,All Main Irish Ports,2,Foreign trade: Other EU,000 Tonnes,3504.0,2021,2
TBQ05C02,Goods Received,20212,2021Q2,IEMIP,All Main Irish Ports,3,Foreign trade: Non-EU,000 Tonnes,980.0,2021,2
TBQ05C02,Goods Received,20212,2021Q2,IEMIP,All Main Irish Ports,4,Foreign trade: Other ports,000 Tonnes,1420.0,2021,2
TBQ05C02,Goods Received,20212,2021Q2,IEMIP,All Main Irish Ports,5,Coastal trade,000 Tonnes,211.0,2021,2
TBQ05C02,Goods Received,20212,2021Q2,IEBYT,Bantry Bay,-,All regions of trade,000 Tonnes,66.0,2021,2
TBQ05C02,Goods Received,20212,2021Q2,IEBYT,Bantry Bay,1,Foreign trade: Great Britain and Northern Ireland,000 Tonnes,0.0,2021,2
TBQ05C02,Goods Received,20212,2021Q2,IEBYT,Bantry Bay,2,Foreign trade: Other EU,000 Tonnes,0.0,2021,2
TBQ05C02,Goods Received,20212,2021Q2,IEBYT,Bantry Bay,3,Foreign trade: Non-EU,000 Tonnes,66.0,2021,2
TBQ05C02,Goods Received,20212,2021Q2,IEBYT,Bantry Bay,4,Foreign trade: Other ports,000 Tonnes,0.0,2021,2
TBQ05C02,Goods Received,20212,2021Q2,IEBYT,Bantry Bay,5,Coastal trade,000 Tonnes,0.0,2021,2
TBQ05C02,Goods Received,20212,2021Q2,IEDRO,Drogheda,-,All regions of trade,000 Tonnes,167.0,2021,2
TBQ05C02,Goods Received,20212,2021Q2,IEDRO,Drogheda,1,Foreign trade: Great Britain and Northern Ireland,000 Tonnes,3.0,2021,2
TBQ05C02,Goods Received,20212,2021Q2,IEDRO,Drogheda,2,Foreign trade: Other EU,000 Tonnes,139.0,2021,2
TBQ05C02,Goods Received,20212,2021Q2,IEDRO,Drogheda,3,Foreign trade: Non-EU,000 Tonnes,18.0,2021,2
TBQ05C02,Goods Received,20212,2021Q2,IEDRO,Drogheda,4,Foreign trade: Other ports,000 Tonnes,7.0,2021,2
TBQ05C02,Goods Received,20212,2021Q2,IEDRO,Drogheda,5,Coastal trade,000 Tonnes,0.0,2021,2
TBQ05C02,Goods Received,20212,2021Q2,IEDUB,Dublin,-,All regions of trade,000 Tonnes,4102.0,2021,2
TBQ05C02,Goods Received,20212,2021Q2,IEDUB,Dublin,1,Foreign trade: Great Britain and Northern Ireland,000 Tonnes,2125.0,2021,2
TBQ05C02,Goods Received,20212,2021Q2,IEDUB,Dublin,2,Foreign trade: Other EU,000 Tonnes,1666.0,2021,2
TBQ05C02,Goods Received,20212,2021Q2,IEDUB,Dublin,3,Foreign trade: Non-EU,000 Tonnes,64.0,2021,2
TBQ05C02,Goods Received,20212,2021Q2,IEDUB,Dublin,4,Foreign trade: Other ports,000 Tonnes,72.0,2021,2
TBQ05C02,Goods Received,20212,2021Q2,IEDUB,Dublin,5,Coastal trade,000 Tonnes,175.0,2021,2
TBQ05C02,Goods Received,20212,2021Q2,IEFOV,Shannon Foynes,-,All regions of trade,000 Tonnes,1909.0,2021,2
TBQ05C02,Goods Received,20212,2021Q2,IEFOV,Shannon Foynes,1,Foreign trade: Great Britain and Northern Ireland,000 Tonnes,104.0,2021,2
TBQ05C02,Goods Received,20212,2021Q2,IEFOV,Shannon Foynes,2,Foreign trade: Other EU,000 Tonnes,762.0,2021,2
TBQ05C02,Goods Received,20212,2021Q2,IEFOV,Shannon Foynes,3,Foreign trade: Non-EU,000 Tonnes,217.0,2021,2
TBQ05C02,Goods Received,20212,2021Q2,IEFOV,Shannon Foynes,4,Foreign trade: Other ports,000 Tonnes,793.0,2021,2
TBQ05C02,Goods Received,20212,2021Q2,IEFOV,Shannon Foynes,5,Coastal trade,000 Tonnes,33.0,2021,2
TBQ05C02,Goods Received,20212,2021Q2,IEORK,Cork,-,All regions of trade,000 Tonnes,1561.0,2021,2
TBQ05C02,Goods Received,20212,2021Q2,IEORK,Cork,1,Foreign trade: Great Britain and Northern Ireland,000 Tonnes,127.0,2021,2
TBQ05C02,Goods Received,20212,2021Q2,IEORK,Cork,2,Foreign trade: Other EU,000 Tonnes,449.0,2021,2
TBQ05C02,Goods Received,20212,2021Q2,IEORK,Cork,3,Foreign trade: Non-EU,000 Tonnes,530.0,2021,2
TBQ05C02,Goods Received,20212,2021Q2,IEORK,Cork,4,Foreign trade: Other ports,000 Tonnes,451.0,2021,2
TBQ05C02,Goods Received,20212,2021Q2,IEORK,Cork,5,Coastal trade,000 Tonnes,4.0,2021,2
TBQ05C02,Goods Received,20212,2021Q2,IEROS,Rosslare,-,All regions of trade,000 Tonnes,348.0,2021,2
TBQ05C02,Goods Received,20212,2021Q2,IEROS,Rosslare,1,Foreign trade: Great Britain and Northern Ireland,000 Tonnes,121.0,2021,2
TBQ05C02,Goods Received,20212,2021Q2,IEROS,Rosslare,2,Foreign trade: Other EU,000 Tonnes,227.0,2021,2
TBQ05C02,Goods Received,20212,2021Q2,IEROS,Rosslare,3,Foreign trade: Non-EU,000 Tonnes,0.0,2021,2
TBQ05C02,Goods Received,20212,2021Q2,IEROS,Rosslare,4,Foreign trade: Other ports,000 Tonnes,0.0,2021,2
TBQ05C02,Goods Received,20212,2021Q2,IEROS,Rosslare,5,Coastal trade,000 Tonnes,0.0,2021,2
TBQ05C02,Goods Received,20212,2021Q2,IEWAT,Waterford,-,All regions of trade,000 Tonnes,444.0,2021,2
TBQ05C02,Goods Received,20212,2021Q2,IEWAT,Waterford,1,Foreign trade: Great Britain and Northern Ireland,000 Tonnes,1.0,2021,2
TBQ05C02,Goods Received,20212,2021Q2,IEWAT,Waterford,2,Foreign trade: Other EU,000 Tonnes,261.0,2021,2
TBQ05C02,Goods Received,20212,2021Q2,IEWAT,Waterford,3,Foreign trade: Non-EU,000 Tonnes,84.0,2021,2
TBQ05C02,Goods Received,20212,2021Q2,IEWAT,Waterford,4,Foreign trade: Other ports,000 Tonnes,97.0,2021,2
TBQ05C02,Goods Received,20212,2021Q2,IEWAT,Waterford,5,Coastal trade,000 Tonnes,0.0,2021,2
TBQ05C02,Goods Received,20213,2021Q3,IEMIP,All Main Irish Ports,-,All regions of trade,000 Tonnes,8489.0,2021,3
TBQ05C02,Goods Received,20213,2021Q3,IEMIP,All Main Irish Ports,1,Foreign trade: Great Britain and Northern Ireland,000 Tonnes,2471.0,2021,3
TBQ05C02,Goods Received,20213,2021Q3,IEMIP,All Main Irish Ports,2,Foreign trade: Other EU,000 Tonnes,3498.0,2021,3
TBQ05C02,Goods Received,20213,2021Q3,IEMIP,All Main Irish Ports,3,Foreign trade: Non-EU,000 Tonnes,704.0,2021,3
TBQ05C02,Goods Received,20213,2021Q3,IEMIP,All Main Irish Ports,4,Foreign trade: Other ports,000 Tonnes,1649.0,2021,3
TBQ05C02,Goods Received,20213,2021Q3,IEMIP,All Main Irish Ports,5,Coastal trade,000 Tonnes,167.0,2021,3
TBQ05C02,Goods Received,20213,2021Q3,IEBYT,Bantry Bay,-,All regions of trade,000 Tonnes,90.0,2021,3
TBQ05C02,Goods Received,20213,2021Q3,IEBYT,Bantry Bay,1,Foreign trade: Great Britain and Northern Ireland,000 Tonnes,0.0,2021,3
TBQ05C02,Goods Received,20213,2021Q3,IEBYT,Bantry Bay,2,Foreign trade: Other EU,000 Tonnes,48.0,2021,3
TBQ05C02,Goods Received,20213,2021Q3,IEBYT,Bantry Bay,3,Foreign trade: Non-EU,000 Tonnes,0.0,2021,3
TBQ05C02,Goods Received,20213,2021Q3,IEBYT,Bantry Bay,4,Foreign trade: Other ports,000 Tonnes,42.0,2021,3
TBQ05C02,Goods Received,20213,2021Q3,IEBYT,Bantry Bay,5,Coastal trade,000 Tonnes,0.0,2021,3
TBQ05C02,Goods Received,20213,2021Q3,IEDRO,Drogheda,-,All regions of trade,000 Tonnes,153.0,2021,3
TBQ05C02,Goods Received,20213,2021Q3,IEDRO,Drogheda,1,Foreign trade: Great Britain and Northern Ireland,000 Tonnes,18.0,2021,3
TBQ05C02,Goods Received,20213,2021Q3,IEDRO,Drogheda,2,Foreign trade: Other EU,000 Tonnes,119.0,2021,3
TBQ05C02,Goods Received,20213,2021Q3,IEDRO,Drogheda,3,Foreign trade: Non-EU,000 Tonnes,15.0,2021,3
TBQ05C02,Goods Received,20213,2021Q3,IEDRO,Drogheda,4,Foreign trade: Other ports,000 Tonnes,2.0,2021,3
TBQ05C02,Goods Received,20213,2021Q3,IEDRO,Drogheda,5,Coastal trade,000 Tonnes,0.0,2021,3
TBQ05C02,Goods Received,20213,2021Q3,IEDUB,Dublin,-,All regions of trade,000 Tonnes,4148.0,2021,3
TBQ05C02,Goods Received,20213,2021Q3,IEDUB,Dublin,1,Foreign trade: Great Britain and Northern Ireland,000 Tonnes,2141.0,2021,3
TBQ05C02,Goods Received,20213,2021Q3,IEDUB,Dublin,2,Foreign trade: Other EU,000 Tonnes,1744.0,2021,3
TBQ05C02,Goods Received,20213,2021Q3,IEDUB,Dublin,3,Foreign trade: Non-EU,000 Tonnes,48.0,2021,3
TBQ05C02,Goods Received,20213,2021Q3,IEDUB,Dublin,4,Foreign trade: Other ports,000 Tonnes,72.0,2021,3
TBQ05C02,Goods Received,20213,2021Q3,IEDUB,Dublin,5,Coastal trade,000 Tonnes,145.0,2021,3
TBQ05C02,Goods Received,20213,2021Q3,IEFOV,Shannon Foynes,-,All regions of trade,000 Tonnes,1984.0,2021,3
TBQ05C02,Goods Received,20213,2021Q3,IEFOV,Shannon Foynes,1,Foreign trade: Great Britain and Northern Ireland,000 Tonnes,90.0,2021,3
TBQ05C02,Goods Received,20213,2021Q3,IEFOV,Shannon Foynes,2,Foreign trade: Other EU,000 Tonnes,755.0,2021,3
TBQ05C02,Goods Received,20213,2021Q3,IEFOV,Shannon Foynes,3,Foreign trade: Non-EU,000 Tonnes,395.0,2021,3
TBQ05C02,Goods Received,20213,2021Q3,IEFOV,Shannon Foynes,4,Foreign trade: Other ports,000 Tonnes,725.0,2021,3
TBQ05C02,Goods Received,20213,2021Q3,IEFOV,Shannon Foynes,5,Coastal trade,000 Tonnes,19.0,2021,3
TBQ05C02,Goods Received,20213,2021Q3,IEORK,Cork,-,All regions of trade,000 Tonnes,1438.0,2021,3
TBQ05C02,Goods Received,20213,2021Q3,IEORK,Cork,1,Foreign trade: Great Britain and Northern Ireland,000 Tonnes,102.0,2021,3
TBQ05C02,Goods Received,20213,2021Q3,IEORK,Cork,2,Foreign trade: Other EU,000 Tonnes,404.0,2021,3
TBQ05C02,Goods Received,20213,2021Q3,IEORK,Cork,3,Foreign trade: Non-EU,000 Tonnes,191.0,2021,3
TBQ05C02,Goods Received,20213,2021Q3,IEORK,Cork,4,Foreign trade: Other ports,000 Tonnes,738.0,2021,3
TBQ05C02,Goods Received,20213,2021Q3,IEORK,Cork,5,Coastal trade,000 Tonnes,3.0,2021,3
TBQ05C02,Goods Received,20213,2021Q3,IEROS,Rosslare,-,All regions of trade,000 Tonnes,335.0,2021,3
TBQ05C02,Goods Received,20213,2021Q3,IEROS,Rosslare,1,Foreign trade: Great Britain and Northern Ireland,000 Tonnes,120.0,2021,3
TBQ05C02,Goods Received,20213,2021Q3,IEROS,Rosslare,2,Foreign trade: Other EU,000 Tonnes,214.0,2021,3
TBQ05C02,Goods Received,20213,2021Q3,IEROS,Rosslare,3,Foreign trade: Non-EU,000 Tonnes,0.0,2021,3
TBQ05C02,Goods Received,20213,2021Q3,IEROS,Rosslare,4,Foreign trade: Other ports,000 Tonnes,0.0,2021,3
TBQ05C02,Goods Received,20213,2021Q3,IEROS,Rosslare,5,Coastal trade,000 Tonnes,0.0,2021,3
TBQ05C02,Goods Received,20213,2021Q3,IEWAT,Waterford,-,All regions of trade,000 Tonnes,340.0,2021,3
TBQ05C02,Goods Received,20213,2021Q3,IEWAT,Waterford,1,Foreign trade: Great Britain and Northern Ireland,000 Tonnes,0.0,2021,3
TBQ05C02,Goods Received,20213,2021Q3,IEWAT,Waterford,2,Foreign trade: Other EU,000 Tonnes,214.0,2021,3
TBQ05C02,Goods Received,20213,2021Q3,IEWAT,Waterford,3,Foreign trade: Non-EU,000 Tonnes,56.0,2021,3
TBQ05C02,Goods Received,20213,2021Q3,IEWAT,Waterford,4,Foreign trade: Other ports,000 Tonnes,71.0,2021,3
TBQ05C02,Goods Received,20213,2021Q3,IEWAT,Waterford,5,Coastal trade,000 Tonnes,0.0,2021,3
TBQ05C02,Goods Received,20214,2021Q4,IEMIP,All Main Irish Ports,-,All regions of trade,000 Tonnes,9273.0,2021,4
TBQ05C02,Goods Received,20214,2021Q4,IEMIP,All Main Irish Ports,1,Foreign trade: Great Britain and Northern Ireland,000 Tonnes,2730.0,2021,4
TBQ05C02,Goods Received,20214,2021Q4,IEMIP,All Main Irish Ports,2,Foreign trade: Other EU,000 Tonnes,3352.0,2021,4
TBQ05C02,Goods Received,20214,2021Q4,IEMIP,All Main Irish Ports,3,Foreign trade: Non-EU,000 Tonnes,986.0,2021,4
TBQ05C02,Goods Received,20214,2021Q4,IEMIP,All Main Irish Ports,4,Foreign trade: Other ports,000 Tonnes,2037.0,2021,4
TBQ05C02,Goods Received,20214,2021Q4,IEMIP,All Main Irish Ports,5,Coastal trade,000 Tonnes,168.0,2021,4
TBQ05C02,Goods Received,20214,2021Q4,IEBYT,Bantry Bay,-,All regions of trade,000 Tonnes,0.0,2021,4
TBQ05C02,Goods Received,20214,2021Q4,IEBYT,Bantry Bay,1,Foreign trade: Great Britain and Northern Ireland,000 Tonnes,0.0,2021,4
TBQ05C02,Goods Received,20214,2021Q4,IEBYT,Bantry Bay,2,Foreign trade: Other EU,000 Tonnes,0.0,2021,4
TBQ05C02,Goods Received,20214,2021Q4,IEBYT,Bantry Bay,3,Foreign trade: Non-EU,000 Tonnes,0.0,2021,4
TBQ05C02,Goods Received,20214,2021Q4,IEBYT,Bantry Bay,4,Foreign trade: Other ports,000 Tonnes,0.0,2021,4
TBQ05C02,Goods Received,20214,2021Q4,IEBYT,Bantry Bay,5,Coastal trade,000 Tonnes,0.0,2021,4
TBQ05C02,Goods Received,20214,2021Q4,IEDRO,Drogheda,-,All regions of trade,000 Tonnes,168.0,2021,4
TBQ05C02,Goods Received,20214,2021Q4,IEDRO,Drogheda,1,Foreign trade: Great Britain and Northern Ireland,000 Tonnes,19.0,2021,4
TBQ05C02,Goods Received,20214,2021Q4,IEDRO,Drogheda,2,Foreign trade: Other EU,000 Tonnes,125.0,2021,4
TBQ05C02,Goods Received,20214,2021Q4,IEDRO,Drogheda,3,Foreign trade: Non-EU,000 Tonnes,19.0,2021,4
TBQ05C02,Goods Received,20214,2021Q4,IEDRO,Drogheda,4,Foreign trade: Other ports,000 Tonnes,5.0,2021,4
TBQ05C02,Goods Received,20214,2021Q4,IEDRO,Drogheda,5,Coastal trade,000 Tonnes,0.0,2021,4
TBQ05C02,Goods Received,20214,2021Q4,IEDUB,Dublin,-,All regions of trade,000 Tonnes,4195.0,2021,4
TBQ05C02,Goods Received,20214,2021Q4,IEDUB,Dublin,1,Foreign trade: Great Britain and Northern Ireland,000 Tonnes,2309.0,2021,4
TBQ05C02,Goods Received,20214,2021Q4,IEDUB,Dublin,2,Foreign trade: Other EU,000 Tonnes,1542.0,2021,4
TBQ05C02,Goods Received,20214,2021Q4,IEDUB,Dublin,3,Foreign trade: Non-EU,000 Tonnes,111.0,2021,4
TBQ05C02,Goods Received,20214,2021Q4,IEDUB,Dublin,4,Foreign trade: Other ports,000 Tonnes,103.0,2021,4
TBQ05C02,Goods Received,20214,2021Q4,IEDUB,Dublin,5,Coastal trade,000 Tonnes,130.0,2021,4
TBQ05C02,Goods Received,20214,2021Q4,IEFOV,Shannon Foynes,-,All regions of trade,000 Tonnes,2570.0,2021,4
TBQ05C02,Goods Received,20214,2021Q4,IEFOV,Shannon Foynes,1,Foreign trade: Great Britain and Northern Ireland,000 Tonnes,70.0,2021,4
TBQ05C02,Goods Received,20214,2021Q4,IEFOV,Shannon Foynes,2,Foreign trade: Other EU,000 Tonnes,749.0,2021,4
TBQ05C02,Goods Received,20214,2021Q4,IEFOV,Shannon Foynes,3,Foreign trade: Non-EU,000 Tonnes,637.0,2021,4
TBQ05C02,Goods Received,20214,2021Q4,IEFOV,Shannon Foynes,4,Foreign trade: Other ports,000 Tonnes,1077.0,2021,4
TBQ05C02,Goods Received,20214,2021Q4,IEFOV,Shannon Foynes,5,Coastal trade,000 Tonnes,36.0,2021,4
TBQ05C02,Goods Received,20214,2021Q4,IEORK,Cork,-,All regions of trade,000 Tonnes,1563.0,2021,4
TBQ05C02,Goods Received,20214,2021Q4,IEORK,Cork,1,Foreign trade: Great Britain and Northern Ireland,000 Tonnes,218.0,2021,4
TBQ05C02,Goods Received,20214,2021Q4,IEORK,Cork,2,Foreign trade: Other EU,000 Tonnes,453.0,2021,4
TBQ05C02,Goods Received,20214,2021Q4,IEORK,Cork,3,Foreign trade: Non-EU,000 Tonnes,138.0,2021,4
TBQ05C02,Goods Received,20214,2021Q4,IEORK,Cork,4,Foreign trade: Other ports,000 Tonnes,751.0,2021,4
TBQ05C02,Goods Received,20214,2021Q4,IEORK,Cork,5,Coastal trade,000 Tonnes,2.0,2021,4
TBQ05C02,Goods Received,20214,2021Q4,IEROS,Rosslare,-,All regions of trade,000 Tonnes,343.0,2021,4
TBQ05C02,Goods Received,20214,2021Q4,IEROS,Rosslare,1,Foreign trade: Great Britain and Northern Ireland,000 Tonnes,112.0,2021,4
TBQ05C02,Goods Received,20214,2021Q4,IEROS,Rosslare,2,Foreign trade: Other EU,000 Tonnes,231.0,2021,4
TBQ05C02,Goods Received,20214,2021Q4,IEROS,Rosslare,3,Foreign trade: Non-EU,000 Tonnes,0.0,2021,4
TBQ05C02,Goods Received,20214,2021Q4,IEROS,Rosslare,4,Foreign trade: Other ports,000 Tonnes,0.0,2021,4
TBQ05C02,Goods Received,20214,2021Q4,IEROS,Rosslare,5,Coastal trade,000 Tonnes,0.0,2021,4
TBQ05C02,Goods Received,20214,2021Q4,IEWAT,Waterford,-,All regions of trade,000 Tonnes,434.0,2021,4
TBQ05C02,Goods Received,20214,2021Q4,IEWAT,Waterford,1,Foreign trade: Great Britain and Northern Ireland,000 Tonnes,1.0,2021,4
TBQ05C02,Goods Received,20214,2021Q4,IEWAT,Waterford,2,Foreign trade: Other EU,000 Tonnes,252.0,2021,4
TBQ05C02,Goods Received,20214,2021Q4,IEWAT,Waterford,3,Foreign trade: Non-EU,000 Tonnes,81.0,2021,4
TBQ05C02,Goods Received,20214,2021Q4,IEWAT,Waterford,4,Foreign trade: Other ports,000 Tonnes,101.0,2021,4
TBQ05C02,Goods Received,20214,2021Q4,IEWAT,Waterford,5,Coastal trade,000 Tonnes,0.0,2021,4
TBQ05C02,Goods Received,20221,2022Q1,IEMIP,All Main Irish Ports,-,All regions of trade,000 Tonnes,8594.0,2022,1
TBQ05C02,Goods Received,20221,2022Q1,IEMIP,All Main Irish Ports,1,Foreign trade: Great Britain and Northern Ireland,000 Tonnes,2685.0,2022,1
TBQ05C02,Goods Received,20221,2022Q1,IEMIP,All Main Irish Ports,2,Foreign trade: Other EU,000 Tonnes,3479.0,2022,1
TBQ05C02,Goods Received,20221,2022Q1,IEMIP,All Main Irish Ports,3,Foreign trade: Non-EU,000 Tonnes,631.0,2022,1
TBQ05C02,Goods Received,20221,2022Q1,IEMIP,All Main Irish Ports,4,Foreign trade: Other ports,000 Tonnes,1592.0,2022,1
TBQ05C02,Goods Received,20221,2022Q1,IEMIP,All Main Irish Ports,5,Coastal trade,000 Tonnes,208.0,2022,1
TBQ05C02,Goods Received,20221,2022Q1,IEBYT,Bantry Bay,-,All regions of trade,000 Tonnes,36.0,2022,1
TBQ05C02,Goods Received,20221,2022Q1,IEBYT,Bantry Bay,1,Foreign trade: Great Britain and Northern Ireland,000 Tonnes,0.0,2022,1
TBQ05C02,Goods Received,20221,2022Q1,IEBYT,Bantry Bay,2,Foreign trade: Other EU,000 Tonnes,36.0,2022,1
TBQ05C02,Goods Received,20221,2022Q1,IEBYT,Bantry Bay,3,Foreign trade: Non-EU,000 Tonnes,0.0,2022,1
TBQ05C02,Goods Received,20221,2022Q1,IEBYT,Bantry Bay,4,Foreign trade: Other ports,000 Tonnes,0.0,2022,1
TBQ05C02,Goods Received,20221,2022Q1,IEBYT,Bantry Bay,5,Coastal trade,000 Tonnes,0.0,2022,1
TBQ05C02,Goods Received,20221,2022Q1,IEDRO,Drogheda,-,All regions of trade,000 Tonnes,175.0,2022,1
TBQ05C02,Goods Received,20221,2022Q1,IEDRO,Drogheda,1,Foreign trade: Great Britain and Northern Ireland,000 Tonnes,10.0,2022,1
TBQ05C02,Goods Received,20221,2022Q1,IEDRO,Drogheda,2,Foreign trade: Other EU,000 Tonnes,155.0,2022,1
TBQ05C02,Goods Received,20221,2022Q1,IEDRO,Drogheda,3,Foreign trade: Non-EU,000 Tonnes,4.0,2022,1
TBQ05C02,Goods Received,20221,2022Q1,IEDRO,Drogheda,4,Foreign trade: Other ports,000 Tonnes,0.0,2022,1
TBQ05C02,Goods Received,20221,2022Q1,IEDRO,Drogheda,5,Coastal trade,000 Tonnes,6.0,2022,1
TBQ05C02,Goods Received,20221,2022Q1,IEDUB,Dublin,-,All regions of trade,000 Tonnes,4140.0,2022,1
TBQ05C02,Goods Received,20221,2022Q1,IEDUB,Dublin,1,Foreign trade: Great Britain and Northern Ireland,000 Tonnes,2336.0,2022,1
TBQ05C02,Goods Received,20221,2022Q1,IEDUB,Dublin,2,Foreign trade: Other EU,000 Tonnes,1525.0,2022,1
TBQ05C02,Goods Received,20221,2022Q1,IEDUB,Dublin,3,Foreign trade: Non-EU,000 Tonnes,94.0,2022,1
TBQ05C02,Goods Received,20221,2022Q1,IEDUB,Dublin,4,Foreign trade: Other ports,000 Tonnes,57.0,2022,1
TBQ05C02,Goods Received,20221,2022Q1,IEDUB,Dublin,5,Coastal trade,000 Tonnes,128.0,2022,1
TBQ05C02,Goods Received,20221,2022Q1,IEFOV,Shannon Foynes,-,All regions of trade,000 Tonnes,1916.0,2022,1
TBQ05C02,Goods Received,20221,2022Q1,IEFOV,Shannon Foynes,1,Foreign trade: Great Britain and Northern Ireland,000 Tonnes,84.0,2022,1
TBQ05C02,Goods Received,20221,2022Q1,IEFOV,Shannon Foynes,2,Foreign trade: Other EU,000 Tonnes,813.0,2022,1
TBQ05C02,Goods Received,20221,2022Q1,IEFOV,Shannon Foynes,3,Foreign trade: Non-EU,000 Tonnes,330.0,2022,1
TBQ05C02,Goods Received,20221,2022Q1,IEFOV,Shannon Foynes,4,Foreign trade: Other ports,000 Tonnes,645.0,2022,1
TBQ05C02,Goods Received,20221,2022Q1,IEFOV,Shannon Foynes,5,Coastal trade,000 Tonnes,43.0,2022,1
TBQ05C02,Goods Received,20221,2022Q1,IEORK,Cork,-,All regions of trade,000 Tonnes,1537.0,2022,1
TBQ05C02,Goods Received,20221,2022Q1,IEORK,Cork,1,Foreign trade: Great Britain and Northern Ireland,000 Tonnes,145.0,2022,1
TBQ05C02,Goods Received,20221,2022Q1,IEORK,Cork,2,Foreign trade: Other EU,000 Tonnes,437.0,2022,1
TBQ05C02,Goods Received,20221,2022Q1,IEORK,Cork,3,Foreign trade: Non-EU,000 Tonnes,146.0,2022,1
TBQ05C02,Goods Received,20221,2022Q1,IEORK,Cork,4,Foreign trade: Other ports,000 Tonnes,805.0,2022,1
TBQ05C02,Goods Received,20221,2022Q1,IEORK,Cork,5,Coastal trade,000 Tonnes,4.0,2022,1
TBQ05C02,Goods Received,20221,2022Q1,IEROS,Rosslare,-,All regions of trade,000 Tonnes,325.0,2022,1
TBQ05C02,Goods Received,20221,2022Q1,IEROS,Rosslare,1,Foreign trade: Great Britain and Northern Ireland,000 Tonnes,105.0,2022,1
TBQ05C02,Goods Received,20221,2022Q1,IEROS,Rosslare,2,Foreign trade: Other EU,000 Tonnes,220.0,2022,1
TBQ05C02,Goods Received,20221,2022Q1,IEROS,Rosslare,3,Foreign trade: Non-EU,000 Tonnes,0.0,2022,1
TBQ05C02,Goods Received,20221,2022Q1,IEROS,Rosslare,4,Foreign trade: Other ports,000 Tonnes,0.0,2022,1
TBQ05C02,Goods Received,20221,2022Q1,IEROS,Rosslare,5,Coastal trade,000 Tonnes,0.0,2022,1
TBQ05C02,Goods Received,20221,2022Q1,IEWAT,Waterford,-,All regions of trade,000 Tonnes,464.0,2022,1
TBQ05C02,Goods Received,20221,2022Q1,IEWAT,Waterford,1,Foreign trade: Great Britain and Northern Ireland,000 Tonnes,4.0,2022,1
TBQ05C02,Goods Received,20221,2022Q1,IEWAT,Waterford,2,Foreign trade: Other EU,000 Tonnes,293.0,2022,1
TBQ05C02,Goods Received,20221,2022Q1,IEWAT,Waterford,3,Foreign trade: Non-EU,000 Tonnes,57.0,2022,1
TBQ05C02,Goods Received,20221,2022Q1,IEWAT,Waterford,4,Foreign trade: Other ports,000 Tonnes,84.0,2022,1
TBQ05C02,Goods Received,20221,2022Q1,IEWAT,Waterford,5,Coastal trade,000 Tonnes,26.0,2022,1
TBQ05C02,Goods Received,20222,2022Q2,IEMIP,All Main Irish Ports,-,All regions of trade,000 Tonnes,8919.0,2022,2
TBQ05C02,Goods Received,20222,2022Q2,IEMIP,All Main Irish Ports,1,Foreign trade: Great Britain and Northern Ireland,000 Tonnes,2798.0,2022,2
TBQ05C02,Goods Received,20222,2022Q2,IEMIP,All Main Irish Ports,2,Foreign trade: Other EU,000 Tonnes,3310.0,2022,2
TBQ05C02,Goods Received,20222,2022Q2,IEMIP,All Main Irish Ports,3,Foreign trade: Non-EU,000 Tonnes,483.0,2022,2
TBQ05C02,Goods Received,20222,2022Q2,IEMIP,All Main Irish Ports,4,Foreign trade: Other ports,000 Tonnes,2122.0,2022,2
TBQ05C02,Goods Received,20222,2022Q2,IEMIP,All Main Irish Ports,5,Coastal trade,000 Tonnes,207.0,2022,2
TBQ05C02,Goods Received,20222,2022Q2,IEBYT,Bantry Bay,-,All regions of trade,000 Tonnes,36.0,2022,2
TBQ05C02,Goods Received,20222,2022Q2,IEBYT,Bantry Bay,1,Foreign trade: Great Britain and Northern Ireland,000 Tonnes,0.0,2022,2
TBQ05C02,Goods Received,20222,2022Q2,IEBYT,Bantry Bay,2,Foreign trade: Other EU,000 Tonnes,0.0,2022,2
TBQ05C02,Goods Received,20222,2022Q2,IEBYT,Bantry Bay,3,Foreign trade: Non-EU,000 Tonnes,0.0,2022,2
TBQ05C02,Goods Received,20222,2022Q2,IEBYT,Bantry Bay,4,Foreign trade: Other ports,000 Tonnes,36.0,2022,2
TBQ05C02,Goods Received,20222,2022Q2,IEBYT,Bantry Bay,5,Coastal trade,000 Tonnes,0.0,2022,2
TBQ05C02,Goods Received,20222,2022Q2,IEDRO,Drogheda,-,All regions of trade,000 Tonnes,160.0,2022,2
TBQ05C02,Goods Received,20222,2022Q2,IEDRO,Drogheda,1,Foreign trade: Great Britain and Northern Ireland,000 Tonnes,26.0,2022,2
TBQ05C02,Goods Received,20222,2022Q2,IEDRO,Drogheda,2,Foreign trade: Other EU,000 Tonnes,119.0,2022,2
TBQ05C02,Goods Received,20222,2022Q2,IEDRO,Drogheda,3,Foreign trade: Non-EU,000 Tonnes,6.0,2022,2
TBQ05C02,Goods Received,20222,2022Q2,IEDRO,Drogheda,4,Foreign trade: Other ports,000 Tonnes,8.0,2022,2
TBQ05C02,Goods Received,20222,2022Q2,IEDRO,Drogheda,5,Coastal trade,000 Tonnes,0.0,2022,2
TBQ05C02,Goods Received,20222,2022Q2,IEDUB,Dublin,-,All regions of trade,000 Tonnes,4403.0,2022,2
TBQ05C02,Goods Received,20222,2022Q2,IEDUB,Dublin,1,Foreign trade: Great Britain and Northern Ireland,000 Tonnes,2429.0,2022,2
TBQ05C02,Goods Received,20222,2022Q2,IEDUB,Dublin,2,Foreign trade: Other EU,000 Tonnes,1633.0,2022,2
TBQ05C02,Goods Received,20222,2022Q2,IEDUB,Dublin,3,Foreign trade: Non-EU,000 Tonnes,2.0,2022,2
TBQ05C02,Goods Received,20222,2022Q2,IEDUB,Dublin,4,Foreign trade: Other ports,000 Tonnes,156.0,2022,2
TBQ05C02,Goods Received,20222,2022Q2,IEDUB,Dublin,5,Coastal trade,000 Tonnes,183.0,2022,2
TBQ05C02,Goods Received,20222,2022Q2,IEFOV,Shannon Foynes,-,All regions of trade,000 Tonnes,2035.0,2022,2
TBQ05C02,Goods Received,20222,2022Q2,IEFOV,Shannon Foynes,1,Foreign trade: Great Britain and Northern Ireland,000 Tonnes,63.0,2022,2
TBQ05C02,Goods Received,20222,2022Q2,IEFOV,Shannon Foynes,2,Foreign trade: Other EU,000 Tonnes,698.0,2022,2
TBQ05C02,Goods Received,20222,2022Q2,IEFOV,Shannon Foynes,3,Foreign trade: Non-EU,000 Tonnes,233.0,2022,2
TBQ05C02,Goods Received,20222,2022Q2,IEFOV,Shannon Foynes,4,Foreign trade: Other ports,000 Tonnes,1021.0,2022,2
TBQ05C02,Goods Received,20222,2022Q2,IEFOV,Shannon Foynes,5,Coastal trade,000 Tonnes,20.0,2022,2
TBQ05C02,Goods Received,20222,2022Q2,IEORK,Cork,-,All regions of trade,000 Tonnes,1541.0,2022,2
TBQ05C02,Goods Received,20222,2022Q2,IEORK,Cork,1,Foreign trade: Great Britain and Northern Ireland,000 Tonnes,178.0,2022,2
TBQ05C02,Goods Received,20222,2022Q2,IEORK,Cork,2,Foreign trade: Other EU,000 Tonnes,404.0,2022,2
TBQ05C02,Goods Received,20222,2022Q2,IEORK,Cork,3,Foreign trade: Non-EU,000 Tonnes,200.0,2022,2
TBQ05C02,Goods Received,20222,2022Q2,IEORK,Cork,4,Foreign trade: Other ports,000 Tonnes,755.0,2022,2
TBQ05C02,Goods Received,20222,2022Q2,IEORK,Cork,5,Coastal trade,000 Tonnes,3.0,2022,2
TBQ05C02,Goods Received,20222,2022Q2,IEROS,Rosslare,-,All regions of trade,000 Tonnes,294.0,2022,2
TBQ05C02,Goods Received,20222,2022Q2,IEROS,Rosslare,1,Foreign trade: Great Britain and Northern Ireland,000 Tonnes,97.0,2022,2
TBQ05C02,Goods Received,20222,2022Q2,IEROS,Rosslare,2,Foreign trade: Other EU,000 Tonnes,197.0,2022,2
TBQ05C02,Goods Received,20222,2022Q2,IEROS,Rosslare,3,Foreign trade: Non-EU,000 Tonnes,0.0,2022,2
TBQ05C02,Goods Received,20222,2022Q2,IEROS,Rosslare,4,Foreign trade: Other ports,000 Tonnes,0.0,2022,2
TBQ05C02,Goods Received,20222,2022Q2,IEROS,Rosslare,5,Coastal trade,000 Tonnes,0.0,2022,2
TBQ05C02,Goods Received,20222,2022Q2,IEWAT,Waterford,-,All regions of trade,000 Tonnes,451.0,2022,2
TBQ05C02,Goods Received,20222,2022Q2,IEWAT,Waterford,1,Foreign trade: Great Britain and Northern Ireland,000 Tonnes,5.0,2022,2
TBQ05C02,Goods Received,20222,2022Q2,IEWAT,Waterford,2,Foreign trade: Other EU,000 Tonnes,259.0,2022,2
TBQ05C02,Goods Received,20222,2022Q2,IEWAT,Waterford,3,Foreign trade: Non-EU,000 Tonnes,42.0,2022,2
TBQ05C02,Goods Received,20222,2022Q2,IEWAT,Waterford,4,Foreign trade: Other ports,000 Tonnes,146.0,2022,2
TBQ05C02,Goods Received,20222,2022Q2,IEWAT,Waterford,5,Coastal trade,000 Tonnes,0.0,2022,2
TBQ05C02,Goods Received,20223,2022Q3,IEMIP,All Main Irish Ports,-,All regions of trade,000 Tonnes,8174.0,2022,3
TBQ05C02,Goods Received,20223,2022Q3,IEMIP,All Main Irish Ports,1,Foreign trade: Great Britain and Northern Ireland,000 Tonnes,2826.0,2022,3
TBQ05C02,Goods Received,20223,2022Q3,IEMIP,All Main Irish Ports,2,Foreign trade: Other EU,000 Tonnes,3109.0,2022,3
TBQ05C02,Goods Received,20223,2022Q3,IEMIP,All Main Irish Ports,3,Foreign trade: Non-EU,000 Tonnes,294.0,2022,3
TBQ05C02,Goods Received,20223,2022Q3,IEMIP,All Main Irish Ports,4,Foreign trade: Other ports,000 Tonnes,1728.0,2022,3
TBQ05C02,Goods Received,20223,2022Q3,IEMIP,All Main Irish Ports,5,Coastal trade,000 Tonnes,217.0,2022,3
TBQ05C02,Goods Received,20223,2022Q3,IEBYT,Bantry Bay,-,All regions of trade,000 Tonnes,70.0,2022,3
TBQ05C02,Goods Received,20223,2022Q3,IEBYT,Bantry Bay,1,Foreign trade: Great Britain and Northern Ireland,000 Tonnes,0.0,2022,3
TBQ05C02,Goods Received,20223,2022Q3,IEBYT,Bantry Bay,2,Foreign trade: Other EU,000 Tonnes,70.0,2022,3
TBQ05C02,Goods Received,20223,2022Q3,IEBYT,Bantry Bay,3,Foreign trade: Non-EU,000 Tonnes,0.0,2022,3
TBQ05C02,Goods Received,20223,2022Q3,IEBYT,Bantry Bay,4,Foreign trade: Other ports,000 Tonnes,0.0,2022,3
TBQ05C02,Goods Received,20223,2022Q3,IEBYT,Bantry Bay,5,Coastal trade,000 Tonnes,0.0,2022,3
TBQ05C02,Goods Received,20223,2022Q3,IEDRO,Drogheda,-,All regions of trade,000 Tonnes,106.0,2022,3
TBQ05C02,Goods Received,20223,2022Q3,IEDRO,Drogheda,1,Foreign trade: Great Britain and Northern Ireland,000 Tonnes,18.0,2022,3
TBQ05C02,Goods Received,20223,2022Q3,IEDRO,Drogheda,2,Foreign trade: Other EU,000 Tonnes,79.0,2022,3
TBQ05C02,Goods Received,20223,2022Q3,IEDRO,Drogheda,3,Foreign trade: Non-EU,000 Tonnes,6.0,2022,3
TBQ05C02,Goods Received,20223,2022Q3,IEDRO,Drogheda,4,Foreign trade: Other ports,000 Tonnes,4.0,2022,3
TBQ05C02,Goods Received,20223,2022Q3,IEDRO,Drogheda,5,Coastal trade,000 Tonnes,0.0,2022,3
TBQ05C02,Goods Received,20223,2022Q3,IEDUB,Dublin,-,All regions of trade,000 Tonnes,4328.0,2022,3
TBQ05C02,Goods Received,20223,2022Q3,IEDUB,Dublin,1,Foreign trade: Great Britain and Northern Ireland,000 Tonnes,2430.0,2022,3
TBQ05C02,Goods Received,20223,2022Q3,IEDUB,Dublin,2,Foreign trade: Other EU,000 Tonnes,1560.0,2022,3
TBQ05C02,Goods Received,20223,2022Q3,IEDUB,Dublin,3,Foreign trade: Non-EU,000 Tonnes,32.0,2022,3
TBQ05C02,Goods Received,20223,2022Q3,IEDUB,Dublin,4,Foreign trade: Other ports,000 Tonnes,166.0,2022,3
TBQ05C02,Goods Received,20223,2022Q3,IEDUB,Dublin,5,Coastal trade,000 Tonnes,140.0,2022,3
TBQ05C02,Goods Received,20223,2022Q3,IEFOV,Shannon Foynes,-,All regions of trade,000 Tonnes,1578.0,2022,3
TBQ05C02,Goods Received,20223,2022Q3,IEFOV,Shannon Foynes,1,Foreign trade: Great Britain and Northern Ireland,000 Tonnes,93.0,2022,3
TBQ05C02,Goods Received,20223,2022Q3,IEFOV,Shannon Foynes,2,Foreign trade: Other EU,000 Tonnes,624.0,2022,3
TBQ05C02,Goods Received,20223,2022Q3,IEFOV,Shannon Foynes,3,Foreign trade: Non-EU,000 Tonnes,35.0,2022,3
TBQ05C02,Goods Received,20223,2022Q3,IEFOV,Shannon Foynes,4,Foreign trade: Other ports,000 Tonnes,750.0,2022,3
TBQ05C02,Goods Received,20223,2022Q3,IEFOV,Shannon Foynes,5,Coastal trade,000 Tonnes,76.0,2022,3
TBQ05C02,Goods Received,20223,2022Q3,IEORK,Cork,-,All regions of trade,000 Tonnes,1443.0,2022,3
TBQ05C02,Goods Received,20223,2022Q3,IEORK,Cork,1,Foreign trade: Great Britain and Northern Ireland,000 Tonnes,165.0,2022,3
TBQ05C02,Goods Received,20223,2022Q3,IEORK,Cork,2,Foreign trade: Other EU,000 Tonnes,354.0,2022,3
TBQ05C02,Goods Received,20223,2022Q3,IEORK,Cork,3,Foreign trade: Non-EU,000 Tonnes,199.0,2022,3
TBQ05C02,Goods Received,20223,2022Q3,IEORK,Cork,4,Foreign trade: Other ports,000 Tonnes,722.0,2022,3
TBQ05C02,Goods Received,20223,2022Q3,IEORK,Cork,5,Coastal trade,000 Tonnes,2.0,2022,3
TBQ05C02,Goods Received,20223,2022Q3,IEROS,Rosslare,-,All regions of trade,000 Tonnes,360.0,2022,3
TBQ05C02,Goods Received,20223,2022Q3,IEROS,Rosslare,1,Foreign trade: Great Britain and Northern Ireland,000 Tonnes,112.0,2022,3
TBQ05C02,Goods Received,20223,2022Q3,IEROS,Rosslare,2,Foreign trade: Other EU,000 Tonnes,248.0,2022,3
TBQ05C02,Goods Received,20223,2022Q3,IEROS,Rosslare,3,Foreign trade: Non-EU,000 Tonnes,0.0,2022,3
TBQ05C02,Goods Received,20223,2022Q3,IEROS,Rosslare,4,Foreign trade: Other ports,000 Tonnes,0.0,2022,3
TBQ05C02,Goods Received,20223,2022Q3,IEROS,Rosslare,5,Coastal trade,000 Tonnes,0.0,2022,3
TBQ05C02,Goods Received,20223,2022Q3,IEWAT,Waterford,-,All regions of trade,000 Tonnes,289.0,2022,3
TBQ05C02,Goods Received,20223,2022Q3,IEWAT,Waterford,1,Foreign trade: Great Britain and Northern Ireland,000 Tonnes,8.0,2022,3
TBQ05C02,Goods Received,20223,2022Q3,IEWAT,Waterford,2,Foreign trade: Other EU,000 Tonnes,174.0,2022,3
TBQ05C02,Goods Received,20223,2022Q3,IEWAT,Waterford,3,Foreign trade: Non-EU,000 Tonnes,21.0,2022,3
TBQ05C02,Goods Received,20223,2022Q3,IEWAT,Waterford,4,Foreign trade: Other ports,000 Tonnes,86.0,2022,3
TBQ05C02,Goods Received,20223,2022Q3,IEWAT,Waterford,5,Coastal trade,000 Tonnes,0.0,2022,3
TBQ05C02,Goods Received,20224,2022Q4,IEMIP,All Main Irish Ports,-,All regions of trade,000 Tonnes,8538.0,2022,4
TBQ05C02,Goods Received,20224,2022Q4,IEMIP,All Main Irish Ports,1,Foreign trade: Great Britain and Northern Ireland,000 Tonnes,2727.0,2022,4
TBQ05C02,Goods Received,20224,2022Q4,IEMIP,All Main Irish Ports,2,Foreign trade: Other EU,000 Tonnes,3307.0,2022,4
TBQ05C02,Goods Received,20224,2022Q4,IEMIP,All Main Irish Ports,3,Foreign trade: Non-EU,000 Tonnes,391.0,2022,4
TBQ05C02,Goods Received,20224,2022Q4,IEMIP,All Main Irish Ports,4,Foreign trade: Other ports,000 Tonnes,1950.0,2022,4
TBQ05C02,Goods Received,20224,2022Q4,IEMIP,All Main Irish Ports,5,Coastal trade,000 Tonnes,163.0,2022,4
TBQ05C02,Goods Received,20224,2022Q4,IEBYT,Bantry Bay,-,All regions of trade,000 Tonnes,,2022,4
TBQ05C02,Goods Received,20224,2022Q4,IEBYT,Bantry Bay,1,Foreign trade: Great Britain and Northern Ireland,000 Tonnes,,2022,4
TBQ05C02,Goods Received,20224,2022Q4,IEBYT,Bantry Bay,2,Foreign trade: Other EU,000 Tonnes,,2022,4
TBQ05C02,Goods Received,20224,2022Q4,IEBYT,Bantry Bay,3,Foreign trade: Non-EU,000 Tonnes,,2022,4
TBQ05C02,Goods Received,20224,2022Q4,IEBYT,Bantry Bay,4,Foreign trade: Other ports,000 Tonnes,,2022,4
TBQ05C02,Goods Received,20224,2022Q4,IEBYT,Bantry Bay,5,Coastal trade,000 Tonnes,,2022,4
TBQ05C02,Goods Received,20224,2022Q4,IEDRO,Drogheda,-,All regions of trade,000 Tonnes,141.0,2022,4
TBQ05C02,Goods Received,20224,2022Q4,IEDRO,Drogheda,1,Foreign trade: Great Britain and Northern Ireland,000 Tonnes,14.0,2022,4
TBQ05C02,Goods Received,20224,2022Q4,IEDRO,Drogheda,2,Foreign trade: Other EU,000 Tonnes,117.0,2022,4
TBQ05C02,Goods Received,20224,2022Q4,IEDRO,Drogheda,3,Foreign trade: Non-EU,000 Tonnes,3.0,2022,4
TBQ05C02,Goods Received,20224,2022Q4,IEDRO,Drogheda,4,Foreign trade: Other ports,000 Tonnes,8.0,2022,4
TBQ05C02,Goods Received,20224,2022Q4,IEDRO,Drogheda,5,Coastal trade,000 Tonnes,,2022,4
TBQ05C02,Goods Received,20224,2022Q4,IEDUB,Dublin,-,All regions of trade,000 Tonnes,4087.0,2022,4
TBQ05C02,Goods Received,20224,2022Q4,IEDUB,Dublin,1,Foreign trade: Great Britain and Northern Ireland,000 Tonnes,2399.0,2022,4
TBQ05C02,Goods Received,20224,2022Q4,IEDUB,Dublin,2,Foreign trade: Other EU,000 Tonnes,1373.0,2022,4
TBQ05C02,Goods Received,20224,2022Q4,IEDUB,Dublin,3,Foreign trade: Non-EU,000 Tonnes,23.0,2022,4
TBQ05C02,Goods Received,20224,2022Q4,IEDUB,Dublin,4,Foreign trade: Other ports,000 Tonnes,185.0,2022,4
TBQ05C02,Goods Received,20224,2022Q4,IEDUB,Dublin,5,Coastal trade,000 Tonnes,108.0,2022,4
TBQ05C02,Goods Received,20224,2022Q4,IEFOV,Shannon Foynes,-,All regions of trade,000 Tonnes,2005.0,2022,4
TBQ05C02,Goods Received,20224,2022Q4,IEFOV,Shannon Foynes,1,Foreign trade: Great Britain and Northern Ireland,000 Tonnes,121.0,2022,4
TBQ05C02,Goods Received,20224,2022Q4,IEFOV,Shannon Foynes,2,Foreign trade: Other EU,000 Tonnes,984.0,2022,4
TBQ05C02,Goods Received,20224,2022Q4,IEFOV,Shannon Foynes,3,Foreign trade: Non-EU,000 Tonnes,24.0,2022,4
TBQ05C02,Goods Received,20224,2022Q4,IEFOV,Shannon Foynes,4,Foreign trade: Other ports,000 Tonnes,823.0,2022,4
TBQ05C02,Goods Received,20224,2022Q4,IEFOV,Shannon Foynes,5,Coastal trade,000 Tonnes,54.0,2022,4
TBQ05C02,Goods Received,20224,2022Q4,IEORK,Cork,-,All regions of trade,000 Tonnes,1510.0,2022,4
TBQ05C02,Goods Received,20224,2022Q4,IEORK,Cork,1,Foreign trade: Great Britain and Northern Ireland,000 Tonnes,90.0,2022,4
TBQ05C02,Goods Received,20224,2022Q4,IEORK,Cork,2,Foreign trade: Other EU,000 Tonnes,355.0,2022,4
TBQ05C02,Goods Received,20224,2022Q4,IEORK,Cork,3,Foreign trade: Non-EU,000 Tonnes,274.0,2022,4
TBQ05C02,Goods Received,20224,2022Q4,IEORK,Cork,4,Foreign trade: Other ports,000 Tonnes,790.0,2022,4
TBQ05C02,Goods Received,20224,2022Q4,IEORK,Cork,5,Coastal trade,000 Tonnes,1.0,2022,4
TBQ05C02,Goods Received,20224,2022Q4,IEROS,Rosslare,-,All regions of trade,000 Tonnes,350.0,2022,4
TBQ05C02,Goods Received,20224,2022Q4,IEROS,Rosslare,1,Foreign trade: Great Britain and Northern Ireland,000 Tonnes,99.0,2022,4
TBQ05C02,Goods Received,20224,2022Q4,IEROS,Rosslare,2,Foreign trade: Other EU,000 Tonnes,252.0,2022,4
TBQ05C02,Goods Received,20224,2022Q4,IEROS,Rosslare,3,Foreign trade: Non-EU,000 Tonnes,,2022,4
TBQ05C02,Goods Received,20224,2022Q4,IEROS,Rosslare,4,Foreign trade: Other ports,000 Tonnes,,2022,4
TBQ05C02,Goods Received,20224,2022Q4,IEROS,Rosslare,5,Coastal trade,000 Tonnes,,2022,4
TBQ05C02,Goods Received,20224,2022Q4,IEWAT,Waterford,-,All regions of trade,000 Tonnes,444.0,2022,4
TBQ05C02,Goods Received,20224,2022Q4,IEWAT,Waterford,1,Foreign trade: Great Britain and Northern Ireland,000 Tonnes,5.0,2022,4
TBQ05C02,Goods Received,20224,2022Q4,IEWAT,Waterford,2,Foreign trade: Other EU,000 Tonnes,227.0,2022,4
TBQ05C02,Goods Received,20224,2022Q4,IEWAT,Waterford,3,Foreign trade: Non-EU,000 Tonnes,68.0,2022,4
TBQ05C02,Goods Received,20224,2022Q4,IEWAT,Waterford,4,Foreign trade: Other ports,000 Tonnes,144.0,2022,4
TBQ05C02,Goods Received,20224,2022Q4,IEWAT,Waterford,5,Coastal trade,000 Tonnes,,2022,4
TBQ05C02,Goods Received,20231,2023Q1,IEMIP,All Main Irish Ports,-,All regions of trade,000 Tonnes,7914.0,2023,1
TBQ05C02,Goods Received,20231,2023Q1,IEMIP,All Main Irish Ports,1,Foreign trade: Great Britain and Northern Ireland,000 Tonnes,2593.0,2023,1
TBQ05C02,Goods Received,20231,2023Q1,IEMIP,All Main Irish Ports,2,Foreign trade: Other EU,000 Tonnes,3317.0,2023,1
TBQ05C02,Goods Received,20231,2023Q1,IEMIP,All Main Irish Ports,3,Foreign trade: Non-EU,000 Tonnes,506.0,2023,1
TBQ05C02,Goods Received,20231,2023Q1,IEMIP,All Main Irish Ports,4,Foreign trade: Other ports,000 Tonnes,1283.0,2023,1
TBQ05C02,Goods Received,20231,2023Q1,IEMIP,All Main Irish Ports,5,Coastal trade,000 Tonnes,215.0,2023,1
TBQ05C02,Goods Received,20231,2023Q1,IEBYT,Bantry Bay,-,All regions of trade,000 Tonnes,79.0,2023,1
TBQ05C02,Goods Received,20231,2023Q1,IEBYT,Bantry Bay,1,Foreign trade: Great Britain and Northern Ireland,000 Tonnes,,2023,1
TBQ05C02,Goods Received,20231,2023Q1,IEBYT,Bantry Bay,2,Foreign trade: Other EU,000 Tonnes,,2023,1
TBQ05C02,Goods Received,20231,2023Q1,IEBYT,Bantry Bay,3,Foreign trade: Non-EU,000 Tonnes,79.0,2023,1
TBQ05C02,Goods Received,20231,2023Q1,IEBYT,Bantry Bay,4,Foreign trade: Other ports,000 Tonnes,,2023,1
TBQ05C02,Goods Received,20231,2023Q1,IEBYT,Bantry Bay,5,Coastal trade,000 Tonnes,,2023,1
TBQ05C02,Goods Received,20231,2023Q1,IEDRO,Drogheda,-,All regions of trade,000 Tonnes,124.0,2023,1
TBQ05C02,Goods Received,20231,2023Q1,IEDRO,Drogheda,1,Foreign trade: Great Britain and Northern Ireland,000 Tonnes,19.0,2023,1
TBQ05C02,Goods Received,20231,2023Q1,IEDRO,Drogheda,2,Foreign trade: Other EU,000 Tonnes,96.0,2023,1
TBQ05C02,Goods Received,20231,2023Q1,IEDRO,Drogheda,3,Foreign trade: Non-EU,000 Tonnes,6.0,2023,1
TBQ05C02,Goods Received,20231,2023Q1,IEDRO,Drogheda,4,Foreign trade: Other ports,000 Tonnes,,2023,1
TBQ05C02,Goods Received,20231,2023Q1,IEDRO,Drogheda,5,Coastal trade,000 Tonnes,2.0,2023,1
TBQ05C02,Goods Received,20231,2023Q1,IEDUB,Dublin,-,All regions of trade,000 Tonnes,4070.0,2023,1
TBQ05C02,Goods Received,20231,2023Q1,IEDUB,Dublin,1,Foreign trade: Great Britain and Northern Ireland,000 Tonnes,2073.0,2023,1
TBQ05C02,Goods Received,20231,2023Q1,IEDUB,Dublin,2,Foreign trade: Other EU,000 Tonnes,1557.0,2023,1
TBQ05C02,Goods Received,20231,2023Q1,IEDUB,Dublin,3,Foreign trade: Non-EU,000 Tonnes,30.0,2023,1
TBQ05C02,Goods Received,20231,2023Q1,IEDUB,Dublin,4,Foreign trade: Other ports,000 Tonnes,229.0,2023,1
TBQ05C02,Goods Received,20231,2023Q1,IEDUB,Dublin,5,Coastal trade,000 Tonnes,180.0,2023,1
TBQ05C02,Goods Received,20231,2023Q1,IEFOV,Shannon Foynes,-,All regions of trade,000 Tonnes,1518.0,2023,1
TBQ05C02,Goods Received,20231,2023Q1,IEFOV,Shannon Foynes,1,Foreign trade: Great Britain and Northern Ireland,000 Tonnes,229.0,2023,1
TBQ05C02,Goods Received,20231,2023Q1,IEFOV,Shannon Foynes,2,Foreign trade: Other EU,000 Tonnes,826.0,2023,1
TBQ05C02,Goods Received,20231,2023Q1,IEFOV,Shannon Foynes,3,Foreign trade: Non-EU,000 Tonnes,165.0,2023,1
TBQ05C02,Goods Received,20231,2023Q1,IEFOV,Shannon Foynes,4,Foreign trade: Other ports,000 Tonnes,267.0,2023,1
TBQ05C02,Goods Received,20231,2023Q1,IEFOV,Shannon Foynes,5,Coastal trade,000 Tonnes,32.0,2023,1
TBQ05C02,Goods Received,20231,2023Q1,IEORK,Cork,-,All regions of trade,000 Tonnes,1411.0,2023,1
TBQ05C02,Goods Received,20231,2023Q1,IEORK,Cork,1,Foreign trade: Great Britain and Northern Ireland,000 Tonnes,171.0,2023,1
TBQ05C02,Goods Received,20231,2023Q1,IEORK,Cork,2,Foreign trade: Other EU,000 Tonnes,341.0,2023,1
TBQ05C02,Goods Received,20231,2023Q1,IEORK,Cork,3,Foreign trade: Non-EU,000 Tonnes,212.0,2023,1
TBQ05C02,Goods Received,20231,2023Q1,IEORK,Cork,4,Foreign trade: Other ports,000 Tonnes,686.0,2023,1
TBQ05C02,Goods Received,20231,2023Q1,IEORK,Cork,5,Coastal trade,000 Tonnes,1.0,2023,1
TBQ05C02,Goods Received,20231,2023Q1,IEROS,Rosslare,-,All regions of trade,000 Tonnes,352.0,2023,1
TBQ05C02,Goods Received,20231,2023Q1,IEROS,Rosslare,1,Foreign trade: Great Britain and Northern Ireland,000 Tonnes,96.0,2023,1
TBQ05C02,Goods Received,20231,2023Q1,IEROS,Rosslare,2,Foreign trade: Other EU,000 Tonnes,256.0,2023,1
TBQ05C02,Goods Received,20231,2023Q1,IEROS,Rosslare,3,Foreign trade: Non-EU,000 Tonnes,,2023,1
TBQ05C02,Goods Received,20231,2023Q1,IEROS,Rosslare,4,Foreign trade: Other ports,000 Tonnes,,2023,1
TBQ05C02,Goods Received,20231,2023Q1,IEROS,Rosslare,5,Coastal trade,000 Tonnes,,2023,1
TBQ05C02,Goods Received,20231,2023Q1,IEWAT,Waterford,-,All regions of trade,000 Tonnes,360.0,2023,1
TBQ05C02,Goods Received,20231,2023Q1,IEWAT,Waterford,1,Foreign trade: Great Britain and Northern Ireland,000 Tonnes,4.0,2023,1
TBQ05C02,Goods Received,20231,2023Q1,IEWAT,Waterford,2,Foreign trade: Other EU,000 Tonnes,242.0,2023,1
TBQ05C02,Goods Received,20231,2023Q1,IEWAT,Waterford,3,Foreign trade: Non-EU,000 Tonnes,12.0,2023,1
TBQ05C02,Goods Received,20231,2023Q1,IEWAT,Waterford,4,Foreign trade: Other ports,000 Tonnes,101.0,2023,1
TBQ05C02,Goods Received,20231,2023Q1,IEWAT,Waterford,5,Coastal trade,000 Tonnes,,2023,1
TBQ05C03,Goods Forwarded,20171,2017Q1,IEMIP,All Main Irish Ports,-,All regions of trade,000 Tonnes,4158.0,2017,1
TBQ05C03,Goods Forwarded,20171,2017Q1,IEMIP,All Main Irish Ports,1,Foreign trade: Great Britain and Northern Ireland,000 Tonnes,2189.0,2017,1
TBQ05C03,Goods Forwarded,20171,2017Q1,IEMIP,All Main Irish Ports,2,Foreign trade: Other EU,000 Tonnes,1407.0,2017,1
TBQ05C03,Goods Forwarded,20171,2017Q1,IEMIP,All Main Irish Ports,3,Foreign trade: Non-EU,000 Tonnes,225.0,2017,1
TBQ05C03,Goods Forwarded,20171,2017Q1,IEMIP,All Main Irish Ports,4,Foreign trade: Other ports,000 Tonnes,134.0,2017,1
TBQ05C03,Goods Forwarded,20171,2017Q1,IEMIP,All Main Irish Ports,5,Coastal trade,000 Tonnes,203.0,2017,1
TBQ05C03,Goods Forwarded,20171,2017Q1,IEBYT,Bantry Bay,-,All regions of trade,000 Tonnes,0.0,2017,1
TBQ05C03,Goods Forwarded,20171,2017Q1,IEBYT,Bantry Bay,1,Foreign trade: Great Britain and Northern Ireland,000 Tonnes,0.0,2017,1
TBQ05C03,Goods Forwarded,20171,2017Q1,IEBYT,Bantry Bay,2,Foreign trade: Other EU,000 Tonnes,0.0,2017,1
TBQ05C03,Goods Forwarded,20171,2017Q1,IEBYT,Bantry Bay,3,Foreign trade: Non-EU,000 Tonnes,0.0,2017,1
TBQ05C03,Goods Forwarded,20171,2017Q1,IEBYT,Bantry Bay,4,Foreign trade: Other ports,000 Tonnes,0.0,2017,1
TBQ05C03,Goods Forwarded,20171,2017Q1,IEBYT,Bantry Bay,5,Coastal trade,000 Tonnes,0.0,2017,1
TBQ05C03,Goods Forwarded,20171,2017Q1,IEDRO,Drogheda,-,All regions of trade,000 Tonnes,116.0,2017,1
TBQ05C03,Goods Forwarded,20171,2017Q1,IEDRO,Drogheda,1,Foreign trade: Great Britain and Northern Ireland,000 Tonnes,41.0,2017,1
TBQ05C03,Goods Forwarded,20171,2017Q1,IEDRO,Drogheda,2,Foreign trade: Other EU,000 Tonnes,72.0,2017,1
TBQ05C03,Goods Forwarded,20171,2017Q1,IEDRO,Drogheda,3,Foreign trade: Non-EU,000 Tonnes,2.0,2017,1
TBQ05C03,Goods Forwarded,20171,2017Q1,IEDRO,Drogheda,4,Foreign trade: Other ports,000 Tonnes,2.0,2017,1
TBQ05C03,Goods Forwarded,20171,2017Q1,IEDRO,Drogheda,5,Coastal trade,000 Tonnes,0.0,2017,1
TBQ05C03,Goods Forwarded,20171,2017Q1,IEDUB,Dublin,-,All regions of trade,000 Tonnes,2233.0,2017,1
TBQ05C03,Goods Forwarded,20171,2017Q1,IEDUB,Dublin,1,Foreign trade: Great Britain and Northern Ireland,000 Tonnes,1527.0,2017,1
TBQ05C03,Goods Forwarded,20171,2017Q1,IEDUB,Dublin,2,Foreign trade: Other EU,000 Tonnes,646.0,2017,1
TBQ05C03,Goods Forwarded,20171,2017Q1,IEDUB,Dublin,3,Foreign trade: Non-EU,000 Tonnes,44.0,2017,1
TBQ05C03,Goods Forwarded,20171,2017Q1,IEDUB,Dublin,4,Foreign trade: Other ports,000 Tonnes,6.0,2017,1
TBQ05C03,Goods Forwarded,20171,2017Q1,IEDUB,Dublin,5,Coastal trade,000 Tonnes,9.0,2017,1
TBQ05C03,Goods Forwarded,20171,2017Q1,IEFOV,Shannon Foynes,-,All regions of trade,000 Tonnes,635.0,2017,1
TBQ05C03,Goods Forwarded,20171,2017Q1,IEFOV,Shannon Foynes,1,Foreign trade: Great Britain and Northern Ireland,000 Tonnes,168.0,2017,1
TBQ05C03,Goods Forwarded,20171,2017Q1,IEFOV,Shannon Foynes,2,Foreign trade: Other EU,000 Tonnes,277.0,2017,1
TBQ05C03,Goods Forwarded,20171,2017Q1,IEFOV,Shannon Foynes,3,Foreign trade: Non-EU,000 Tonnes,106.0,2017,1
TBQ05C03,Goods Forwarded,20171,2017Q1,IEFOV,Shannon Foynes,4,Foreign trade: Other ports,000 Tonnes,0.0,2017,1
TBQ05C03,Goods Forwarded,20171,2017Q1,IEFOV,Shannon Foynes,5,Coastal trade,000 Tonnes,84.0,2017,1
TBQ05C03,Goods Forwarded,20171,2017Q1,IEORK,Cork,-,All regions of trade,000 Tonnes,829.0,2017,1
TBQ05C03,Goods Forwarded,20171,2017Q1,IEORK,Cork,1,Foreign trade: Great Britain and Northern Ireland,000 Tonnes,211.0,2017,1
TBQ05C03,Goods Forwarded,20171,2017Q1,IEORK,Cork,2,Foreign trade: Other EU,000 Tonnes,309.0,2017,1
TBQ05C03,Goods Forwarded,20171,2017Q1,IEORK,Cork,3,Foreign trade: Non-EU,000 Tonnes,72.0,2017,1
TBQ05C03,Goods Forwarded,20171,2017Q1,IEORK,Cork,4,Foreign trade: Other ports,000 Tonnes,126.0,2017,1
TBQ05C03,Goods Forwarded,20171,2017Q1,IEORK,Cork,5,Coastal trade,000 Tonnes,110.0,2017,1
TBQ05C03,Goods Forwarded,20171,2017Q1,IEROS,Rosslare,-,All regions of trade,000 Tonnes,296.0,2017,1
TBQ05C03,Goods Forwarded,20171,2017Q1,IEROS,Rosslare,1,Foreign trade: Great Britain and Northern Ireland,000 Tonnes,241.0,2017,1
TBQ05C03,Goods Forwarded,20171,2017Q1,IEROS,Rosslare,2,Foreign trade: Other EU,000 Tonnes,55.0,2017,1
TBQ05C03,Goods Forwarded,20171,2017Q1,IEROS,Rosslare,3,Foreign trade: Non-EU,000 Tonnes,0.0,2017,1
TBQ05C03,Goods Forwarded,20171,2017Q1,IEROS,Rosslare,4,Foreign trade: Other ports,000 Tonnes,0.0,2017,1
TBQ05C03,Goods Forwarded,20171,2017Q1,IEROS,Rosslare,5,Coastal trade,000 Tonnes,0.0,2017,1
TBQ05C03,Goods Forwarded,20171,2017Q1,IEWAT,Waterford,-,All regions of trade,000 Tonnes,50.0,2017,1
TBQ05C03,Goods Forwarded,20171,2017Q1,IEWAT,Waterford,1,Foreign trade: Great Britain and Northern Ireland,000 Tonnes,2.0,2017,1
TBQ05C03,Goods Forwarded,20171,2017Q1,IEWAT,Waterford,2,Foreign trade: Other EU,000 Tonnes,48.0,2017,1
TBQ05C03,Goods Forwarded,20171,2017Q1,IEWAT,Waterford,3,Foreign trade: Non-EU,000 Tonnes,0.0,2017,1
TBQ05C03,Goods Forwarded,20171,2017Q1,IEWAT,Waterford,4,Foreign trade: Other ports,000 Tonnes,0.0,2017,1
TBQ05C03,Goods Forwarded,20171,2017Q1,IEWAT,Waterford,5,Coastal trade,000 Tonnes,0.0,2017,1
TBQ05C03,Goods Forwarded,20172,2017Q2,IEMIP,All Main Irish Ports,-,All regions of trade,000 Tonnes,4486.0,2017,2
TBQ05C03,Goods Forwarded,20172,2017Q2,IEMIP,All Main Irish Ports,1,Foreign trade: Great Britain and Northern Ireland,000 Tonnes,2275.0,2017,2
TBQ05C03,Goods Forwarded,20172,2017Q2,IEMIP,All Main Irish Ports,2,Foreign trade: Other EU,000 Tonnes,1429.0,2017,2
TBQ05C03,Goods Forwarded,20172,2017Q2,IEMIP,All Main Irish Ports,3,Foreign trade: Non-EU,000 Tonnes,193.0,2017,2
TBQ05C03,Goods Forwarded,20172,2017Q2,IEMIP,All Main Irish Ports,4,Foreign trade: Other ports,000 Tonnes,375.0,2017,2
TBQ05C03,Goods Forwarded,20172,2017Q2,IEMIP,All Main Irish Ports,5,Coastal trade,000 Tonnes,213.0,2017,2
TBQ05C03,Goods Forwarded,20172,2017Q2,IEBYT,Bantry Bay,-,All regions of trade,000 Tonnes,134.0,2017,2
TBQ05C03,Goods Forwarded,20172,2017Q2,IEBYT,Bantry Bay,1,Foreign trade: Great Britain and Northern Ireland,000 Tonnes,0.0,2017,2
TBQ05C03,Goods Forwarded,20172,2017Q2,IEBYT,Bantry Bay,2,Foreign trade: Other EU,000 Tonnes,0.0,2017,2
TBQ05C03,Goods Forwarded,20172,2017Q2,IEBYT,Bantry Bay,3,Foreign trade: Non-EU,000 Tonnes,0.0,2017,2
TBQ05C03,Goods Forwarded,20172,2017Q2,IEBYT,Bantry Bay,4,Foreign trade: Other ports,000 Tonnes,134.0,2017,2
TBQ05C03,Goods Forwarded,20172,2017Q2,IEBYT,Bantry Bay,5,Coastal trade,000 Tonnes,0.0,2017,2
TBQ05C03,Goods Forwarded,20172,2017Q2,IEDRO,Drogheda,-,All regions of trade,000 Tonnes,123.0,2017,2
TBQ05C03,Goods Forwarded,20172,2017Q2,IEDRO,Drogheda,1,Foreign trade: Great Britain and Northern Ireland,000 Tonnes,63.0,2017,2
TBQ05C03,Goods Forwarded,20172,2017Q2,IEDRO,Drogheda,2,Foreign trade: Other EU,000 Tonnes,60.0,2017,2
TBQ05C03,Goods Forwarded,20172,2017Q2,IEDRO,Drogheda,3,Foreign trade: Non-EU,000 Tonnes,0.0,2017,2
TBQ05C03,Goods Forwarded,20172,2017Q2,IEDRO,Drogheda,4,Foreign trade: Other ports,000 Tonnes,0.0,2017,2
TBQ05C03,Goods Forwarded,20172,2017Q2,IEDRO,Drogheda,5,Coastal trade,000 Tonnes,0.0,2017,2
TBQ05C03,Goods Forwarded,20172,2017Q2,IEDUB,Dublin,-,All regions of trade,000 Tonnes,2317.0,2017,2
TBQ05C03,Goods Forwarded,20172,2017Q2,IEDUB,Dublin,1,Foreign trade: Great Britain and Northern Ireland,000 Tonnes,1548.0,2017,2
TBQ05C03,Goods Forwarded,20172,2017Q2,IEDUB,Dublin,2,Foreign trade: Other EU,000 Tonnes,679.0,2017,2
TBQ05C03,Goods Forwarded,20172,2017Q2,IEDUB,Dublin,3,Foreign trade: Non-EU,000 Tonnes,68.0,2017,2
TBQ05C03,Goods Forwarded,20172,2017Q2,IEDUB,Dublin,4,Foreign trade: Other ports,000 Tonnes,3.0,2017,2
TBQ05C03,Goods Forwarded,20172,2017Q2,IEDUB,Dublin,5,Coastal trade,000 Tonnes,20.0,2017,2
TBQ05C03,Goods Forwarded,20172,2017Q2,IEFOV,Shannon Foynes,-,All regions of trade,000 Tonnes,807.0,2017,2
TBQ05C03,Goods Forwarded,20172,2017Q2,IEFOV,Shannon Foynes,1,Foreign trade: Great Britain and Northern Ireland,000 Tonnes,255.0,2017,2
TBQ05C03,Goods Forwarded,20172,2017Q2,IEFOV,Shannon Foynes,2,Foreign trade: Other EU,000 Tonnes,299.0,2017,2
TBQ05C03,Goods Forwarded,20172,2017Q2,IEFOV,Shannon Foynes,3,Foreign trade: Non-EU,000 Tonnes,5.0,2017,2
TBQ05C03,Goods Forwarded,20172,2017Q2,IEFOV,Shannon Foynes,4,Foreign trade: Other ports,000 Tonnes,164.0,2017,2
TBQ05C03,Goods Forwarded,20172,2017Q2,IEFOV,Shannon Foynes,5,Coastal trade,000 Tonnes,84.0,2017,2
TBQ05C03,Goods Forwarded,20172,2017Q2,IEORK,Cork,-,All regions of trade,000 Tonnes,729.0,2017,2
TBQ05C03,Goods Forwarded,20172,2017Q2,IEORK,Cork,1,Foreign trade: Great Britain and Northern Ireland,000 Tonnes,154.0,2017,2
TBQ05C03,Goods Forwarded,20172,2017Q2,IEORK,Cork,2,Foreign trade: Other EU,000 Tonnes,270.0,2017,2
TBQ05C03,Goods Forwarded,20172,2017Q2,IEORK,Cork,3,Foreign trade: Non-EU,000 Tonnes,120.0,2017,2
TBQ05C03,Goods Forwarded,20172,2017Q2,IEORK,Cork,4,Foreign trade: Other ports,000 Tonnes,75.0,2017,2
TBQ05C03,Goods Forwarded,20172,2017Q2,IEORK,Cork,5,Coastal trade,000 Tonnes,110.0,2017,2
TBQ05C03,Goods Forwarded,20172,2017Q2,IEROS,Rosslare,-,All regions of trade,000 Tonnes,315.0,2017,2
TBQ05C03,Goods Forwarded,20172,2017Q2,IEROS,Rosslare,1,Foreign trade: Great Britain and Northern Ireland,000 Tonnes,254.0,2017,2
TBQ05C03,Goods Forwarded,20172,2017Q2,IEROS,Rosslare,2,Foreign trade: Other EU,000 Tonnes,61.0,2017,2
TBQ05C03,Goods Forwarded,20172,2017Q2,IEROS,Rosslare,3,Foreign trade: Non-EU,000 Tonnes,0.0,2017,2
TBQ05C03,Goods Forwarded,20172,2017Q2,IEROS,Rosslare,4,Foreign trade: Other ports,000 Tonnes,0.0,2017,2
TBQ05C03,Goods Forwarded,20172,2017Q2,IEROS,Rosslare,5,Coastal trade,000 Tonnes,0.0,2017,2
TBQ05C03,Goods Forwarded,20172,2017Q2,IEWAT,Waterford,-,All regions of trade,000 Tonnes,61.0,2017,2
TBQ05C03,Goods Forwarded,20172,2017Q2,IEWAT,Waterford,1,Foreign trade: Great Britain and Northern Ireland,000 Tonnes,0.0,2017,2
TBQ05C03,Goods Forwarded,20172,2017Q2,IEWAT,Waterford,2,Foreign trade: Other EU,000 Tonnes,60.0,2017,2
TBQ05C03,Goods Forwarded,20172,2017Q2,IEWAT,Waterford,3,Foreign trade: Non-EU,000 Tonnes,0.0,2017,2
TBQ05C03,Goods Forwarded,20172,2017Q2,IEWAT,Waterford,4,Foreign trade: Other ports,000 Tonnes,0.0,2017,2
TBQ05C03,Goods Forwarded,20172,2017Q2,IEWAT,Waterford,5,Coastal trade,000 Tonnes,0.0,2017,2
TBQ05C03,Goods Forwarded,20173,2017Q3,IEMIP,All Main Irish Ports,-,All regions of trade,000 Tonnes,4577.0,2017,3
TBQ05C03,Goods Forwarded,20173,2017Q3,IEMIP,All Main Irish Ports,1,Foreign trade: Great Britain and Northern Ireland,000 Tonnes,2421.0,2017,3
TBQ05C03,Goods Forwarded,20173,2017Q3,IEMIP,All Main Irish Ports,2,Foreign trade: Other EU,000 Tonnes,1582.0,2017,3
TBQ05C03,Goods Forwarded,20173,2017Q3,IEMIP,All Main Irish Ports,3,Foreign trade: Non-EU,000 Tonnes,55.0,2017,3
TBQ05C03,Goods Forwarded,20173,2017Q3,IEMIP,All Main Irish Ports,4,Foreign trade: Other ports,000 Tonnes,296.0,2017,3
TBQ05C03,Goods Forwarded,20173,2017Q3,IEMIP,All Main Irish Ports,5,Coastal trade,000 Tonnes,223.0,2017,3
TBQ05C03,Goods Forwarded,20173,2017Q3,IEBYT,Bantry Bay,-,All regions of trade,000 Tonnes,277.0,2017,3
TBQ05C03,Goods Forwarded,20173,2017Q3,IEBYT,Bantry Bay,1,Foreign trade: Great Britain and Northern Ireland,000 Tonnes,94.0,2017,3
TBQ05C03,Goods Forwarded,20173,2017Q3,IEBYT,Bantry Bay,2,Foreign trade: Other EU,000 Tonnes,79.0,2017,3
TBQ05C03,Goods Forwarded,20173,2017Q3,IEBYT,Bantry Bay,3,Foreign trade: Non-EU,000 Tonnes,0.0,2017,3
TBQ05C03,Goods Forwarded,20173,2017Q3,IEBYT,Bantry Bay,4,Foreign trade: Other ports,000 Tonnes,105.0,2017,3
TBQ05C03,Goods Forwarded,20173,2017Q3,IEBYT,Bantry Bay,5,Coastal trade,000 Tonnes,0.0,2017,3
TBQ05C03,Goods Forwarded,20173,2017Q3,IEDRO,Drogheda,-,All regions of trade,000 Tonnes,115.0,2017,3
TBQ05C03,Goods Forwarded,20173,2017Q3,IEDRO,Drogheda,1,Foreign trade: Great Britain and Northern Ireland,000 Tonnes,49.0,2017,3
TBQ05C03,Goods Forwarded,20173,2017Q3,IEDRO,Drogheda,2,Foreign trade: Other EU,000 Tonnes,66.0,2017,3
TBQ05C03,Goods Forwarded,20173,2017Q3,IEDRO,Drogheda,3,Foreign trade: Non-EU,000 Tonnes,0.0,2017,3
TBQ05C03,Goods Forwarded,20173,2017Q3,IEDRO,Drogheda,4,Foreign trade: Other ports,000 Tonnes,0.0,2017,3
TBQ05C03,Goods Forwarded,20173,2017Q3,IEDRO,Drogheda,5,Coastal trade,000 Tonnes,0.0,2017,3
TBQ05C03,Goods Forwarded,20173,2017Q3,IEDUB,Dublin,-,All regions of trade,000 Tonnes,2306.0,2017,3
TBQ05C03,Goods Forwarded,20173,2017Q3,IEDUB,Dublin,1,Foreign trade: Great Britain and Northern Ireland,000 Tonnes,1550.0,2017,3
TBQ05C03,Goods Forwarded,20173,2017Q3,IEDUB,Dublin,2,Foreign trade: Other EU,000 Tonnes,677.0,2017,3
TBQ05C03,Goods Forwarded,20173,2017Q3,IEDUB,Dublin,3,Foreign trade: Non-EU,000 Tonnes,39.0,2017,3
TBQ05C03,Goods Forwarded,20173,2017Q3,IEDUB,Dublin,4,Foreign trade: Other ports,000 Tonnes,11.0,2017,3
TBQ05C03,Goods Forwarded,20173,2017Q3,IEDUB,Dublin,5,Coastal trade,000 Tonnes,29.0,2017,3
TBQ05C03,Goods Forwarded,20173,2017Q3,IEFOV,Shannon Foynes,-,All regions of trade,000 Tonnes,713.0,2017,3
TBQ05C03,Goods Forwarded,20173,2017Q3,IEFOV,Shannon Foynes,1,Foreign trade: Great Britain and Northern Ireland,000 Tonnes,309.0,2017,3
TBQ05C03,Goods Forwarded,20173,2017Q3,IEFOV,Shannon Foynes,2,Foreign trade: Other EU,000 Tonnes,278.0,2017,3
TBQ05C03,Goods Forwarded,20173,2017Q3,IEFOV,Shannon Foynes,3,Foreign trade: Non-EU,000 Tonnes,15.0,2017,3
TBQ05C03,Goods Forwarded,20173,2017Q3,IEFOV,Shannon Foynes,4,Foreign trade: Other ports,000 Tonnes,14.0,2017,3
TBQ05C03,Goods Forwarded,20173,2017Q3,IEFOV,Shannon Foynes,5,Coastal trade,000 Tonnes,97.0,2017,3
TBQ05C03,Goods Forwarded,20173,2017Q3,IEORK,Cork,-,All regions of trade,000 Tonnes,799.0,2017,3
TBQ05C03,Goods Forwarded,20173,2017Q3,IEORK,Cork,1,Foreign trade: Great Britain and Northern Ireland,000 Tonnes,162.0,2017,3
TBQ05C03,Goods Forwarded,20173,2017Q3,IEORK,Cork,2,Foreign trade: Other EU,000 Tonnes,373.0,2017,3
TBQ05C03,Goods Forwarded,20173,2017Q3,IEORK,Cork,3,Foreign trade: Non-EU,000 Tonnes,0.0,2017,3
TBQ05C03,Goods Forwarded,20173,2017Q3,IEORK,Cork,4,Foreign trade: Other ports,000 Tonnes,166.0,2017,3
TBQ05C03,Goods Forwarded,20173,2017Q3,IEORK,Cork,5,Coastal trade,000 Tonnes,97.0,2017,3
TBQ05C03,Goods Forwarded,20173,2017Q3,IEROS,Rosslare,-,All regions of trade,000 Tonnes,309.0,2017,3
TBQ05C03,Goods Forwarded,20173,2017Q3,IEROS,Rosslare,1,Foreign trade: Great Britain and Northern Ireland,000 Tonnes,255.0,2017,3
TBQ05C03,Goods Forwarded,20173,2017Q3,IEROS,Rosslare,2,Foreign trade: Other EU,000 Tonnes,54.0,2017,3
TBQ05C03,Goods Forwarded,20173,2017Q3,IEROS,Rosslare,3,Foreign trade: Non-EU,000 Tonnes,0.0,2017,3
TBQ05C03,Goods Forwarded,20173,2017Q3,IEROS,Rosslare,4,Foreign trade: Other ports,000 Tonnes,0.0,2017,3
TBQ05C03,Goods Forwarded,20173,2017Q3,IEROS,Rosslare,5,Coastal trade,000 Tonnes,0.0,2017,3
TBQ05C03,Goods Forwarded,20173,2017Q3,IEWAT,Waterford,-,All regions of trade,000 Tonnes,57.0,2017,3
TBQ05C03,Goods Forwarded,20173,2017Q3,IEWAT,Waterford,1,Foreign trade: Great Britain and Northern Ireland,000 Tonnes,1.0,2017,3
TBQ05C03,Goods Forwarded,20173,2017Q3,IEWAT,Waterford,2,Foreign trade: Other EU,000 Tonnes,56.0,2017,3
TBQ05C03,Goods Forwarded,20173,2017Q3,IEWAT,Waterford,3,Foreign trade: Non-EU,000 Tonnes,1.0,2017,3
TBQ05C03,Goods Forwarded,20173,2017Q3,IEWAT,Waterford,4,Foreign trade: Other ports,000 Tonnes,0.0,2017,3
TBQ05C03,Goods Forwarded,20173,2017Q3,IEWAT,Waterford,5,Coastal trade,000 Tonnes,0.0,2017,3
TBQ05C03,Goods Forwarded,20174,2017Q4,IEMIP,All Main Irish Ports,-,All regions of trade,000 Tonnes,4271.0,2017,4
TBQ05C03,Goods Forwarded,20174,2017Q4,IEMIP,All Main Irish Ports,1,Foreign trade: Great Britain and Northern Ireland,000 Tonnes,2171.0,2017,4
TBQ05C03,Goods Forwarded,20174,2017Q4,IEMIP,All Main Irish Ports,2,Foreign trade: Other EU,000 Tonnes,1510.0,2017,4
TBQ05C03,Goods Forwarded,20174,2017Q4,IEMIP,All Main Irish Ports,3,Foreign trade: Non-EU,000 Tonnes,156.0,2017,4
TBQ05C03,Goods Forwarded,20174,2017Q4,IEMIP,All Main Irish Ports,4,Foreign trade: Other ports,000 Tonnes,222.0,2017,4
TBQ05C03,Goods Forwarded,20174,2017Q4,IEMIP,All Main Irish Ports,5,Coastal trade,000 Tonnes,211.0,2017,4
TBQ05C03,Goods Forwarded,20174,2017Q4,IEBYT,Bantry Bay,-,All regions of trade,000 Tonnes,70.0,2017,4
TBQ05C03,Goods Forwarded,20174,2017Q4,IEBYT,Bantry Bay,1,Foreign trade: Great Britain and Northern Ireland,000 Tonnes,0.0,2017,4
TBQ05C03,Goods Forwarded,20174,2017Q4,IEBYT,Bantry Bay,2,Foreign trade: Other EU,000 Tonnes,0.0,2017,4
TBQ05C03,Goods Forwarded,20174,2017Q4,IEBYT,Bantry Bay,3,Foreign trade: Non-EU,000 Tonnes,0.0,2017,4
TBQ05C03,Goods Forwarded,20174,2017Q4,IEBYT,Bantry Bay,4,Foreign trade: Other ports,000 Tonnes,70.0,2017,4
TBQ05C03,Goods Forwarded,20174,2017Q4,IEBYT,Bantry Bay,5,Coastal trade,000 Tonnes,0.0,2017,4
TBQ05C03,Goods Forwarded,20174,2017Q4,IEDRO,Drogheda,-,All regions of trade,000 Tonnes,159.0,2017,4
TBQ05C03,Goods Forwarded,20174,2017Q4,IEDRO,Drogheda,1,Foreign trade: Great Britain and Northern Ireland,000 Tonnes,61.0,2017,4
TBQ05C03,Goods Forwarded,20174,2017Q4,IEDRO,Drogheda,2,Foreign trade: Other EU,000 Tonnes,93.0,2017,4
TBQ05C03,Goods Forwarded,20174,2017Q4,IEDRO,Drogheda,3,Foreign trade: Non-EU,000 Tonnes,0.0,2017,4
TBQ05C03,Goods Forwarded,20174,2017Q4,IEDRO,Drogheda,4,Foreign trade: Other ports,000 Tonnes,4.0,2017,4
TBQ05C03,Goods Forwarded,20174,2017Q4,IEDRO,Drogheda,5,Coastal trade,000 Tonnes,0.0,2017,4
TBQ05C03,Goods Forwarded,20174,2017Q4,IEDUB,Dublin,-,All regions of trade,000 Tonnes,2251.0,2017,4
TBQ05C03,Goods Forwarded,20174,2017Q4,IEDUB,Dublin,1,Foreign trade: Great Britain and Northern Ireland,000 Tonnes,1468.0,2017,4
TBQ05C03,Goods Forwarded,20174,2017Q4,IEDUB,Dublin,2,Foreign trade: Other EU,000 Tonnes,690.0,2017,4
TBQ05C03,Goods Forwarded,20174,2017Q4,IEDUB,Dublin,3,Foreign trade: Non-EU,000 Tonnes,29.0,2017,4
TBQ05C03,Goods Forwarded,20174,2017Q4,IEDUB,Dublin,4,Foreign trade: Other ports,000 Tonnes,30.0,2017,4
TBQ05C03,Goods Forwarded,20174,2017Q4,IEDUB,Dublin,5,Coastal trade,000 Tonnes,34.0,2017,4
TBQ05C03,Goods Forwarded,20174,2017Q4,IEFOV,Shannon Foynes,-,All regions of trade,000 Tonnes,607.0,2017,4
TBQ05C03,Goods Forwarded,20174,2017Q4,IEFOV,Shannon Foynes,1,Foreign trade: Great Britain and Northern Ireland,000 Tonnes,220.0,2017,4
TBQ05C03,Goods Forwarded,20174,2017Q4,IEFOV,Shannon Foynes,2,Foreign trade: Other EU,000 Tonnes,278.0,2017,4
TBQ05C03,Goods Forwarded,20174,2017Q4,IEFOV,Shannon Foynes,3,Foreign trade: Non-EU,000 Tonnes,55.0,2017,4
TBQ05C03,Goods Forwarded,20174,2017Q4,IEFOV,Shannon Foynes,4,Foreign trade: Other ports,000 Tonnes,0.0,2017,4
TBQ05C03,Goods Forwarded,20174,2017Q4,IEFOV,Shannon Foynes,5,Coastal trade,000 Tonnes,53.0,2017,4
TBQ05C03,Goods Forwarded,20174,2017Q4,IEORK,Cork,-,All regions of trade,000 Tonnes,831.0,2017,4
TBQ05C03,Goods Forwarded,20174,2017Q4,IEORK,Cork,1,Foreign trade: Great Britain and Northern Ireland,000 Tonnes,184.0,2017,4
TBQ05C03,Goods Forwarded,20174,2017Q4,IEORK,Cork,2,Foreign trade: Other EU,000 Tonnes,333.0,2017,4
TBQ05C03,Goods Forwarded,20174,2017Q4,IEORK,Cork,3,Foreign trade: Non-EU,000 Tonnes,71.0,2017,4
TBQ05C03,Goods Forwarded,20174,2017Q4,IEORK,Cork,4,Foreign trade: Other ports,000 Tonnes,118.0,2017,4
TBQ05C03,Goods Forwarded,20174,2017Q4,IEORK,Cork,5,Coastal trade,000 Tonnes,124.0,2017,4
TBQ05C03,Goods Forwarded,20174,2017Q4,IEROS,Rosslare,-,All regions of trade,000 Tonnes,298.0,2017,4
TBQ05C03,Goods Forwarded,20174,2017Q4,IEROS,Rosslare,1,Foreign trade: Great Britain and Northern Ireland,000 Tonnes,238.0,2017,4
TBQ05C03,Goods Forwarded,20174,2017Q4,IEROS,Rosslare,2,Foreign trade: Other EU,000 Tonnes,60.0,2017,4
TBQ05C03,Goods Forwarded,20174,2017Q4,IEROS,Rosslare,3,Foreign trade: Non-EU,000 Tonnes,0.0,2017,4
TBQ05C03,Goods Forwarded,20174,2017Q4,IEROS,Rosslare,4,Foreign trade: Other ports,000 Tonnes,0.0,2017,4
TBQ05C03,Goods Forwarded,20174,2017Q4,IEROS,Rosslare,5,Coastal trade,000 Tonnes,0.0,2017,4
TBQ05C03,Goods Forwarded,20174,2017Q4,IEWAT,Waterford,-,All regions of trade,000 Tonnes,55.0,2017,4
TBQ05C03,Goods Forwarded,20174,2017Q4,IEWAT,Waterford,1,Foreign trade: Great Britain and Northern Ireland,000 Tonnes,0.0,2017,4
TBQ05C03,Goods Forwarded,20174,2017Q4,IEWAT,Waterford,2,Foreign trade: Other EU,000 Tonnes,55.0,2017,4
TBQ05C03,Goods Forwarded,20174,2017Q4,IEWAT,Waterford,3,Foreign trade: Non-EU,000 Tonnes,1.0,2017,4
TBQ05C03,Goods Forwarded,20174,2017Q4,IEWAT,Waterford,4,Foreign trade: Other ports,000 Tonnes,0.0,2017,4
TBQ05C03,Goods Forwarded,20174,2017Q4,IEWAT,Waterford,5,Coastal trade,000 Tonnes,0.0,2017,4
TBQ05C03,Goods Forwarded,20181,2018Q1,IEMIP,All Main Irish Ports,-,All regions of trade,000 Tonnes,4204.0,2018,1
TBQ05C03,Goods Forwarded,20181,2018Q1,IEMIP,All Main Irish Ports,1,Foreign trade: Great Britain and Northern Ireland,000 Tonnes,2037.0,2018,1
TBQ05C03,Goods Forwarded,20181,2018Q1,IEMIP,All Main Irish Ports,2,Foreign trade: Other EU,000 Tonnes,1406.0,2018,1
TBQ05C03,Goods Forwarded,20181,2018Q1,IEMIP,All Main Irish Ports,3,Foreign trade: Non-EU,000 Tonnes,129.0,2018,1
TBQ05C03,Goods Forwarded,20181,2018Q1,IEMIP,All Main Irish Ports,4,Foreign trade: Other ports,000 Tonnes,319.0,2018,1
TBQ05C03,Goods Forwarded,20181,2018Q1,IEMIP,All Main Irish Ports,5,Coastal trade,000 Tonnes,312.0,2018,1
TBQ05C03,Goods Forwarded,20181,2018Q1,IEBYT,Bantry Bay,-,All regions of trade,000 Tonnes,37.0,2018,1
TBQ05C03,Goods Forwarded,20181,2018Q1,IEBYT,Bantry Bay,1,Foreign trade: Great Britain and Northern Ireland,000 Tonnes,0.0,2018,1
TBQ05C03,Goods Forwarded,20181,2018Q1,IEBYT,Bantry Bay,2,Foreign trade: Other EU,000 Tonnes,0.0,2018,1
TBQ05C03,Goods Forwarded,20181,2018Q1,IEBYT,Bantry Bay,3,Foreign trade: Non-EU,000 Tonnes,0.0,2018,1
TBQ05C03,Goods Forwarded,20181,2018Q1,IEBYT,Bantry Bay,4,Foreign trade: Other ports,000 Tonnes,37.0,2018,1
TBQ05C03,Goods Forwarded,20181,2018Q1,IEBYT,Bantry Bay,5,Coastal trade,000 Tonnes,0.0,2018,1
TBQ05C03,Goods Forwarded,20181,2018Q1,IEDRO,Drogheda,-,All regions of trade,000 Tonnes,141.0,2018,1
TBQ05C03,Goods Forwarded,20181,2018Q1,IEDRO,Drogheda,1,Foreign trade: Great Britain and Northern Ireland,000 Tonnes,64.0,2018,1
TBQ05C03,Goods Forwarded,20181,2018Q1,IEDRO,Drogheda,2,Foreign trade: Other EU,000 Tonnes,77.0,2018,1
TBQ05C03,Goods Forwarded,20181,2018Q1,IEDRO,Drogheda,3,Foreign trade: Non-EU,000 Tonnes,0.0,2018,1
TBQ05C03,Goods Forwarded,20181,2018Q1,IEDRO,Drogheda,4,Foreign trade: Other ports,000 Tonnes,0.0,2018,1
TBQ05C03,Goods Forwarded,20181,2018Q1,IEDRO,Drogheda,5,Coastal trade,000 Tonnes,0.0,2018,1
TBQ05C03,Goods Forwarded,20181,2018Q1,IEDUB,Dublin,-,All regions of trade,000 Tonnes,2277.0,2018,1
TBQ05C03,Goods Forwarded,20181,2018Q1,IEDUB,Dublin,1,Foreign trade: Great Britain and Northern Ireland,000 Tonnes,1431.0,2018,1
TBQ05C03,Goods Forwarded,20181,2018Q1,IEDUB,Dublin,2,Foreign trade: Other EU,000 Tonnes,694.0,2018,1
TBQ05C03,Goods Forwarded,20181,2018Q1,IEDUB,Dublin,3,Foreign trade: Non-EU,000 Tonnes,52.0,2018,1
TBQ05C03,Goods Forwarded,20181,2018Q1,IEDUB,Dublin,4,Foreign trade: Other ports,000 Tonnes,54.0,2018,1
TBQ05C03,Goods Forwarded,20181,2018Q1,IEDUB,Dublin,5,Coastal trade,000 Tonnes,45.0,2018,1
TBQ05C03,Goods Forwarded,20181,2018Q1,IEFOV,Shannon Foynes,-,All regions of trade,000 Tonnes,645.0,2018,1
TBQ05C03,Goods Forwarded,20181,2018Q1,IEFOV,Shannon Foynes,1,Foreign trade: Great Britain and Northern Ireland,000 Tonnes,218.0,2018,1
TBQ05C03,Goods Forwarded,20181,2018Q1,IEFOV,Shannon Foynes,2,Foreign trade: Other EU,000 Tonnes,242.0,2018,1
TBQ05C03,Goods Forwarded,20181,2018Q1,IEFOV,Shannon Foynes,3,Foreign trade: Non-EU,000 Tonnes,27.0,2018,1
TBQ05C03,Goods Forwarded,20181,2018Q1,IEFOV,Shannon Foynes,4,Foreign trade: Other ports,000 Tonnes,56.0,2018,1
TBQ05C03,Goods Forwarded,20181,2018Q1,IEFOV,Shannon Foynes,5,Coastal trade,000 Tonnes,102.0,2018,1
TBQ05C03,Goods Forwarded,20181,2018Q1,IEORK,Cork,-,All regions of trade,000 Tonnes,763.0,2018,1
TBQ05C03,Goods Forwarded,20181,2018Q1,IEORK,Cork,1,Foreign trade: Great Britain and Northern Ireland,000 Tonnes,100.0,2018,1
TBQ05C03,Goods Forwarded,20181,2018Q1,IEORK,Cork,2,Foreign trade: Other EU,000 Tonnes,276.0,2018,1
TBQ05C03,Goods Forwarded,20181,2018Q1,IEORK,Cork,3,Foreign trade: Non-EU,000 Tonnes,50.0,2018,1
TBQ05C03,Goods Forwarded,20181,2018Q1,IEORK,Cork,4,Foreign trade: Other ports,000 Tonnes,172.0,2018,1
TBQ05C03,Goods Forwarded,20181,2018Q1,IEORK,Cork,5,Coastal trade,000 Tonnes,165.0,2018,1
TBQ05C03,Goods Forwarded,20181,2018Q1,IEROS,Rosslare,-,All regions of trade,000 Tonnes,276.0,2018,1
TBQ05C03,Goods Forwarded,20181,2018Q1,IEROS,Rosslare,1,Foreign trade: Great Britain and Northern Ireland,000 Tonnes,223.0,2018,1
TBQ05C03,Goods Forwarded,20181,2018Q1,IEROS,Rosslare,2,Foreign trade: Other EU,000 Tonnes,53.0,2018,1
TBQ05C03,Goods Forwarded,20181,2018Q1,IEROS,Rosslare,3,Foreign trade: Non-EU,000 Tonnes,0.0,2018,1
TBQ05C03,Goods Forwarded,20181,2018Q1,IEROS,Rosslare,4,Foreign trade: Other ports,000 Tonnes,0.0,2018,1
TBQ05C03,Goods Forwarded,20181,2018Q1,IEROS,Rosslare,5,Coastal trade,000 Tonnes,0.0,2018,1
TBQ05C03,Goods Forwarded,20181,2018Q1,IEWAT,Waterford,-,All regions of trade,000 Tonnes,65.0,2018,1
TBQ05C03,Goods Forwarded,20181,2018Q1,IEWAT,Waterford,1,Foreign trade: Great Britain and Northern Ireland,000 Tonnes,1.0,2018,1
TBQ05C03,Goods Forwarded,20181,2018Q1,IEWAT,Waterford,2,Foreign trade: Other EU,000 Tonnes,64.0,2018,1
TBQ05C03,Goods Forwarded,20181,2018Q1,IEWAT,Waterford,3,Foreign trade: Non-EU,000 Tonnes,0.0,2018,1
TBQ05C03,Goods Forwarded,20181,2018Q1,IEWAT,Waterford,4,Foreign trade: Other ports,000 Tonnes,0.0,2018,1
TBQ05C03,Goods Forwarded,20181,2018Q1,IEWAT,Waterford,5,Coastal trade,000 Tonnes,0.0,2018,1
TBQ05C03,Goods Forwarded,20182,2018Q2,IEMIP,All Main Irish Ports,-,All regions of trade,000 Tonnes,4751.0,2018,2
TBQ05C03,Goods Forwarded,20182,2018Q2,IEMIP,All Main Irish Ports,1,Foreign trade: Great Britain and Northern Ireland,000 Tonnes,2310.0,2018,2
TBQ05C03,Goods Forwarded,20182,2018Q2,IEMIP,All Main Irish Ports,2,Foreign trade: Other EU,000 Tonnes,1662.0,2018,2
TBQ05C03,Goods Forwarded,20182,2018Q2,IEMIP,All Main Irish Ports,3,Foreign trade: Non-EU,000 Tonnes,137.0,2018,2
TBQ05C03,Goods Forwarded,20182,2018Q2,IEMIP,All Main Irish Ports,4,Foreign trade: Other ports,000 Tonnes,380.0,2018,2
TBQ05C03,Goods Forwarded,20182,2018Q2,IEMIP,All Main Irish Ports,5,Coastal trade,000 Tonnes,262.0,2018,2
TBQ05C03,Goods Forwarded,20182,2018Q2,IEBYT,Bantry Bay,-,All regions of trade,000 Tonnes,161.0,2018,2
TBQ05C03,Goods Forwarded,20182,2018Q2,IEBYT,Bantry Bay,1,Foreign trade: Great Britain and Northern Ireland,000 Tonnes,0.0,2018,2
TBQ05C03,Goods Forwarded,20182,2018Q2,IEBYT,Bantry Bay,2,Foreign trade: Other EU,000 Tonnes,0.0,2018,2
TBQ05C03,Goods Forwarded,20182,2018Q2,IEBYT,Bantry Bay,3,Foreign trade: Non-EU,000 Tonnes,0.0,2018,2
TBQ05C03,Goods Forwarded,20182,2018Q2,IEBYT,Bantry Bay,4,Foreign trade: Other ports,000 Tonnes,161.0,2018,2
TBQ05C03,Goods Forwarded,20182,2018Q2,IEBYT,Bantry Bay,5,Coastal trade,000 Tonnes,0.0,2018,2
TBQ05C03,Goods Forwarded,20182,2018Q2,IEDRO,Drogheda,-,All regions of trade,000 Tonnes,151.0,2018,2
TBQ05C03,Goods Forwarded,20182,2018Q2,IEDRO,Drogheda,1,Foreign trade: Great Britain and Northern Ireland,000 Tonnes,79.0,2018,2
TBQ05C03,Goods Forwarded,20182,2018Q2,IEDRO,Drogheda,2,Foreign trade: Other EU,000 Tonnes,70.0,2018,2
TBQ05C03,Goods Forwarded,20182,2018Q2,IEDRO,Drogheda,3,Foreign trade: Non-EU,000 Tonnes,2.0,2018,2
TBQ05C03,Goods Forwarded,20182,2018Q2,IEDRO,Drogheda,4,Foreign trade: Other ports,000 Tonnes,0.0,2018,2
TBQ05C03,Goods Forwarded,20182,2018Q2,IEDRO,Drogheda,5,Coastal trade,000 Tonnes,0.0,2018,2
TBQ05C03,Goods Forwarded,20182,2018Q2,IEDUB,Dublin,-,All regions of trade,000 Tonnes,2528.0,2018,2
TBQ05C03,Goods Forwarded,20182,2018Q2,IEDUB,Dublin,1,Foreign trade: Great Britain and Northern Ireland,000 Tonnes,1537.0,2018,2
TBQ05C03,Goods Forwarded,20182,2018Q2,IEDUB,Dublin,2,Foreign trade: Other EU,000 Tonnes,849.0,2018,2
TBQ05C03,Goods Forwarded,20182,2018Q2,IEDUB,Dublin,3,Foreign trade: Non-EU,000 Tonnes,115.0,2018,2
TBQ05C03,Goods Forwarded,20182,2018Q2,IEDUB,Dublin,4,Foreign trade: Other ports,000 Tonnes,8.0,2018,2
TBQ05C03,Goods Forwarded,20182,2018Q2,IEDUB,Dublin,5,Coastal trade,000 Tonnes,19.0,2018,2
TBQ05C03,Goods Forwarded,20182,2018Q2,IEFOV,Shannon Foynes,-,All regions of trade,000 Tonnes,640.0,2018,2
TBQ05C03,Goods Forwarded,20182,2018Q2,IEFOV,Shannon Foynes,1,Foreign trade: Great Britain and Northern Ireland,000 Tonnes,277.0,2018,2
TBQ05C03,Goods Forwarded,20182,2018Q2,IEFOV,Shannon Foynes,2,Foreign trade: Other EU,000 Tonnes,246.0,2018,2
TBQ05C03,Goods Forwarded,20182,2018Q2,IEFOV,Shannon Foynes,3,Foreign trade: Non-EU,000 Tonnes,17.0,2018,2
TBQ05C03,Goods Forwarded,20182,2018Q2,IEFOV,Shannon Foynes,4,Foreign trade: Other ports,000 Tonnes,35.0,2018,2
TBQ05C03,Goods Forwarded,20182,2018Q2,IEFOV,Shannon Foynes,5,Coastal trade,000 Tonnes,65.0,2018,2
TBQ05C03,Goods Forwarded,20182,2018Q2,IEORK,Cork,-,All regions of trade,000 Tonnes,866.0,2018,2
TBQ05C03,Goods Forwarded,20182,2018Q2,IEORK,Cork,1,Foreign trade: Great Britain and Northern Ireland,000 Tonnes,150.0,2018,2
TBQ05C03,Goods Forwarded,20182,2018Q2,IEORK,Cork,2,Foreign trade: Other EU,000 Tonnes,360.0,2018,2
TBQ05C03,Goods Forwarded,20182,2018Q2,IEORK,Cork,3,Foreign trade: Non-EU,000 Tonnes,2.0,2018,2
TBQ05C03,Goods Forwarded,20182,2018Q2,IEORK,Cork,4,Foreign trade: Other ports,000 Tonnes,177.0,2018,2
TBQ05C03,Goods Forwarded,20182,2018Q2,IEORK,Cork,5,Coastal trade,000 Tonnes,177.0,2018,2
TBQ05C03,Goods Forwarded,20182,2018Q2,IEROS,Rosslare,-,All regions of trade,000 Tonnes,320.0,2018,2
TBQ05C03,Goods Forwarded,20182,2018Q2,IEROS,Rosslare,1,Foreign trade: Great Britain and Northern Ireland,000 Tonnes,266.0,2018,2
TBQ05C03,Goods Forwarded,20182,2018Q2,IEROS,Rosslare,2,Foreign trade: Other EU,000 Tonnes,54.0,2018,2
TBQ05C03,Goods Forwarded,20182,2018Q2,IEROS,Rosslare,3,Foreign trade: Non-EU,000 Tonnes,0.0,2018,2
TBQ05C03,Goods Forwarded,20182,2018Q2,IEROS,Rosslare,4,Foreign trade: Other ports,000 Tonnes,0.0,2018,2
TBQ05C03,Goods Forwarded,20182,2018Q2,IEROS,Rosslare,5,Coastal trade,000 Tonnes,0.0,2018,2
TBQ05C03,Goods Forwarded,20182,2018Q2,IEWAT,Waterford,-,All regions of trade,000 Tonnes,84.0,2018,2
TBQ05C03,Goods Forwarded,20182,2018Q2,IEWAT,Waterford,1,Foreign trade: Great Britain and Northern Ireland,000 Tonnes,1.0,2018,2
TBQ05C03,Goods Forwarded,20182,2018Q2,IEWAT,Waterford,2,Foreign trade: Other EU,000 Tonnes,83.0,2018,2
TBQ05C03,Goods Forwarded,20182,2018Q2,IEWAT,Waterford,3,Foreign trade: Non-EU,000 Tonnes,0.0,2018,2
TBQ05C03,Goods Forwarded,20182,2018Q2,IEWAT,Waterford,4,Foreign trade: Other ports,000 Tonnes,0.0,2018,2
TBQ05C03,Goods Forwarded,20182,2018Q2,IEWAT,Waterford,5,Coastal trade,000 Tonnes,0.0,2018,2
TBQ05C03,Goods Forwarded,20183,2018Q3,IEMIP,All Main Irish Ports,-,All regions of trade,000 Tonnes,4344.0,2018,3
TBQ05C03,Goods Forwarded,20183,2018Q3,IEMIP,All Main Irish Ports,1,Foreign trade: Great Britain and Northern Ireland,000 Tonnes,2371.0,2018,3
TBQ05C03,Goods Forwarded,20183,2018Q3,IEMIP,All Main Irish Ports,2,Foreign trade: Other EU,000 Tonnes,1460.0,2018,3
TBQ05C03,Goods Forwarded,20183,2018Q3,IEMIP,All Main Irish Ports,3,Foreign trade: Non-EU,000 Tonnes,93.0,2018,3
TBQ05C03,Goods Forwarded,20183,2018Q3,IEMIP,All Main Irish Ports,4,Foreign trade: Other ports,000 Tonnes,118.0,2018,3
TBQ05C03,Goods Forwarded,20183,2018Q3,IEMIP,All Main Irish Ports,5,Coastal trade,000 Tonnes,302.0,2018,3
TBQ05C03,Goods Forwarded,20183,2018Q3,IEBYT,Bantry Bay,-,All regions of trade,000 Tonnes,92.0,2018,3
TBQ05C03,Goods Forwarded,20183,2018Q3,IEBYT,Bantry Bay,1,Foreign trade: Great Britain and Northern Ireland,000 Tonnes,17.0,2018,3
TBQ05C03,Goods Forwarded,20183,2018Q3,IEBYT,Bantry Bay,2,Foreign trade: Other EU,000 Tonnes,0.0,2018,3
TBQ05C03,Goods Forwarded,20183,2018Q3,IEBYT,Bantry Bay,3,Foreign trade: Non-EU,000 Tonnes,0.0,2018,3
TBQ05C03,Goods Forwarded,20183,2018Q3,IEBYT,Bantry Bay,4,Foreign trade: Other ports,000 Tonnes,76.0,2018,3
TBQ05C03,Goods Forwarded,20183,2018Q3,IEBYT,Bantry Bay,5,Coastal trade,000 Tonnes,0.0,2018,3
TBQ05C03,Goods Forwarded,20183,2018Q3,IEDRO,Drogheda,-,All regions of trade,000 Tonnes,148.0,2018,3
TBQ05C03,Goods Forwarded,20183,2018Q3,IEDRO,Drogheda,1,Foreign trade: Great Britain and Northern Ireland,000 Tonnes,99.0,2018,3
TBQ05C03,Goods Forwarded,20183,2018Q3,IEDRO,Drogheda,2,Foreign trade: Other EU,000 Tonnes,49.0,2018,3
TBQ05C03,Goods Forwarded,20183,2018Q3,IEDRO,Drogheda,3,Foreign trade: Non-EU,000 Tonnes,0.0,2018,3
TBQ05C03,Goods Forwarded,20183,2018Q3,IEDRO,Drogheda,4,Foreign trade: Other ports,000 Tonnes,0.0,2018,3
TBQ05C03,Goods Forwarded,20183,2018Q3,IEDRO,Drogheda,5,Coastal trade,000 Tonnes,0.0,2018,3
TBQ05C03,Goods Forwarded,20183,2018Q3,IEDUB,Dublin,-,All regions of trade,000 Tonnes,2303.0,2018,3
TBQ05C03,Goods Forwarded,20183,2018Q3,IEDUB,Dublin,1,Foreign trade: Great Britain and Northern Ireland,000 Tonnes,1460.0,2018,3
TBQ05C03,Goods Forwarded,20183,2018Q3,IEDUB,Dublin,2,Foreign trade: Other EU,000 Tonnes,736.0,2018,3
TBQ05C03,Goods Forwarded,20183,2018Q3,IEDUB,Dublin,3,Foreign trade: Non-EU,000 Tonnes,65.0,2018,3
TBQ05C03,Goods Forwarded,20183,2018Q3,IEDUB,Dublin,4,Foreign trade: Other ports,000 Tonnes,9.0,2018,3
TBQ05C03,Goods Forwarded,20183,2018Q3,IEDUB,Dublin,5,Coastal trade,000 Tonnes,33.0,2018,3
TBQ05C03,Goods Forwarded,20183,2018Q3,IEFOV,Shannon Foynes,-,All regions of trade,000 Tonnes,600.0,2018,3
TBQ05C03,Goods Forwarded,20183,2018Q3,IEFOV,Shannon Foynes,1,Foreign trade: Great Britain and Northern Ireland,000 Tonnes,215.0,2018,3
TBQ05C03,Goods Forwarded,20183,2018Q3,IEFOV,Shannon Foynes,2,Foreign trade: Other EU,000 Tonnes,266.0,2018,3
TBQ05C03,Goods Forwarded,20183,2018Q3,IEFOV,Shannon Foynes,3,Foreign trade: Non-EU,000 Tonnes,28.0,2018,3
TBQ05C03,Goods Forwarded,20183,2018Q3,IEFOV,Shannon Foynes,4,Foreign trade: Other ports,000 Tonnes,0.0,2018,3
TBQ05C03,Goods Forwarded,20183,2018Q3,IEFOV,Shannon Foynes,5,Coastal trade,000 Tonnes,91.0,2018,3
TBQ05C03,Goods Forwarded,20183,2018Q3,IEORK,Cork,-,All regions of trade,000 Tonnes,824.0,2018,3
TBQ05C03,Goods Forwarded,20183,2018Q3,IEORK,Cork,1,Foreign trade: Great Britain and Northern Ireland,000 Tonnes,315.0,2018,3
TBQ05C03,Goods Forwarded,20183,2018Q3,IEORK,Cork,2,Foreign trade: Other EU,000 Tonnes,298.0,2018,3
TBQ05C03,Goods Forwarded,20183,2018Q3,IEORK,Cork,3,Foreign trade: Non-EU,000 Tonnes,0.0,2018,3
TBQ05C03,Goods Forwarded,20183,2018Q3,IEORK,Cork,4,Foreign trade: Other ports,000 Tonnes,34.0,2018,3
TBQ05C03,Goods Forwarded,20183,2018Q3,IEORK,Cork,5,Coastal trade,000 Tonnes,177.0,2018,3
TBQ05C03,Goods Forwarded,20183,2018Q3,IEROS,Rosslare,-,All regions of trade,000 Tonnes,315.0,2018,3
TBQ05C03,Goods Forwarded,20183,2018Q3,IEROS,Rosslare,1,Foreign trade: Great Britain and Northern Ireland,000 Tonnes,265.0,2018,3
TBQ05C03,Goods Forwarded,20183,2018Q3,IEROS,Rosslare,2,Foreign trade: Other EU,000 Tonnes,49.0,2018,3
TBQ05C03,Goods Forwarded,20183,2018Q3,IEROS,Rosslare,3,Foreign trade: Non-EU,000 Tonnes,0.0,2018,3
TBQ05C03,Goods Forwarded,20183,2018Q3,IEROS,Rosslare,4,Foreign trade: Other ports,000 Tonnes,0.0,2018,3
TBQ05C03,Goods Forwarded,20183,2018Q3,IEROS,Rosslare,5,Coastal trade,000 Tonnes,0.0,2018,3
TBQ05C03,Goods Forwarded,20183,2018Q3,IEWAT,Waterford,-,All regions of trade,000 Tonnes,62.0,2018,3
TBQ05C03,Goods Forwarded,20183,2018Q3,IEWAT,Waterford,1,Foreign trade: Great Britain and Northern Ireland,000 Tonnes,1.0,2018,3
TBQ05C03,Goods Forwarded,20183,2018Q3,IEWAT,Waterford,2,Foreign trade: Other EU,000 Tonnes,61.0,2018,3
TBQ05C03,Goods Forwarded,20183,2018Q3,IEWAT,Waterford,3,Foreign trade: Non-EU,000 Tonnes,0.0,2018,3
TBQ05C03,Goods Forwarded,20183,2018Q3,IEWAT,Waterford,4,Foreign trade: Other ports,000 Tonnes,0.0,2018,3
TBQ05C03,Goods Forwarded,20183,2018Q3,IEWAT,Waterford,5,Coastal trade,000 Tonnes,0.0,2018,3
TBQ05C03,Goods Forwarded,20184,2018Q4,IEMIP,All Main Irish Ports,-,All regions of trade,000 Tonnes,4293.0,2018,4
TBQ05C03,Goods Forwarded,20184,2018Q4,IEMIP,All Main Irish Ports,1,Foreign trade: Great Britain and Northern Ireland,000 Tonnes,2185.0,2018,4
TBQ05C03,Goods Forwarded,20184,2018Q4,IEMIP,All Main Irish Ports,2,Foreign trade: Other EU,000 Tonnes,1525.0,2018,4
TBQ05C03,Goods Forwarded,20184,2018Q4,IEMIP,All Main Irish Ports,3,Foreign trade: Non-EU,000 Tonnes,217.0,2018,4
TBQ05C03,Goods Forwarded,20184,2018Q4,IEMIP,All Main Irish Ports,4,Foreign trade: Other ports,000 Tonnes,19.0,2018,4
TBQ05C03,Goods Forwarded,20184,2018Q4,IEMIP,All Main Irish Ports,5,Coastal trade,000 Tonnes,347.0,2018,4
TBQ05C03,Goods Forwarded,20184,2018Q4,IEBYT,Bantry Bay,-,All regions of trade,000 Tonnes,17.0,2018,4
TBQ05C03,Goods Forwarded,20184,2018Q4,IEBYT,Bantry Bay,1,Foreign trade: Great Britain and Northern Ireland,000 Tonnes,17.0,2018,4
TBQ05C03,Goods Forwarded,20184,2018Q4,IEBYT,Bantry Bay,2,Foreign trade: Other EU,000 Tonnes,0.0,2018,4
TBQ05C03,Goods Forwarded,20184,2018Q4,IEBYT,Bantry Bay,3,Foreign trade: Non-EU,000 Tonnes,0.0,2018,4
TBQ05C03,Goods Forwarded,20184,2018Q4,IEBYT,Bantry Bay,4,Foreign trade: Other ports,000 Tonnes,0.0,2018,4
TBQ05C03,Goods Forwarded,20184,2018Q4,IEBYT,Bantry Bay,5,Coastal trade,000 Tonnes,0.0,2018,4
TBQ05C03,Goods Forwarded,20184,2018Q4,IEDRO,Drogheda,-,All regions of trade,000 Tonnes,143.0,2018,4
TBQ05C03,Goods Forwarded,20184,2018Q4,IEDRO,Drogheda,1,Foreign trade: Great Britain and Northern Ireland,000 Tonnes,71.0,2018,4
TBQ05C03,Goods Forwarded,20184,2018Q4,IEDRO,Drogheda,2,Foreign trade: Other EU,000 Tonnes,63.0,2018,4
TBQ05C03,Goods Forwarded,20184,2018Q4,IEDRO,Drogheda,3,Foreign trade: Non-EU,000 Tonnes,0.0,2018,4
TBQ05C03,Goods Forwarded,20184,2018Q4,IEDRO,Drogheda,4,Foreign trade: Other ports,000 Tonnes,9.0,2018,4
TBQ05C03,Goods Forwarded,20184,2018Q4,IEDRO,Drogheda,5,Coastal trade,000 Tonnes,0.0,2018,4
TBQ05C03,Goods Forwarded,20184,2018Q4,IEDUB,Dublin,-,All regions of trade,000 Tonnes,2302.0,2018,4
TBQ05C03,Goods Forwarded,20184,2018Q4,IEDUB,Dublin,1,Foreign trade: Great Britain and Northern Ireland,000 Tonnes,1442.0,2018,4
TBQ05C03,Goods Forwarded,20184,2018Q4,IEDUB,Dublin,2,Foreign trade: Other EU,000 Tonnes,757.0,2018,4
TBQ05C03,Goods Forwarded,20184,2018Q4,IEDUB,Dublin,3,Foreign trade: Non-EU,000 Tonnes,64.0,2018,4
TBQ05C03,Goods Forwarded,20184,2018Q4,IEDUB,Dublin,4,Foreign trade: Other ports,000 Tonnes,7.0,2018,4
TBQ05C03,Goods Forwarded,20184,2018Q4,IEDUB,Dublin,5,Coastal trade,000 Tonnes,31.0,2018,4
TBQ05C03,Goods Forwarded,20184,2018Q4,IEFOV,Shannon Foynes,-,All regions of trade,000 Tonnes,616.0,2018,4
TBQ05C03,Goods Forwarded,20184,2018Q4,IEFOV,Shannon Foynes,1,Foreign trade: Great Britain and Northern Ireland,000 Tonnes,173.0,2018,4
TBQ05C03,Goods Forwarded,20184,2018Q4,IEFOV,Shannon Foynes,2,Foreign trade: Other EU,000 Tonnes,254.0,2018,4
TBQ05C03,Goods Forwarded,20184,2018Q4,IEFOV,Shannon Foynes,3,Foreign trade: Non-EU,000 Tonnes,74.0,2018,4
TBQ05C03,Goods Forwarded,20184,2018Q4,IEFOV,Shannon Foynes,4,Foreign trade: Other ports,000 Tonnes,0.0,2018,4
TBQ05C03,Goods Forwarded,20184,2018Q4,IEFOV,Shannon Foynes,5,Coastal trade,000 Tonnes,115.0,2018,4
TBQ05C03,Goods Forwarded,20184,2018Q4,IEORK,Cork,-,All regions of trade,000 Tonnes,861.0,2018,4
TBQ05C03,Goods Forwarded,20184,2018Q4,IEORK,Cork,1,Foreign trade: Great Britain and Northern Ireland,000 Tonnes,231.0,2018,4
TBQ05C03,Goods Forwarded,20184,2018Q4,IEORK,Cork,2,Foreign trade: Other EU,000 Tonnes,351.0,2018,4
TBQ05C03,Goods Forwarded,20184,2018Q4,IEORK,Cork,3,Foreign trade: Non-EU,000 Tonnes,75.0,2018,4
TBQ05C03,Goods Forwarded,20184,2018Q4,IEORK,Cork,4,Foreign trade: Other ports,000 Tonnes,2.0,2018,4
TBQ05C03,Goods Forwarded,20184,2018Q4,IEORK,Cork,5,Coastal trade,000 Tonnes,202.0,2018,4
TBQ05C03,Goods Forwarded,20184,2018Q4,IEROS,Rosslare,-,All regions of trade,000 Tonnes,288.0,2018,4
TBQ05C03,Goods Forwarded,20184,2018Q4,IEROS,Rosslare,1,Foreign trade: Great Britain and Northern Ireland,000 Tonnes,243.0,2018,4
TBQ05C03,Goods Forwarded,20184,2018Q4,IEROS,Rosslare,2,Foreign trade: Other EU,000 Tonnes,45.0,2018,4
TBQ05C03,Goods Forwarded,20184,2018Q4,IEROS,Rosslare,3,Foreign trade: Non-EU,000 Tonnes,0.0,2018,4
TBQ05C03,Goods Forwarded,20184,2018Q4,IEROS,Rosslare,4,Foreign trade: Other ports,000 Tonnes,0.0,2018,4
TBQ05C03,Goods Forwarded,20184,2018Q4,IEROS,Rosslare,5,Coastal trade,000 Tonnes,0.0,2018,4
TBQ05C03,Goods Forwarded,20184,2018Q4,IEWAT,Waterford,-,All regions of trade,000 Tonnes,66.0,2018,4
TBQ05C03,Goods Forwarded,20184,2018Q4,IEWAT,Waterford,1,Foreign trade: Great Britain and Northern Ireland,000 Tonnes,7.0,2018,4
TBQ05C03,Goods Forwarded,20184,2018Q4,IEWAT,Waterford,2,Foreign trade: Other EU,000 Tonnes,56.0,2018,4
TBQ05C03,Goods Forwarded,20184,2018Q4,IEWAT,Waterford,3,Foreign trade: Non-EU,000 Tonnes,3.0,2018,4
TBQ05C03,Goods Forwarded,20184,2018Q4,IEWAT,Waterford,4,Foreign trade: Other ports,000 Tonnes,0.0,2018,4
TBQ05C03,Goods Forwarded,20184,2018Q4,IEWAT,Waterford,5,Coastal trade,000 Tonnes,0.0,2018,4
TBQ05C03,Goods Forwarded,20191,2019Q1,IEMIP,All Main Irish Ports,-,All regions of trade,000 Tonnes,4417.0,2019,1
TBQ05C03,Goods Forwarded,20191,2019Q1,IEMIP,All Main Irish Ports,1,Foreign trade: Great Britain and Northern Ireland,000 Tonnes,2225.0,2019,1
TBQ05C03,Goods Forwarded,20191,2019Q1,IEMIP,All Main Irish Ports,2,Foreign trade: Other EU,000 Tonnes,1577.0,2019,1
TBQ05C03,Goods Forwarded,20191,2019Q1,IEMIP,All Main Irish Ports,3,Foreign trade: Non-EU,000 Tonnes,155.0,2019,1
TBQ05C03,Goods Forwarded,20191,2019Q1,IEMIP,All Main Irish Ports,4,Foreign trade: Other ports,000 Tonnes,201.0,2019,1
TBQ05C03,Goods Forwarded,20191,2019Q1,IEMIP,All Main Irish Ports,5,Coastal trade,000 Tonnes,260.0,2019,1
TBQ05C03,Goods Forwarded,20191,2019Q1,IEBYT,Bantry Bay,-,All regions of trade,000 Tonnes,148.0,2019,1
TBQ05C03,Goods Forwarded,20191,2019Q1,IEBYT,Bantry Bay,1,Foreign trade: Great Britain and Northern Ireland,000 Tonnes,0.0,2019,1
TBQ05C03,Goods Forwarded,20191,2019Q1,IEBYT,Bantry Bay,2,Foreign trade: Other EU,000 Tonnes,0.0,2019,1
TBQ05C03,Goods Forwarded,20191,2019Q1,IEBYT,Bantry Bay,3,Foreign trade: Non-EU,000 Tonnes,0.0,2019,1
TBQ05C03,Goods Forwarded,20191,2019Q1,IEBYT,Bantry Bay,4,Foreign trade: Other ports,000 Tonnes,148.0,2019,1
TBQ05C03,Goods Forwarded,20191,2019Q1,IEBYT,Bantry Bay,5,Coastal trade,000 Tonnes,0.0,2019,1
TBQ05C03,Goods Forwarded,20191,2019Q1,IEDRO,Drogheda,-,All regions of trade,000 Tonnes,111.0,2019,1
TBQ05C03,Goods Forwarded,20191,2019Q1,IEDRO,Drogheda,1,Foreign trade: Great Britain and Northern Ireland,000 Tonnes,56.0,2019,1
TBQ05C03,Goods Forwarded,20191,2019Q1,IEDRO,Drogheda,2,Foreign trade: Other EU,000 Tonnes,52.0,2019,1
TBQ05C03,Goods Forwarded,20191,2019Q1,IEDRO,Drogheda,3,Foreign trade: Non-EU,000 Tonnes,4.0,2019,1
TBQ05C03,Goods Forwarded,20191,2019Q1,IEDRO,Drogheda,4,Foreign trade: Other ports,000 Tonnes,0.0,2019,1
TBQ05C03,Goods Forwarded,20191,2019Q1,IEDRO,Drogheda,5,Coastal trade,000 Tonnes,0.0,2019,1
TBQ05C03,Goods Forwarded,20191,2019Q1,IEDUB,Dublin,-,All regions of trade,000 Tonnes,2398.0,2019,1
TBQ05C03,Goods Forwarded,20191,2019Q1,IEDUB,Dublin,1,Foreign trade: Great Britain and Northern Ireland,000 Tonnes,1491.0,2019,1
TBQ05C03,Goods Forwarded,20191,2019Q1,IEDUB,Dublin,2,Foreign trade: Other EU,000 Tonnes,814.0,2019,1
TBQ05C03,Goods Forwarded,20191,2019Q1,IEDUB,Dublin,3,Foreign trade: Non-EU,000 Tonnes,47.0,2019,1
TBQ05C03,Goods Forwarded,20191,2019Q1,IEDUB,Dublin,4,Foreign trade: Other ports,000 Tonnes,7.0,2019,1
TBQ05C03,Goods Forwarded,20191,2019Q1,IEDUB,Dublin,5,Coastal trade,000 Tonnes,39.0,2019,1
TBQ05C03,Goods Forwarded,20191,2019Q1,IEFOV,Shannon Foynes,-,All regions of trade,000 Tonnes,636.0,2019,1
TBQ05C03,Goods Forwarded,20191,2019Q1,IEFOV,Shannon Foynes,1,Foreign trade: Great Britain and Northern Ireland,000 Tonnes,222.0,2019,1
TBQ05C03,Goods Forwarded,20191,2019Q1,IEFOV,Shannon Foynes,2,Foreign trade: Other EU,000 Tonnes,284.0,2019,1
TBQ05C03,Goods Forwarded,20191,2019Q1,IEFOV,Shannon Foynes,3,Foreign trade: Non-EU,000 Tonnes,93.0,2019,1
TBQ05C03,Goods Forwarded,20191,2019Q1,IEFOV,Shannon Foynes,4,Foreign trade: Other ports,000 Tonnes,0.0,2019,1
TBQ05C03,Goods Forwarded,20191,2019Q1,IEFOV,Shannon Foynes,5,Coastal trade,000 Tonnes,37.0,2019,1
TBQ05C03,Goods Forwarded,20191,2019Q1,IEORK,Cork,-,All regions of trade,000 Tonnes,762.0,2019,1
TBQ05C03,Goods Forwarded,20191,2019Q1,IEORK,Cork,1,Foreign trade: Great Britain and Northern Ireland,000 Tonnes,205.0,2019,1
TBQ05C03,Goods Forwarded,20191,2019Q1,IEORK,Cork,2,Foreign trade: Other EU,000 Tonnes,320.0,2019,1
TBQ05C03,Goods Forwarded,20191,2019Q1,IEORK,Cork,3,Foreign trade: Non-EU,000 Tonnes,8.0,2019,1
TBQ05C03,Goods Forwarded,20191,2019Q1,IEORK,Cork,4,Foreign trade: Other ports,000 Tonnes,45.0,2019,1
TBQ05C03,Goods Forwarded,20191,2019Q1,IEORK,Cork,5,Coastal trade,000 Tonnes,184.0,2019,1
TBQ05C03,Goods Forwarded,20191,2019Q1,IEROS,Rosslare,-,All regions of trade,000 Tonnes,282.0,2019,1
TBQ05C03,Goods Forwarded,20191,2019Q1,IEROS,Rosslare,1,Foreign trade: Great Britain and Northern Ireland,000 Tonnes,234.0,2019,1
TBQ05C03,Goods Forwarded,20191,2019Q1,IEROS,Rosslare,2,Foreign trade: Other EU,000 Tonnes,47.0,2019,1
TBQ05C03,Goods Forwarded,20191,2019Q1,IEROS,Rosslare,3,Foreign trade: Non-EU,000 Tonnes,0.0,2019,1
TBQ05C03,Goods Forwarded,20191,2019Q1,IEROS,Rosslare,4,Foreign trade: Other ports,000 Tonnes,0.0,2019,1
TBQ05C03,Goods Forwarded,20191,2019Q1,IEROS,Rosslare,5,Coastal trade,000 Tonnes,0.0,2019,1
TBQ05C03,Goods Forwarded,20191,2019Q1,IEWAT,Waterford,-,All regions of trade,000 Tonnes,80.0,2019,1
TBQ05C03,Goods Forwarded,20191,2019Q1,IEWAT,Waterford,1,Foreign trade: Great Britain and Northern Ireland,000 Tonnes,17.0,2019,1
TBQ05C03,Goods Forwarded,20191,2019Q1,IEWAT,Waterford,2,Foreign trade: Other EU,000 Tonnes,60.0,2019,1
TBQ05C03,Goods Forwarded,20191,2019Q1,IEWAT,Waterford,3,Foreign trade: Non-EU,000 Tonnes,3.0,2019,1
TBQ05C03,Goods Forwarded,20191,2019Q1,IEWAT,Waterford,4,Foreign trade: Other ports,000 Tonnes,0.0,2019,1
TBQ05C03,Goods Forwarded,20191,2019Q1,IEWAT,Waterford,5,Coastal trade,000 Tonnes,0.0,2019,1
TBQ05C03,Goods Forwarded,20192,2019Q2,IEMIP,All Main Irish Ports,-,All regions of trade,000 Tonnes,4326.0,2019,2
TBQ05C03,Goods Forwarded,20192,2019Q2,IEMIP,All Main Irish Ports,1,Foreign trade: Great Britain and Northern Ireland,000 Tonnes,2065.0,2019,2
TBQ05C03,Goods Forwarded,20192,2019Q2,IEMIP,All Main Irish Ports,2,Foreign trade: Other EU,000 Tonnes,1651.0,2019,2
TBQ05C03,Goods Forwarded,20192,2019Q2,IEMIP,All Main Irish Ports,3,Foreign trade: Non-EU,000 Tonnes,125.0,2019,2
TBQ05C03,Goods Forwarded,20192,2019Q2,IEMIP,All Main Irish Ports,4,Foreign trade: Other ports,000 Tonnes,249.0,2019,2
TBQ05C03,Goods Forwarded,20192,2019Q2,IEMIP,All Main Irish Ports,5,Coastal trade,000 Tonnes,237.0,2019,2
TBQ05C03,Goods Forwarded,20192,2019Q2,IEBYT,Bantry Bay,-,All regions of trade,000 Tonnes,103.0,2019,2
TBQ05C03,Goods Forwarded,20192,2019Q2,IEBYT,Bantry Bay,1,Foreign trade: Great Britain and Northern Ireland,000 Tonnes,0.0,2019,2
TBQ05C03,Goods Forwarded,20192,2019Q2,IEBYT,Bantry Bay,2,Foreign trade: Other EU,000 Tonnes,0.0,2019,2
TBQ05C03,Goods Forwarded,20192,2019Q2,IEBYT,Bantry Bay,3,Foreign trade: Non-EU,000 Tonnes,0.0,2019,2
TBQ05C03,Goods Forwarded,20192,2019Q2,IEBYT,Bantry Bay,4,Foreign trade: Other ports,000 Tonnes,103.0,2019,2
TBQ05C03,Goods Forwarded,20192,2019Q2,IEBYT,Bantry Bay,5,Coastal trade,000 Tonnes,0.0,2019,2
TBQ05C03,Goods Forwarded,20192,2019Q2,IEDRO,Drogheda,-,All regions of trade,000 Tonnes,168.0,2019,2
TBQ05C03,Goods Forwarded,20192,2019Q2,IEDRO,Drogheda,1,Foreign trade: Great Britain and Northern Ireland,000 Tonnes,72.0,2019,2
TBQ05C03,Goods Forwarded,20192,2019Q2,IEDRO,Drogheda,2,Foreign trade: Other EU,000 Tonnes,87.0,2019,2
TBQ05C03,Goods Forwarded,20192,2019Q2,IEDRO,Drogheda,3,Foreign trade: Non-EU,000 Tonnes,9.0,2019,2
TBQ05C03,Goods Forwarded,20192,2019Q2,IEDRO,Drogheda,4,Foreign trade: Other ports,000 Tonnes,0.0,2019,2
TBQ05C03,Goods Forwarded,20192,2019Q2,IEDRO,Drogheda,5,Coastal trade,000 Tonnes,0.0,2019,2
TBQ05C03,Goods Forwarded,20192,2019Q2,IEDUB,Dublin,-,All regions of trade,000 Tonnes,2424.0,2019,2
TBQ05C03,Goods Forwarded,20192,2019Q2,IEDUB,Dublin,1,Foreign trade: Great Britain and Northern Ireland,000 Tonnes,1464.0,2019,2
TBQ05C03,Goods Forwarded,20192,2019Q2,IEDUB,Dublin,2,Foreign trade: Other EU,000 Tonnes,857.0,2019,2
TBQ05C03,Goods Forwarded,20192,2019Q2,IEDUB,Dublin,3,Foreign trade: Non-EU,000 Tonnes,53.0,2019,2
TBQ05C03,Goods Forwarded,20192,2019Q2,IEDUB,Dublin,4,Foreign trade: Other ports,000 Tonnes,8.0,2019,2
TBQ05C03,Goods Forwarded,20192,2019Q2,IEDUB,Dublin,5,Coastal trade,000 Tonnes,42.0,2019,2
TBQ05C03,Goods Forwarded,20192,2019Q2,IEFOV,Shannon Foynes,-,All regions of trade,000 Tonnes,643.0,2019,2
TBQ05C03,Goods Forwarded,20192,2019Q2,IEFOV,Shannon Foynes,1,Foreign trade: Great Britain and Northern Ireland,000 Tonnes,194.0,2019,2
TBQ05C03,Goods Forwarded,20192,2019Q2,IEFOV,Shannon Foynes,2,Foreign trade: Other EU,000 Tonnes,291.0,2019,2
TBQ05C03,Goods Forwarded,20192,2019Q2,IEFOV,Shannon Foynes,3,Foreign trade: Non-EU,000 Tonnes,56.0,2019,2
TBQ05C03,Goods Forwarded,20192,2019Q2,IEFOV,Shannon Foynes,4,Foreign trade: Other ports,000 Tonnes,45.0,2019,2
TBQ05C03,Goods Forwarded,20192,2019Q2,IEFOV,Shannon Foynes,5,Coastal trade,000 Tonnes,57.0,2019,2
TBQ05C03,Goods Forwarded,20192,2019Q2,IEORK,Cork,-,All regions of trade,000 Tonnes,605.0,2019,2
TBQ05C03,Goods Forwarded,20192,2019Q2,IEORK,Cork,1,Foreign trade: Great Britain and Northern Ireland,000 Tonnes,80.0,2019,2
TBQ05C03,Goods Forwarded,20192,2019Q2,IEORK,Cork,2,Foreign trade: Other EU,000 Tonnes,296.0,2019,2
TBQ05C03,Goods Forwarded,20192,2019Q2,IEORK,Cork,3,Foreign trade: Non-EU,000 Tonnes,3.0,2019,2
TBQ05C03,Goods Forwarded,20192,2019Q2,IEORK,Cork,4,Foreign trade: Other ports,000 Tonnes,92.0,2019,2
TBQ05C03,Goods Forwarded,20192,2019Q2,IEORK,Cork,5,Coastal trade,000 Tonnes,133.0,2019,2
TBQ05C03,Goods Forwarded,20192,2019Q2,IEROS,Rosslare,-,All regions of trade,000 Tonnes,299.0,2019,2
TBQ05C03,Goods Forwarded,20192,2019Q2,IEROS,Rosslare,1,Foreign trade: Great Britain and Northern Ireland,000 Tonnes,250.0,2019,2
TBQ05C03,Goods Forwarded,20192,2019Q2,IEROS,Rosslare,2,Foreign trade: Other EU,000 Tonnes,49.0,2019,2
TBQ05C03,Goods Forwarded,20192,2019Q2,IEROS,Rosslare,3,Foreign trade: Non-EU,000 Tonnes,0.0,2019,2
TBQ05C03,Goods Forwarded,20192,2019Q2,IEROS,Rosslare,4,Foreign trade: Other ports,000 Tonnes,0.0,2019,2
TBQ05C03,Goods Forwarded,20192,2019Q2,IEROS,Rosslare,5,Coastal trade,000 Tonnes,0.0,2019,2
TBQ05C03,Goods Forwarded,20192,2019Q2,IEWAT,Waterford,-,All regions of trade,000 Tonnes,85.0,2019,2
TBQ05C03,Goods Forwarded,20192,2019Q2,IEWAT,Waterford,1,Foreign trade: Great Britain and Northern Ireland,000 Tonnes,6.0,2019,2
TBQ05C03,Goods Forwarded,20192,2019Q2,IEWAT,Waterford,2,Foreign trade: Other EU,000 Tonnes,70.0,2019,2
TBQ05C03,Goods Forwarded,20192,2019Q2,IEWAT,Waterford,3,Foreign trade: Non-EU,000 Tonnes,4.0,2019,2
TBQ05C03,Goods Forwarded,20192,2019Q2,IEWAT,Waterford,4,Foreign trade: Other ports,000 Tonnes,0.0,2019,2
TBQ05C03,Goods Forwarded,20192,2019Q2,IEWAT,Waterford,5,Coastal trade,000 Tonnes,5.0,2019,2
TBQ05C03,Goods Forwarded,20193,2019Q3,IEMIP,All Main Irish Ports,-,All regions of trade,000 Tonnes,4301.0,2019,3
TBQ05C03,Goods Forwarded,20193,2019Q3,IEMIP,All Main Irish Ports,1,Foreign trade: Great Britain and Northern Ireland,000 Tonnes,2211.0,2019,3
TBQ05C03,Goods Forwarded,20193,2019Q3,IEMIP,All Main Irish Ports,2,Foreign trade: Other EU,000 Tonnes,1529.0,2019,3
TBQ05C03,Goods Forwarded,20193,2019Q3,IEMIP,All Main Irish Ports,3,Foreign trade: Non-EU,000 Tonnes,45.0,2019,3
TBQ05C03,Goods Forwarded,20193,2019Q3,IEMIP,All Main Irish Ports,4,Foreign trade: Other ports,000 Tonnes,143.0,2019,3
TBQ05C03,Goods Forwarded,20193,2019Q3,IEMIP,All Main Irish Ports,5,Coastal trade,000 Tonnes,374.0,2019,3
TBQ05C03,Goods Forwarded,20193,2019Q3,IEBYT,Bantry Bay,-,All regions of trade,000 Tonnes,85.0,2019,3
TBQ05C03,Goods Forwarded,20193,2019Q3,IEBYT,Bantry Bay,1,Foreign trade: Great Britain and Northern Ireland,000 Tonnes,0.0,2019,3
TBQ05C03,Goods Forwarded,20193,2019Q3,IEBYT,Bantry Bay,2,Foreign trade: Other EU,000 Tonnes,0.0,2019,3
TBQ05C03,Goods Forwarded,20193,2019Q3,IEBYT,Bantry Bay,3,Foreign trade: Non-EU,000 Tonnes,0.0,2019,3
TBQ05C03,Goods Forwarded,20193,2019Q3,IEBYT,Bantry Bay,4,Foreign trade: Other ports,000 Tonnes,85.0,2019,3
TBQ05C03,Goods Forwarded,20193,2019Q3,IEBYT,Bantry Bay,5,Coastal trade,000 Tonnes,0.0,2019,3
TBQ05C03,Goods Forwarded,20193,2019Q3,IEDRO,Drogheda,-,All regions of trade,000 Tonnes,178.0,2019,3
TBQ05C03,Goods Forwarded,20193,2019Q3,IEDRO,Drogheda,1,Foreign trade: Great Britain and Northern Ireland,000 Tonnes,79.0,2019,3
TBQ05C03,Goods Forwarded,20193,2019Q3,IEDRO,Drogheda,2,Foreign trade: Other EU,000 Tonnes,72.0,2019,3
TBQ05C03,Goods Forwarded,20193,2019Q3,IEDRO,Drogheda,3,Foreign trade: Non-EU,000 Tonnes,19.0,2019,3
TBQ05C03,Goods Forwarded,20193,2019Q3,IEDRO,Drogheda,4,Foreign trade: Other ports,000 Tonnes,8.0,2019,3
TBQ05C03,Goods Forwarded,20193,2019Q3,IEDRO,Drogheda,5,Coastal trade,000 Tonnes,0.0,2019,3
TBQ05C03,Goods Forwarded,20193,2019Q3,IEDUB,Dublin,-,All regions of trade,000 Tonnes,2222.0,2019,3
TBQ05C03,Goods Forwarded,20193,2019Q3,IEDUB,Dublin,1,Foreign trade: Great Britain and Northern Ireland,000 Tonnes,1446.0,2019,3
TBQ05C03,Goods Forwarded,20193,2019Q3,IEDUB,Dublin,2,Foreign trade: Other EU,000 Tonnes,727.0,2019,3
TBQ05C03,Goods Forwarded,20193,2019Q3,IEDUB,Dublin,3,Foreign trade: Non-EU,000 Tonnes,7.0,2019,3
TBQ05C03,Goods Forwarded,20193,2019Q3,IEDUB,Dublin,4,Foreign trade: Other ports,000 Tonnes,6.0,2019,3
TBQ05C03,Goods Forwarded,20193,2019Q3,IEDUB,Dublin,5,Coastal trade,000 Tonnes,36.0,2019,3
TBQ05C03,Goods Forwarded,20193,2019Q3,IEFOV,Shannon Foynes,-,All regions of trade,000 Tonnes,586.0,2019,3
TBQ05C03,Goods Forwarded,20193,2019Q3,IEFOV,Shannon Foynes,1,Foreign trade: Great Britain and Northern Ireland,000 Tonnes,208.0,2019,3
TBQ05C03,Goods Forwarded,20193,2019Q3,IEFOV,Shannon Foynes,2,Foreign trade: Other EU,000 Tonnes,274.0,2019,3
TBQ05C03,Goods Forwarded,20193,2019Q3,IEFOV,Shannon Foynes,3,Foreign trade: Non-EU,000 Tonnes,13.0,2019,3
TBQ05C03,Goods Forwarded,20193,2019Q3,IEFOV,Shannon Foynes,4,Foreign trade: Other ports,000 Tonnes,0.0,2019,3
TBQ05C03,Goods Forwarded,20193,2019Q3,IEFOV,Shannon Foynes,5,Coastal trade,000 Tonnes,91.0,2019,3
TBQ05C03,Goods Forwarded,20193,2019Q3,IEORK,Cork,-,All regions of trade,000 Tonnes,849.0,2019,3
TBQ05C03,Goods Forwarded,20193,2019Q3,IEORK,Cork,1,Foreign trade: Great Britain and Northern Ireland,000 Tonnes,225.0,2019,3
TBQ05C03,Goods Forwarded,20193,2019Q3,IEORK,Cork,2,Foreign trade: Other EU,000 Tonnes,333.0,2019,3
TBQ05C03,Goods Forwarded,20193,2019Q3,IEORK,Cork,3,Foreign trade: Non-EU,000 Tonnes,6.0,2019,3
TBQ05C03,Goods Forwarded,20193,2019Q3,IEORK,Cork,4,Foreign trade: Other ports,000 Tonnes,44.0,2019,3
TBQ05C03,Goods Forwarded,20193,2019Q3,IEORK,Cork,5,Coastal trade,000 Tonnes,242.0,2019,3
TBQ05C03,Goods Forwarded,20193,2019Q3,IEROS,Rosslare,-,All regions of trade,000 Tonnes,292.0,2019,3
TBQ05C03,Goods Forwarded,20193,2019Q3,IEROS,Rosslare,1,Foreign trade: Great Britain and Northern Ireland,000 Tonnes,247.0,2019,3
TBQ05C03,Goods Forwarded,20193,2019Q3,IEROS,Rosslare,2,Foreign trade: Other EU,000 Tonnes,45.0,2019,3
TBQ05C03,Goods Forwarded,20193,2019Q3,IEROS,Rosslare,3,Foreign trade: Non-EU,000 Tonnes,0.0,2019,3
TBQ05C03,Goods Forwarded,20193,2019Q3,IEROS,Rosslare,4,Foreign trade: Other ports,000 Tonnes,0.0,2019,3
TBQ05C03,Goods Forwarded,20193,2019Q3,IEROS,Rosslare,5,Coastal trade,000 Tonnes,0.0,2019,3
TBQ05C03,Goods Forwarded,20193,2019Q3,IEWAT,Waterford,-,All regions of trade,000 Tonnes,89.0,2019,3
TBQ05C03,Goods Forwarded,20193,2019Q3,IEWAT,Waterford,1,Foreign trade: Great Britain and Northern Ireland,000 Tonnes,7.0,2019,3
TBQ05C03,Goods Forwarded,20193,2019Q3,IEWAT,Waterford,2,Foreign trade: Other EU,000 Tonnes,78.0,2019,3
TBQ05C03,Goods Forwarded,20193,2019Q3,IEWAT,Waterford,3,Foreign trade: Non-EU,000 Tonnes,0.0,2019,3
TBQ05C03,Goods Forwarded,20193,2019Q3,IEWAT,Waterford,4,Foreign trade: Other ports,000 Tonnes,0.0,2019,3
TBQ05C03,Goods Forwarded,20193,2019Q3,IEWAT,Waterford,5,Coastal trade,000 Tonnes,4.0,2019,3
TBQ05C03,Goods Forwarded,20194,2019Q4,IEMIP,All Main Irish Ports,-,All regions of trade,000 Tonnes,4367.0,2019,4
TBQ05C03,Goods Forwarded,20194,2019Q4,IEMIP,All Main Irish Ports,1,Foreign trade: Great Britain and Northern Ireland,000 Tonnes,2038.0,2019,4
TBQ05C03,Goods Forwarded,20194,2019Q4,IEMIP,All Main Irish Ports,2,Foreign trade: Other EU,000 Tonnes,1753.0,2019,4
TBQ05C03,Goods Forwarded,20194,2019Q4,IEMIP,All Main Irish Ports,3,Foreign trade: Non-EU,000 Tonnes,76.0,2019,4
TBQ05C03,Goods Forwarded,20194,2019Q4,IEMIP,All Main Irish Ports,4,Foreign trade: Other ports,000 Tonnes,143.0,2019,4
TBQ05C03,Goods Forwarded,20194,2019Q4,IEMIP,All Main Irish Ports,5,Coastal trade,000 Tonnes,357.0,2019,4
TBQ05C03,Goods Forwarded,20194,2019Q4,IEBYT,Bantry Bay,-,All regions of trade,000 Tonnes,43.0,2019,4
TBQ05C03,Goods Forwarded,20194,2019Q4,IEBYT,Bantry Bay,1,Foreign trade: Great Britain and Northern Ireland,000 Tonnes,0.0,2019,4
TBQ05C03,Goods Forwarded,20194,2019Q4,IEBYT,Bantry Bay,2,Foreign trade: Other EU,000 Tonnes,0.0,2019,4
TBQ05C03,Goods Forwarded,20194,2019Q4,IEBYT,Bantry Bay,3,Foreign trade: Non-EU,000 Tonnes,0.0,2019,4
TBQ05C03,Goods Forwarded,20194,2019Q4,IEBYT,Bantry Bay,4,Foreign trade: Other ports,000 Tonnes,43.0,2019,4
TBQ05C03,Goods Forwarded,20194,2019Q4,IEBYT,Bantry Bay,5,Coastal trade,000 Tonnes,0.0,2019,4
TBQ05C03,Goods Forwarded,20194,2019Q4,IEDRO,Drogheda,-,All regions of trade,000 Tonnes,225.0,2019,4
TBQ05C03,Goods Forwarded,20194,2019Q4,IEDRO,Drogheda,1,Foreign trade: Great Britain and Northern Ireland,000 Tonnes,108.0,2019,4
TBQ05C03,Goods Forwarded,20194,2019Q4,IEDRO,Drogheda,2,Foreign trade: Other EU,000 Tonnes,98.0,2019,4
TBQ05C03,Goods Forwarded,20194,2019Q4,IEDRO,Drogheda,3,Foreign trade: Non-EU,000 Tonnes,19.0,2019,4
TBQ05C03,Goods Forwarded,20194,2019Q4,IEDRO,Drogheda,4,Foreign trade: Other ports,000 Tonnes,0.0,2019,4
TBQ05C03,Goods Forwarded,20194,2019Q4,IEDRO,Drogheda,5,Coastal trade,000 Tonnes,0.0,2019,4
TBQ05C03,Goods Forwarded,20194,2019Q4,IEDUB,Dublin,-,All regions of trade,000 Tonnes,2298.0,2019,4
TBQ05C03,Goods Forwarded,20194,2019Q4,IEDUB,Dublin,1,Foreign trade: Great Britain and Northern Ireland,000 Tonnes,1451.0,2019,4
TBQ05C03,Goods Forwarded,20194,2019Q4,IEDUB,Dublin,2,Foreign trade: Other EU,000 Tonnes,788.0,2019,4
TBQ05C03,Goods Forwarded,20194,2019Q4,IEDUB,Dublin,3,Foreign trade: Non-EU,000 Tonnes,19.0,2019,4
TBQ05C03,Goods Forwarded,20194,2019Q4,IEDUB,Dublin,4,Foreign trade: Other ports,000 Tonnes,7.0,2019,4
TBQ05C03,Goods Forwarded,20194,2019Q4,IEDUB,Dublin,5,Coastal trade,000 Tonnes,32.0,2019,4
TBQ05C03,Goods Forwarded,20194,2019Q4,IEFOV,Shannon Foynes,-,All regions of trade,000 Tonnes,572.0,2019,4
TBQ05C03,Goods Forwarded,20194,2019Q4,IEFOV,Shannon Foynes,1,Foreign trade: Great Britain and Northern Ireland,000 Tonnes,138.0,2019,4
TBQ05C03,Goods Forwarded,20194,2019Q4,IEFOV,Shannon Foynes,2,Foreign trade: Other EU,000 Tonnes,286.0,2019,4
TBQ05C03,Goods Forwarded,20194,2019Q4,IEFOV,Shannon Foynes,3,Foreign trade: Non-EU,000 Tonnes,34.0,2019,4
TBQ05C03,Goods Forwarded,20194,2019Q4,IEFOV,Shannon Foynes,4,Foreign trade: Other ports,000 Tonnes,40.0,2019,4
TBQ05C03,Goods Forwarded,20194,2019Q4,IEFOV,Shannon Foynes,5,Coastal trade,000 Tonnes,73.0,2019,4
TBQ05C03,Goods Forwarded,20194,2019Q4,IEORK,Cork,-,All regions of trade,000 Tonnes,873.0,2019,4
TBQ05C03,Goods Forwarded,20194,2019Q4,IEORK,Cork,1,Foreign trade: Great Britain and Northern Ireland,000 Tonnes,102.0,2019,4
TBQ05C03,Goods Forwarded,20194,2019Q4,IEORK,Cork,2,Foreign trade: Other EU,000 Tonnes,463.0,2019,4
TBQ05C03,Goods Forwarded,20194,2019Q4,IEORK,Cork,3,Foreign trade: Non-EU,000 Tonnes,3.0,2019,4
TBQ05C03,Goods Forwarded,20194,2019Q4,IEORK,Cork,4,Foreign trade: Other ports,000 Tonnes,52.0,2019,4
TBQ05C03,Goods Forwarded,20194,2019Q4,IEORK,Cork,5,Coastal trade,000 Tonnes,252.0,2019,4
TBQ05C03,Goods Forwarded,20194,2019Q4,IEROS,Rosslare,-,All regions of trade,000 Tonnes,272.0,2019,4
TBQ05C03,Goods Forwarded,20194,2019Q4,IEROS,Rosslare,1,Foreign trade: Great Britain and Northern Ireland,000 Tonnes,230.0,2019,4
TBQ05C03,Goods Forwarded,20194,2019Q4,IEROS,Rosslare,2,Foreign trade: Other EU,000 Tonnes,42.0,2019,4
TBQ05C03,Goods Forwarded,20194,2019Q4,IEROS,Rosslare,3,Foreign trade: Non-EU,000 Tonnes,0.0,2019,4
TBQ05C03,Goods Forwarded,20194,2019Q4,IEROS,Rosslare,4,Foreign trade: Other ports,000 Tonnes,0.0,2019,4
TBQ05C03,Goods Forwarded,20194,2019Q4,IEROS,Rosslare,5,Coastal trade,000 Tonnes,0.0,2019,4
TBQ05C03,Goods Forwarded,20194,2019Q4,IEWAT,Waterford,-,All regions of trade,000 Tonnes,83.0,2019,4
TBQ05C03,Goods Forwarded,20194,2019Q4,IEWAT,Waterford,1,Foreign trade: Great Britain and Northern Ireland,000 Tonnes,8.0,2019,4
TBQ05C03,Goods Forwarded,20194,2019Q4,IEWAT,Waterford,2,Foreign trade: Other EU,000 Tonnes,75.0,2019,4
TBQ05C03,Goods Forwarded,20194,2019Q4,IEWAT,Waterford,3,Foreign trade: Non-EU,000 Tonnes,0.0,2019,4
TBQ05C03,Goods Forwarded,20194,2019Q4,IEWAT,Waterford,4,Foreign trade: Other ports,000 Tonnes,0.0,2019,4
TBQ05C03,Goods Forwarded,20194,2019Q4,IEWAT,Waterford,5,Coastal trade,000 Tonnes,0.0,2019,4
TBQ05C03,Goods Forwarded,20201,2020Q1,IEMIP,All Main Irish Ports,-,All regions of trade,000 Tonnes,4250.0,2020,1
TBQ05C03,Goods Forwarded,20201,2020Q1,IEMIP,All Main Irish Ports,1,Foreign trade: Great Britain and Northern Ireland,000 Tonnes,1914.0,2020,1
TBQ05C03,Goods Forwarded,20201,2020Q1,IEMIP,All Main Irish Ports,2,Foreign trade: Other EU,000 Tonnes,1554.0,2020,1
TBQ05C03,Goods Forwarded,20201,2020Q1,IEMIP,All Main Irish Ports,3,Foreign trade: Non-EU,000 Tonnes,60.0,2020,1
TBQ05C03,Goods Forwarded,20201,2020Q1,IEMIP,All Main Irish Ports,4,Foreign trade: Other ports,000 Tonnes,360.0,2020,1
TBQ05C03,Goods Forwarded,20201,2020Q1,IEMIP,All Main Irish Ports,5,Coastal trade,000 Tonnes,363.0,2020,1
TBQ05C03,Goods Forwarded,20201,2020Q1,IEBYT,Bantry Bay,-,All regions of trade,000 Tonnes,154.0,2020,1
TBQ05C03,Goods Forwarded,20201,2020Q1,IEBYT,Bantry Bay,1,Foreign trade: Great Britain and Northern Ireland,000 Tonnes,0.0,2020,1
TBQ05C03,Goods Forwarded,20201,2020Q1,IEBYT,Bantry Bay,2,Foreign trade: Other EU,000 Tonnes,0.0,2020,1
TBQ05C03,Goods Forwarded,20201,2020Q1,IEBYT,Bantry Bay,3,Foreign trade: Non-EU,000 Tonnes,0.0,2020,1
TBQ05C03,Goods Forwarded,20201,2020Q1,IEBYT,Bantry Bay,4,Foreign trade: Other ports,000 Tonnes,154.0,2020,1
TBQ05C03,Goods Forwarded,20201,2020Q1,IEBYT,Bantry Bay,5,Coastal trade,000 Tonnes,0.0,2020,1
TBQ05C03,Goods Forwarded,20201,2020Q1,IEDRO,Drogheda,-,All regions of trade,000 Tonnes,132.0,2020,1
TBQ05C03,Goods Forwarded,20201,2020Q1,IEDRO,Drogheda,1,Foreign trade: Great Britain and Northern Ireland,000 Tonnes,79.0,2020,1
TBQ05C03,Goods Forwarded,20201,2020Q1,IEDRO,Drogheda,2,Foreign trade: Other EU,000 Tonnes,50.0,2020,1
TBQ05C03,Goods Forwarded,20201,2020Q1,IEDRO,Drogheda,3,Foreign trade: Non-EU,000 Tonnes,1.0,2020,1
TBQ05C03,Goods Forwarded,20201,2020Q1,IEDRO,Drogheda,4,Foreign trade: Other ports,000 Tonnes,3.0,2020,1
TBQ05C03,Goods Forwarded,20201,2020Q1,IEDRO,Drogheda,5,Coastal trade,000 Tonnes,0.0,2020,1
TBQ05C03,Goods Forwarded,20201,2020Q1,IEDUB,Dublin,-,All regions of trade,000 Tonnes,2277.0,2020,1
TBQ05C03,Goods Forwarded,20201,2020Q1,IEDUB,Dublin,1,Foreign trade: Great Britain and Northern Ireland,000 Tonnes,1423.0,2020,1
TBQ05C03,Goods Forwarded,20201,2020Q1,IEDUB,Dublin,2,Foreign trade: Other EU,000 Tonnes,756.0,2020,1
TBQ05C03,Goods Forwarded,20201,2020Q1,IEDUB,Dublin,3,Foreign trade: Non-EU,000 Tonnes,27.0,2020,1
TBQ05C03,Goods Forwarded,20201,2020Q1,IEDUB,Dublin,4,Foreign trade: Other ports,000 Tonnes,23.0,2020,1
TBQ05C03,Goods Forwarded,20201,2020Q1,IEDUB,Dublin,5,Coastal trade,000 Tonnes,49.0,2020,1
TBQ05C03,Goods Forwarded,20201,2020Q1,IEFOV,Shannon Foynes,-,All regions of trade,000 Tonnes,607.0,2020,1
TBQ05C03,Goods Forwarded,20201,2020Q1,IEFOV,Shannon Foynes,1,Foreign trade: Great Britain and Northern Ireland,000 Tonnes,128.0,2020,1
TBQ05C03,Goods Forwarded,20201,2020Q1,IEFOV,Shannon Foynes,2,Foreign trade: Other EU,000 Tonnes,319.0,2020,1
TBQ05C03,Goods Forwarded,20201,2020Q1,IEFOV,Shannon Foynes,3,Foreign trade: Non-EU,000 Tonnes,23.0,2020,1
TBQ05C03,Goods Forwarded,20201,2020Q1,IEFOV,Shannon Foynes,4,Foreign trade: Other ports,000 Tonnes,85.0,2020,1
TBQ05C03,Goods Forwarded,20201,2020Q1,IEFOV,Shannon Foynes,5,Coastal trade,000 Tonnes,51.0,2020,1
TBQ05C03,Goods Forwarded,20201,2020Q1,IEORK,Cork,-,All regions of trade,000 Tonnes,731.0,2020,1
TBQ05C03,Goods Forwarded,20201,2020Q1,IEORK,Cork,1,Foreign trade: Great Britain and Northern Ireland,000 Tonnes,70.0,2020,1
TBQ05C03,Goods Forwarded,20201,2020Q1,IEORK,Cork,2,Foreign trade: Other EU,000 Tonnes,298.0,2020,1
TBQ05C03,Goods Forwarded,20201,2020Q1,IEORK,Cork,3,Foreign trade: Non-EU,000 Tonnes,4.0,2020,1
TBQ05C03,Goods Forwarded,20201,2020Q1,IEORK,Cork,4,Foreign trade: Other ports,000 Tonnes,96.0,2020,1
TBQ05C03,Goods Forwarded,20201,2020Q1,IEORK,Cork,5,Coastal trade,000 Tonnes,263.0,2020,1
TBQ05C03,Goods Forwarded,20201,2020Q1,IEROS,Rosslare,-,All regions of trade,000 Tonnes,252.0,2020,1
TBQ05C03,Goods Forwarded,20201,2020Q1,IEROS,Rosslare,1,Foreign trade: Great Britain and Northern Ireland,000 Tonnes,199.0,2020,1
TBQ05C03,Goods Forwarded,20201,2020Q1,IEROS,Rosslare,2,Foreign trade: Other EU,000 Tonnes,53.0,2020,1
TBQ05C03,Goods Forwarded,20201,2020Q1,IEROS,Rosslare,3,Foreign trade: Non-EU,000 Tonnes,0.0,2020,1
TBQ05C03,Goods Forwarded,20201,2020Q1,IEROS,Rosslare,4,Foreign trade: Other ports,000 Tonnes,0.0,2020,1
TBQ05C03,Goods Forwarded,20201,2020Q1,IEROS,Rosslare,5,Coastal trade,000 Tonnes,0.0,2020,1
TBQ05C03,Goods Forwarded,20201,2020Q1,IEWAT,Waterford,-,All regions of trade,000 Tonnes,98.0,2020,1
TBQ05C03,Goods Forwarded,20201,2020Q1,IEWAT,Waterford,1,Foreign trade: Great Britain and Northern Ireland,000 Tonnes,15.0,2020,1
TBQ05C03,Goods Forwarded,20201,2020Q1,IEWAT,Waterford,2,Foreign trade: Other EU,000 Tonnes,78.0,2020,1
TBQ05C03,Goods Forwarded,20201,2020Q1,IEWAT,Waterford,3,Foreign trade: Non-EU,000 Tonnes,5.0,2020,1
TBQ05C03,Goods Forwarded,20201,2020Q1,IEWAT,Waterford,4,Foreign trade: Other ports,000 Tonnes,0.0,2020,1
TBQ05C03,Goods Forwarded,20201,2020Q1,IEWAT,Waterford,5,Coastal trade,000 Tonnes,0.0,2020,1
TBQ05C03,Goods Forwarded,20202,2020Q2,IEMIP,All Main Irish Ports,-,All regions of trade,000 Tonnes,3745.0,2020,2
TBQ05C03,Goods Forwarded,20202,2020Q2,IEMIP,All Main Irish Ports,1,Foreign trade: Great Britain and Northern Ireland,000 Tonnes,1665.0,2020,2
TBQ05C03,Goods Forwarded,20202,2020Q2,IEMIP,All Main Irish Ports,2,Foreign trade: Other EU,000 Tonnes,1448.0,2020,2
TBQ05C03,Goods Forwarded,20202,2020Q2,IEMIP,All Main Irish Ports,3,Foreign trade: Non-EU,000 Tonnes,184.0,2020,2
TBQ05C03,Goods Forwarded,20202,2020Q2,IEMIP,All Main Irish Ports,4,Foreign trade: Other ports,000 Tonnes,203.0,2020,2
TBQ05C03,Goods Forwarded,20202,2020Q2,IEMIP,All Main Irish Ports,5,Coastal trade,000 Tonnes,246.0,2020,2
TBQ05C03,Goods Forwarded,20202,2020Q2,IEBYT,Bantry Bay,-,All regions of trade,000 Tonnes,138.0,2020,2
TBQ05C03,Goods Forwarded,20202,2020Q2,IEBYT,Bantry Bay,1,Foreign trade: Great Britain and Northern Ireland,000 Tonnes,0.0,2020,2
TBQ05C03,Goods Forwarded,20202,2020Q2,IEBYT,Bantry Bay,2,Foreign trade: Other EU,000 Tonnes,0.0,2020,2
TBQ05C03,Goods Forwarded,20202,2020Q2,IEBYT,Bantry Bay,3,Foreign trade: Non-EU,000 Tonnes,0.0,2020,2
TBQ05C03,Goods Forwarded,20202,2020Q2,IEBYT,Bantry Bay,4,Foreign trade: Other ports,000 Tonnes,138.0,2020,2
TBQ05C03,Goods Forwarded,20202,2020Q2,IEBYT,Bantry Bay,5,Coastal trade,000 Tonnes,0.0,2020,2
TBQ05C03,Goods Forwarded,20202,2020Q2,IEDRO,Drogheda,-,All regions of trade,000 Tonnes,156.0,2020,2
TBQ05C03,Goods Forwarded,20202,2020Q2,IEDRO,Drogheda,1,Foreign trade: Great Britain and Northern Ireland,000 Tonnes,89.0,2020,2
TBQ05C03,Goods Forwarded,20202,2020Q2,IEDRO,Drogheda,2,Foreign trade: Other EU,000 Tonnes,67.0,2020,2
TBQ05C03,Goods Forwarded,20202,2020Q2,IEDRO,Drogheda,3,Foreign trade: Non-EU,000 Tonnes,0.0,2020,2
TBQ05C03,Goods Forwarded,20202,2020Q2,IEDRO,Drogheda,4,Foreign trade: Other ports,000 Tonnes,0.0,2020,2
TBQ05C03,Goods Forwarded,20202,2020Q2,IEDRO,Drogheda,5,Coastal trade,000 Tonnes,0.0,2020,2
TBQ05C03,Goods Forwarded,20202,2020Q2,IEDUB,Dublin,-,All regions of trade,000 Tonnes,2066.0,2020,2
TBQ05C03,Goods Forwarded,20202,2020Q2,IEDUB,Dublin,1,Foreign trade: Great Britain and Northern Ireland,000 Tonnes,1336.0,2020,2
TBQ05C03,Goods Forwarded,20202,2020Q2,IEDUB,Dublin,2,Foreign trade: Other EU,000 Tonnes,651.0,2020,2
TBQ05C03,Goods Forwarded,20202,2020Q2,IEDUB,Dublin,3,Foreign trade: Non-EU,000 Tonnes,40.0,2020,2
TBQ05C03,Goods Forwarded,20202,2020Q2,IEDUB,Dublin,4,Foreign trade: Other ports,000 Tonnes,12.0,2020,2
TBQ05C03,Goods Forwarded,20202,2020Q2,IEDUB,Dublin,5,Coastal trade,000 Tonnes,26.0,2020,2
TBQ05C03,Goods Forwarded,20202,2020Q2,IEFOV,Shannon Foynes,-,All regions of trade,000 Tonnes,528.0,2020,2
TBQ05C03,Goods Forwarded,20202,2020Q2,IEFOV,Shannon Foynes,1,Foreign trade: Great Britain and Northern Ireland,000 Tonnes,130.0,2020,2
TBQ05C03,Goods Forwarded,20202,2020Q2,IEFOV,Shannon Foynes,2,Foreign trade: Other EU,000 Tonnes,232.0,2020,2
TBQ05C03,Goods Forwarded,20202,2020Q2,IEFOV,Shannon Foynes,3,Foreign trade: Non-EU,000 Tonnes,46.0,2020,2
TBQ05C03,Goods Forwarded,20202,2020Q2,IEFOV,Shannon Foynes,4,Foreign trade: Other ports,000 Tonnes,16.0,2020,2
TBQ05C03,Goods Forwarded,20202,2020Q2,IEFOV,Shannon Foynes,5,Coastal trade,000 Tonnes,103.0,2020,2
TBQ05C03,Goods Forwarded,20202,2020Q2,IEORK,Cork,-,All regions of trade,000 Tonnes,721.0,2020,2
TBQ05C03,Goods Forwarded,20202,2020Q2,IEORK,Cork,1,Foreign trade: Great Britain and Northern Ireland,000 Tonnes,44.0,2020,2
TBQ05C03,Goods Forwarded,20202,2020Q2,IEORK,Cork,2,Foreign trade: Other EU,000 Tonnes,425.0,2020,2
TBQ05C03,Goods Forwarded,20202,2020Q2,IEORK,Cork,3,Foreign trade: Non-EU,000 Tonnes,98.0,2020,2
TBQ05C03,Goods Forwarded,20202,2020Q2,IEORK,Cork,4,Foreign trade: Other ports,000 Tonnes,37.0,2020,2
TBQ05C03,Goods Forwarded,20202,2020Q2,IEORK,Cork,5,Coastal trade,000 Tonnes,116.0,2020,2
TBQ05C03,Goods Forwarded,20202,2020Q2,IEROS,Rosslare,-,All regions of trade,000 Tonnes,70.0,2020,2
TBQ05C03,Goods Forwarded,20202,2020Q2,IEROS,Rosslare,1,Foreign trade: Great Britain and Northern Ireland,000 Tonnes,56.0,2020,2
TBQ05C03,Goods Forwarded,20202,2020Q2,IEROS,Rosslare,2,Foreign trade: Other EU,000 Tonnes,14.0,2020,2
TBQ05C03,Goods Forwarded,20202,2020Q2,IEROS,Rosslare,3,Foreign trade: Non-EU,000 Tonnes,0.0,2020,2
TBQ05C03,Goods Forwarded,20202,2020Q2,IEROS,Rosslare,4,Foreign trade: Other ports,000 Tonnes,0.0,2020,2
TBQ05C03,Goods Forwarded,20202,2020Q2,IEROS,Rosslare,5,Coastal trade,000 Tonnes,0.0,2020,2
TBQ05C03,Goods Forwarded,20202,2020Q2,IEWAT,Waterford,-,All regions of trade,000 Tonnes,67.0,2020,2
TBQ05C03,Goods Forwarded,20202,2020Q2,IEWAT,Waterford,1,Foreign trade: Great Britain and Northern Ireland,000 Tonnes,9.0,2020,2
TBQ05C03,Goods Forwarded,20202,2020Q2,IEWAT,Waterford,2,Foreign trade: Other EU,000 Tonnes,58.0,2020,2
TBQ05C03,Goods Forwarded,20202,2020Q2,IEWAT,Waterford,3,Foreign trade: Non-EU,000 Tonnes,0.0,2020,2
TBQ05C03,Goods Forwarded,20202,2020Q2,IEWAT,Waterford,4,Foreign trade: Other ports,000 Tonnes,0.0,2020,2
TBQ05C03,Goods Forwarded,20202,2020Q2,IEWAT,Waterford,5,Coastal trade,000 Tonnes,0.0,2020,2
TBQ05C03,Goods Forwarded,20203,2020Q3,IEMIP,All Main Irish Ports,-,All regions of trade,000 Tonnes,4497.0,2020,3
TBQ05C03,Goods Forwarded,20203,2020Q3,IEMIP,All Main Irish Ports,1,Foreign trade: Great Britain and Northern Ireland,000 Tonnes,2130.0,2020,3
TBQ05C03,Goods Forwarded,20203,2020Q3,IEMIP,All Main Irish Ports,2,Foreign trade: Other EU,000 Tonnes,1522.0,2020,3
TBQ05C03,Goods Forwarded,20203,2020Q3,IEMIP,All Main Irish Ports,3,Foreign trade: Non-EU,000 Tonnes,291.0,2020,3
TBQ05C03,Goods Forwarded,20203,2020Q3,IEMIP,All Main Irish Ports,4,Foreign trade: Other ports,000 Tonnes,246.0,2020,3
TBQ05C03,Goods Forwarded,20203,2020Q3,IEMIP,All Main Irish Ports,5,Coastal trade,000 Tonnes,308.0,2020,3
TBQ05C03,Goods Forwarded,20203,2020Q3,IEBYT,Bantry Bay,-,All regions of trade,000 Tonnes,206.0,2020,3
TBQ05C03,Goods Forwarded,20203,2020Q3,IEBYT,Bantry Bay,1,Foreign trade: Great Britain and Northern Ireland,000 Tonnes,0.0,2020,3
TBQ05C03,Goods Forwarded,20203,2020Q3,IEBYT,Bantry Bay,2,Foreign trade: Other EU,000 Tonnes,0.0,2020,3
TBQ05C03,Goods Forwarded,20203,2020Q3,IEBYT,Bantry Bay,3,Foreign trade: Non-EU,000 Tonnes,0.0,2020,3
TBQ05C03,Goods Forwarded,20203,2020Q3,IEBYT,Bantry Bay,4,Foreign trade: Other ports,000 Tonnes,206.0,2020,3
TBQ05C03,Goods Forwarded,20203,2020Q3,IEBYT,Bantry Bay,5,Coastal trade,000 Tonnes,0.0,2020,3
TBQ05C03,Goods Forwarded,20203,2020Q3,IEDRO,Drogheda,-,All regions of trade,000 Tonnes,114.0,2020,3
TBQ05C03,Goods Forwarded,20203,2020Q3,IEDRO,Drogheda,1,Foreign trade: Great Britain and Northern Ireland,000 Tonnes,70.0,2020,3
TBQ05C03,Goods Forwarded,20203,2020Q3,IEDRO,Drogheda,2,Foreign trade: Other EU,000 Tonnes,36.0,2020,3
TBQ05C03,Goods Forwarded,20203,2020Q3,IEDRO,Drogheda,3,Foreign trade: Non-EU,000 Tonnes,0.0,2020,3
TBQ05C03,Goods Forwarded,20203,2020Q3,IEDRO,Drogheda,4,Foreign trade: Other ports,000 Tonnes,8.0,2020,3
TBQ05C03,Goods Forwarded,20203,2020Q3,IEDRO,Drogheda,5,Coastal trade,000 Tonnes,0.0,2020,3
TBQ05C03,Goods Forwarded,20203,2020Q3,IEDUB,Dublin,-,All regions of trade,000 Tonnes,2418.0,2020,3
TBQ05C03,Goods Forwarded,20203,2020Q3,IEDUB,Dublin,1,Foreign trade: Great Britain and Northern Ireland,000 Tonnes,1599.0,2020,3
TBQ05C03,Goods Forwarded,20203,2020Q3,IEDUB,Dublin,2,Foreign trade: Other EU,000 Tonnes,753.0,2020,3
TBQ05C03,Goods Forwarded,20203,2020Q3,IEDUB,Dublin,3,Foreign trade: Non-EU,000 Tonnes,51.0,2020,3
TBQ05C03,Goods Forwarded,20203,2020Q3,IEDUB,Dublin,4,Foreign trade: Other ports,000 Tonnes,8.0,2020,3
TBQ05C03,Goods Forwarded,20203,2020Q3,IEDUB,Dublin,5,Coastal trade,000 Tonnes,8.0,2020,3
TBQ05C03,Goods Forwarded,20203,2020Q3,IEFOV,Shannon Foynes,-,All regions of trade,000 Tonnes,639.0,2020,3
TBQ05C03,Goods Forwarded,20203,2020Q3,IEFOV,Shannon Foynes,1,Foreign trade: Great Britain and Northern Ireland,000 Tonnes,179.0,2020,3
TBQ05C03,Goods Forwarded,20203,2020Q3,IEFOV,Shannon Foynes,2,Foreign trade: Other EU,000 Tonnes,284.0,2020,3
TBQ05C03,Goods Forwarded,20203,2020Q3,IEFOV,Shannon Foynes,3,Foreign trade: Non-EU,000 Tonnes,61.0,2020,3
TBQ05C03,Goods Forwarded,20203,2020Q3,IEFOV,Shannon Foynes,4,Foreign trade: Other ports,000 Tonnes,12.0,2020,3
TBQ05C03,Goods Forwarded,20203,2020Q3,IEFOV,Shannon Foynes,5,Coastal trade,000 Tonnes,103.0,2020,3
TBQ05C03,Goods Forwarded,20203,2020Q3,IEORK,Cork,-,All regions of trade,000 Tonnes,774.0,2020,3
TBQ05C03,Goods Forwarded,20203,2020Q3,IEORK,Cork,1,Foreign trade: Great Britain and Northern Ireland,000 Tonnes,64.0,2020,3
TBQ05C03,Goods Forwarded,20203,2020Q3,IEORK,Cork,2,Foreign trade: Other EU,000 Tonnes,325.0,2020,3
TBQ05C03,Goods Forwarded,20203,2020Q3,IEORK,Cork,3,Foreign trade: Non-EU,000 Tonnes,179.0,2020,3
TBQ05C03,Goods Forwarded,20203,2020Q3,IEORK,Cork,4,Foreign trade: Other ports,000 Tonnes,10.0,2020,3
TBQ05C03,Goods Forwarded,20203,2020Q3,IEORK,Cork,5,Coastal trade,000 Tonnes,197.0,2020,3
TBQ05C03,Goods Forwarded,20203,2020Q3,IEROS,Rosslare,-,All regions of trade,000 Tonnes,251.0,2020,3
TBQ05C03,Goods Forwarded,20203,2020Q3,IEROS,Rosslare,1,Foreign trade: Great Britain and Northern Ireland,000 Tonnes,200.0,2020,3
TBQ05C03,Goods Forwarded,20203,2020Q3,IEROS,Rosslare,2,Foreign trade: Other EU,000 Tonnes,51.0,2020,3
TBQ05C03,Goods Forwarded,20203,2020Q3,IEROS,Rosslare,3,Foreign trade: Non-EU,000 Tonnes,0.0,2020,3
TBQ05C03,Goods Forwarded,20203,2020Q3,IEROS,Rosslare,4,Foreign trade: Other ports,000 Tonnes,0.0,2020,3
TBQ05C03,Goods Forwarded,20203,2020Q3,IEROS,Rosslare,5,Coastal trade,000 Tonnes,0.0,2020,3
TBQ05C03,Goods Forwarded,20203,2020Q3,IEWAT,Waterford,-,All regions of trade,000 Tonnes,94.0,2020,3
TBQ05C03,Goods Forwarded,20203,2020Q3,IEWAT,Waterford,1,Foreign trade: Great Britain and Northern Ireland,000 Tonnes,18.0,2020,3
TBQ05C03,Goods Forwarded,20203,2020Q3,IEWAT,Waterford,2,Foreign trade: Other EU,000 Tonnes,73.0,2020,3
TBQ05C03,Goods Forwarded,20203,2020Q3,IEWAT,Waterford,3,Foreign trade: Non-EU,000 Tonnes,0.0,2020,3
TBQ05C03,Goods Forwarded,20203,2020Q3,IEWAT,Waterford,4,Foreign trade: Other ports,000 Tonnes,3.0,2020,3
TBQ05C03,Goods Forwarded,20203,2020Q3,IEWAT,Waterford,5,Coastal trade,000 Tonnes,0.0,2020,3
TBQ05C03,Goods Forwarded,20204,2020Q4,IEMIP,All Main Irish Ports,-,All regions of trade,000 Tonnes,4407.0,2020,4
TBQ05C03,Goods Forwarded,20204,2020Q4,IEMIP,All Main Irish Ports,1,Foreign trade: Great Britain and Northern Ireland,000 Tonnes,2096.0,2020,4
TBQ05C03,Goods Forwarded,20204,2020Q4,IEMIP,All Main Irish Ports,2,Foreign trade: Other EU,000 Tonnes,1588.0,2020,4
TBQ05C03,Goods Forwarded,20204,2020Q4,IEMIP,All Main Irish Ports,3,Foreign trade: Non-EU,000 Tonnes,206.0,2020,4
TBQ05C03,Goods Forwarded,20204,2020Q4,IEMIP,All Main Irish Ports,4,Foreign trade: Other ports,000 Tonnes,205.0,2020,4
TBQ05C03,Goods Forwarded,20204,2020Q4,IEMIP,All Main Irish Ports,5,Coastal trade,000 Tonnes,312.0,2020,4
TBQ05C03,Goods Forwarded,20204,2020Q4,IEBYT,Bantry Bay,-,All regions of trade,000 Tonnes,58.0,2020,4
TBQ05C03,Goods Forwarded,20204,2020Q4,IEBYT,Bantry Bay,1,Foreign trade: Great Britain and Northern Ireland,000 Tonnes,0.0,2020,4
TBQ05C03,Goods Forwarded,20204,2020Q4,IEBYT,Bantry Bay,2,Foreign trade: Other EU,000 Tonnes,0.0,2020,4
TBQ05C03,Goods Forwarded,20204,2020Q4,IEBYT,Bantry Bay,3,Foreign trade: Non-EU,000 Tonnes,0.0,2020,4
TBQ05C03,Goods Forwarded,20204,2020Q4,IEBYT,Bantry Bay,4,Foreign trade: Other ports,000 Tonnes,58.0,2020,4
TBQ05C03,Goods Forwarded,20204,2020Q4,IEBYT,Bantry Bay,5,Coastal trade,000 Tonnes,0.0,2020,4
TBQ05C03,Goods Forwarded,20204,2020Q4,IEDRO,Drogheda,-,All regions of trade,000 Tonnes,150.0,2020,4
TBQ05C03,Goods Forwarded,20204,2020Q4,IEDRO,Drogheda,1,Foreign trade: Great Britain and Northern Ireland,000 Tonnes,88.0,2020,4
TBQ05C03,Goods Forwarded,20204,2020Q4,IEDRO,Drogheda,2,Foreign trade: Other EU,000 Tonnes,62.0,2020,4
TBQ05C03,Goods Forwarded,20204,2020Q4,IEDRO,Drogheda,3,Foreign trade: Non-EU,000 Tonnes,0.0,2020,4
TBQ05C03,Goods Forwarded,20204,2020Q4,IEDRO,Drogheda,4,Foreign trade: Other ports,000 Tonnes,0.0,2020,4
TBQ05C03,Goods Forwarded,20204,2020Q4,IEDRO,Drogheda,5,Coastal trade,000 Tonnes,0.0,2020,4
TBQ05C03,Goods Forwarded,20204,2020Q4,IEDUB,Dublin,-,All regions of trade,000 Tonnes,2401.0,2020,4
TBQ05C03,Goods Forwarded,20204,2020Q4,IEDUB,Dublin,1,Foreign trade: Great Britain and Northern Ireland,000 Tonnes,1524.0,2020,4
TBQ05C03,Goods Forwarded,20204,2020Q4,IEDUB,Dublin,2,Foreign trade: Other EU,000 Tonnes,806.0,2020,4
TBQ05C03,Goods Forwarded,20204,2020Q4,IEDUB,Dublin,3,Foreign trade: Non-EU,000 Tonnes,49.0,2020,4
TBQ05C03,Goods Forwarded,20204,2020Q4,IEDUB,Dublin,4,Foreign trade: Other ports,000 Tonnes,11.0,2020,4
TBQ05C03,Goods Forwarded,20204,2020Q4,IEDUB,Dublin,5,Coastal trade,000 Tonnes,10.0,2020,4
TBQ05C03,Goods Forwarded,20204,2020Q4,IEFOV,Shannon Foynes,-,All regions of trade,000 Tonnes,618.0,2020,4
TBQ05C03,Goods Forwarded,20204,2020Q4,IEFOV,Shannon Foynes,1,Foreign trade: Great Britain and Northern Ireland,000 Tonnes,141.0,2020,4
TBQ05C03,Goods Forwarded,20204,2020Q4,IEFOV,Shannon Foynes,2,Foreign trade: Other EU,000 Tonnes,284.0,2020,4
TBQ05C03,Goods Forwarded,20204,2020Q4,IEFOV,Shannon Foynes,3,Foreign trade: Non-EU,000 Tonnes,60.0,2020,4
TBQ05C03,Goods Forwarded,20204,2020Q4,IEFOV,Shannon Foynes,4,Foreign trade: Other ports,000 Tonnes,33.0,2020,4
TBQ05C03,Goods Forwarded,20204,2020Q4,IEFOV,Shannon Foynes,5,Coastal trade,000 Tonnes,101.0,2020,4
TBQ05C03,Goods Forwarded,20204,2020Q4,IEORK,Cork,-,All regions of trade,000 Tonnes,794.0,2020,4
TBQ05C03,Goods Forwarded,20204,2020Q4,IEORK,Cork,1,Foreign trade: Great Britain and Northern Ireland,000 Tonnes,76.0,2020,4
TBQ05C03,Goods Forwarded,20204,2020Q4,IEORK,Cork,2,Foreign trade: Other EU,000 Tonnes,318.0,2020,4
TBQ05C03,Goods Forwarded,20204,2020Q4,IEORK,Cork,3,Foreign trade: Non-EU,000 Tonnes,97.0,2020,4
TBQ05C03,Goods Forwarded,20204,2020Q4,IEORK,Cork,4,Foreign trade: Other ports,000 Tonnes,103.0,2020,4
TBQ05C03,Goods Forwarded,20204,2020Q4,IEORK,Cork,5,Coastal trade,000 Tonnes,200.0,2020,4
TBQ05C03,Goods Forwarded,20204,2020Q4,IEROS,Rosslare,-,All regions of trade,000 Tonnes,320.0,2020,4
TBQ05C03,Goods Forwarded,20204,2020Q4,IEROS,Rosslare,1,Foreign trade: Great Britain and Northern Ireland,000 Tonnes,262.0,2020,4
TBQ05C03,Goods Forwarded,20204,2020Q4,IEROS,Rosslare,2,Foreign trade: Other EU,000 Tonnes,58.0,2020,4
TBQ05C03,Goods Forwarded,20204,2020Q4,IEROS,Rosslare,3,Foreign trade: Non-EU,000 Tonnes,0.0,2020,4
TBQ05C03,Goods Forwarded,20204,2020Q4,IEROS,Rosslare,4,Foreign trade: Other ports,000 Tonnes,0.0,2020,4
TBQ05C03,Goods Forwarded,20204,2020Q4,IEROS,Rosslare,5,Coastal trade,000 Tonnes,0.0,2020,4
TBQ05C03,Goods Forwarded,20204,2020Q4,IEWAT,Waterford,-,All regions of trade,000 Tonnes,66.0,2020,4
TBQ05C03,Goods Forwarded,20204,2020Q4,IEWAT,Waterford,1,Foreign trade: Great Britain and Northern Ireland,000 Tonnes,6.0,2020,4
TBQ05C03,Goods Forwarded,20204,2020Q4,IEWAT,Waterford,2,Foreign trade: Other EU,000 Tonnes,60.0,2020,4
TBQ05C03,Goods Forwarded,20204,2020Q4,IEWAT,Waterford,3,Foreign trade: Non-EU,000 Tonnes,0.0,2020,4
TBQ05C03,Goods Forwarded,20204,2020Q4,IEWAT,Waterford,4,Foreign trade: Other ports,000 Tonnes,0.0,2020,4
TBQ05C03,Goods Forwarded,20204,2020Q4,IEWAT,Waterford,5,Coastal trade,000 Tonnes,0.0,2020,4
TBQ05C03,Goods Forwarded,20211,2021Q1,IEMIP,All Main Irish Ports,-,All regions of trade,000 Tonnes,4059.0,2021,1
TBQ05C03,Goods Forwarded,20211,2021Q1,IEMIP,All Main Irish Ports,1,Foreign trade: Great Britain and Northern Ireland,000 Tonnes,1368.0,2021,1
TBQ05C03,Goods Forwarded,20211,2021Q1,IEMIP,All Main Irish Ports,2,Foreign trade: Other EU,000 Tonnes,2042.0,2021,1
TBQ05C03,Goods Forwarded,20211,2021Q1,IEMIP,All Main Irish Ports,3,Foreign trade: Non-EU,000 Tonnes,155.0,2021,1
TBQ05C03,Goods Forwarded,20211,2021Q1,IEMIP,All Main Irish Ports,4,Foreign trade: Other ports,000 Tonnes,153.0,2021,1
TBQ05C03,Goods Forwarded,20211,2021Q1,IEMIP,All Main Irish Ports,5,Coastal trade,000 Tonnes,342.0,2021,1
TBQ05C03,Goods Forwarded,20211,2021Q1,IEBYT,Bantry Bay,-,All regions of trade,000 Tonnes,82.0,2021,1
TBQ05C03,Goods Forwarded,20211,2021Q1,IEBYT,Bantry Bay,1,Foreign trade: Great Britain and Northern Ireland,000 Tonnes,0.0,2021,1
TBQ05C03,Goods Forwarded,20211,2021Q1,IEBYT,Bantry Bay,2,Foreign trade: Other EU,000 Tonnes,0.0,2021,1
TBQ05C03,Goods Forwarded,20211,2021Q1,IEBYT,Bantry Bay,3,Foreign trade: Non-EU,000 Tonnes,0.0,2021,1
TBQ05C03,Goods Forwarded,20211,2021Q1,IEBYT,Bantry Bay,4,Foreign trade: Other ports,000 Tonnes,82.0,2021,1
TBQ05C03,Goods Forwarded,20211,2021Q1,IEBYT,Bantry Bay,5,Coastal trade,000 Tonnes,0.0,2021,1
TBQ05C03,Goods Forwarded,20211,2021Q1,IEDRO,Drogheda,-,All regions of trade,000 Tonnes,124.0,2021,1
TBQ05C03,Goods Forwarded,20211,2021Q1,IEDRO,Drogheda,1,Foreign trade: Great Britain and Northern Ireland,000 Tonnes,55.0,2021,1
TBQ05C03,Goods Forwarded,20211,2021Q1,IEDRO,Drogheda,2,Foreign trade: Other EU,000 Tonnes,69.0,2021,1
TBQ05C03,Goods Forwarded,20211,2021Q1,IEDRO,Drogheda,3,Foreign trade: Non-EU,000 Tonnes,0.0,2021,1
TBQ05C03,Goods Forwarded,20211,2021Q1,IEDRO,Drogheda,4,Foreign trade: Other ports,000 Tonnes,0.0,2021,1
TBQ05C03,Goods Forwarded,20211,2021Q1,IEDRO,Drogheda,5,Coastal trade,000 Tonnes,0.0,2021,1
TBQ05C03,Goods Forwarded,20211,2021Q1,IEDUB,Dublin,-,All regions of trade,000 Tonnes,1969.0,2021,1
TBQ05C03,Goods Forwarded,20211,2021Q1,IEDUB,Dublin,1,Foreign trade: Great Britain and Northern Ireland,000 Tonnes,955.0,2021,1
TBQ05C03,Goods Forwarded,20211,2021Q1,IEDUB,Dublin,2,Foreign trade: Other EU,000 Tonnes,949.0,2021,1
TBQ05C03,Goods Forwarded,20211,2021Q1,IEDUB,Dublin,3,Foreign trade: Non-EU,000 Tonnes,20.0,2021,1
TBQ05C03,Goods Forwarded,20211,2021Q1,IEDUB,Dublin,4,Foreign trade: Other ports,000 Tonnes,12.0,2021,1
TBQ05C03,Goods Forwarded,20211,2021Q1,IEDUB,Dublin,5,Coastal trade,000 Tonnes,34.0,2021,1
TBQ05C03,Goods Forwarded,20211,2021Q1,IEFOV,Shannon Foynes,-,All regions of trade,000 Tonnes,624.0,2021,1
TBQ05C03,Goods Forwarded,20211,2021Q1,IEFOV,Shannon Foynes,1,Foreign trade: Great Britain and Northern Ireland,000 Tonnes,151.0,2021,1
TBQ05C03,Goods Forwarded,20211,2021Q1,IEFOV,Shannon Foynes,2,Foreign trade: Other EU,000 Tonnes,284.0,2021,1
TBQ05C03,Goods Forwarded,20211,2021Q1,IEFOV,Shannon Foynes,3,Foreign trade: Non-EU,000 Tonnes,46.0,2021,1
TBQ05C03,Goods Forwarded,20211,2021Q1,IEFOV,Shannon Foynes,4,Foreign trade: Other ports,000 Tonnes,0.0,2021,1
TBQ05C03,Goods Forwarded,20211,2021Q1,IEFOV,Shannon Foynes,5,Coastal trade,000 Tonnes,142.0,2021,1
TBQ05C03,Goods Forwarded,20211,2021Q1,IEORK,Cork,-,All regions of trade,000 Tonnes,818.0,2021,1
TBQ05C03,Goods Forwarded,20211,2021Q1,IEORK,Cork,1,Foreign trade: Great Britain and Northern Ireland,000 Tonnes,68.0,2021,1
TBQ05C03,Goods Forwarded,20211,2021Q1,IEORK,Cork,2,Foreign trade: Other EU,000 Tonnes,437.0,2021,1
TBQ05C03,Goods Forwarded,20211,2021Q1,IEORK,Cork,3,Foreign trade: Non-EU,000 Tonnes,89.0,2021,1
TBQ05C03,Goods Forwarded,20211,2021Q1,IEORK,Cork,4,Foreign trade: Other ports,000 Tonnes,58.0,2021,1
TBQ05C03,Goods Forwarded,20211,2021Q1,IEORK,Cork,5,Coastal trade,000 Tonnes,166.0,2021,1
TBQ05C03,Goods Forwarded,20211,2021Q1,IEROS,Rosslare,-,All regions of trade,000 Tonnes,363.0,2021,1
TBQ05C03,Goods Forwarded,20211,2021Q1,IEROS,Rosslare,1,Foreign trade: Great Britain and Northern Ireland,000 Tonnes,127.0,2021,1
TBQ05C03,Goods Forwarded,20211,2021Q1,IEROS,Rosslare,2,Foreign trade: Other EU,000 Tonnes,236.0,2021,1
TBQ05C03,Goods Forwarded,20211,2021Q1,IEROS,Rosslare,3,Foreign trade: Non-EU,000 Tonnes,0.0,2021,1
TBQ05C03,Goods Forwarded,20211,2021Q1,IEROS,Rosslare,4,Foreign trade: Other ports,000 Tonnes,0.0,2021,1
TBQ05C03,Goods Forwarded,20211,2021Q1,IEROS,Rosslare,5,Coastal trade,000 Tonnes,0.0,2021,1
TBQ05C03,Goods Forwarded,20211,2021Q1,IEWAT,Waterford,-,All regions of trade,000 Tonnes,78.0,2021,1
TBQ05C03,Goods Forwarded,20211,2021Q1,IEWAT,Waterford,1,Foreign trade: Great Britain and Northern Ireland,000 Tonnes,11.0,2021,1
TBQ05C03,Goods Forwarded,20211,2021Q1,IEWAT,Waterford,2,Foreign trade: Other EU,000 Tonnes,67.0,2021,1
TBQ05C03,Goods Forwarded,20211,2021Q1,IEWAT,Waterford,3,Foreign trade: Non-EU,000 Tonnes,0.0,2021,1
TBQ05C03,Goods Forwarded,20211,2021Q1,IEWAT,Waterford,4,Foreign trade: Other ports,000 Tonnes,1.0,2021,1
TBQ05C03,Goods Forwarded,20211,2021Q1,IEWAT,Waterford,5,Coastal trade,000 Tonnes,0.0,2021,1
TBQ05C03,Goods Forwarded,20212,2021Q2,IEMIP,All Main Irish Ports,-,All regions of trade,000 Tonnes,4372.0,2021,2
TBQ05C03,Goods Forwarded,20212,2021Q2,IEMIP,All Main Irish Ports,1,Foreign trade: Great Britain and Northern Ireland,000 Tonnes,1684.0,2021,2
TBQ05C03,Goods Forwarded,20212,2021Q2,IEMIP,All Main Irish Ports,2,Foreign trade: Other EU,000 Tonnes,1925.0,2021,2
TBQ05C03,Goods Forwarded,20212,2021Q2,IEMIP,All Main Irish Ports,3,Foreign trade: Non-EU,000 Tonnes,204.0,2021,2
TBQ05C03,Goods Forwarded,20212,2021Q2,IEMIP,All Main Irish Ports,4,Foreign trade: Other ports,000 Tonnes,144.0,2021,2
TBQ05C03,Goods Forwarded,20212,2021Q2,IEMIP,All Main Irish Ports,5,Coastal trade,000 Tonnes,416.0,2021,2
TBQ05C03,Goods Forwarded,20212,2021Q2,IEBYT,Bantry Bay,-,All regions of trade,000 Tonnes,62.0,2021,2
TBQ05C03,Goods Forwarded,20212,2021Q2,IEBYT,Bantry Bay,1,Foreign trade: Great Britain and Northern Ireland,000 Tonnes,0.0,2021,2
TBQ05C03,Goods Forwarded,20212,2021Q2,IEBYT,Bantry Bay,2,Foreign trade: Other EU,000 Tonnes,0.0,2021,2
TBQ05C03,Goods Forwarded,20212,2021Q2,IEBYT,Bantry Bay,3,Foreign trade: Non-EU,000 Tonnes,0.0,2021,2
TBQ05C03,Goods Forwarded,20212,2021Q2,IEBYT,Bantry Bay,4,Foreign trade: Other ports,000 Tonnes,62.0,2021,2
TBQ05C03,Goods Forwarded,20212,2021Q2,IEBYT,Bantry Bay,5,Coastal trade,000 Tonnes,0.0,2021,2
TBQ05C03,Goods Forwarded,20212,2021Q2,IEDRO,Drogheda,-,All regions of trade,000 Tonnes,123.0,2021,2
TBQ05C03,Goods Forwarded,20212,2021Q2,IEDRO,Drogheda,1,Foreign trade: Great Britain and Northern Ireland,000 Tonnes,72.0,2021,2
TBQ05C03,Goods Forwarded,20212,2021Q2,IEDRO,Drogheda,2,Foreign trade: Other EU,000 Tonnes,43.0,2021,2
TBQ05C03,Goods Forwarded,20212,2021Q2,IEDRO,Drogheda,3,Foreign trade: Non-EU,000 Tonnes,5.0,2021,2
TBQ05C03,Goods Forwarded,20212,2021Q2,IEDRO,Drogheda,4,Foreign trade: Other ports,000 Tonnes,3.0,2021,2
TBQ05C03,Goods Forwarded,20212,2021Q2,IEDRO,Drogheda,5,Coastal trade,000 Tonnes,0.0,2021,2
TBQ05C03,Goods Forwarded,20212,2021Q2,IEDUB,Dublin,-,All regions of trade,000 Tonnes,2208.0,2021,2
TBQ05C03,Goods Forwarded,20212,2021Q2,IEDUB,Dublin,1,Foreign trade: Great Britain and Northern Ireland,000 Tonnes,1163.0,2021,2
TBQ05C03,Goods Forwarded,20212,2021Q2,IEDUB,Dublin,2,Foreign trade: Other EU,000 Tonnes,992.0,2021,2
TBQ05C03,Goods Forwarded,20212,2021Q2,IEDUB,Dublin,3,Foreign trade: Non-EU,000 Tonnes,19.0,2021,2
TBQ05C03,Goods Forwarded,20212,2021Q2,IEDUB,Dublin,4,Foreign trade: Other ports,000 Tonnes,12.0,2021,2
TBQ05C03,Goods Forwarded,20212,2021Q2,IEDUB,Dublin,5,Coastal trade,000 Tonnes,23.0,2021,2
TBQ05C03,Goods Forwarded,20212,2021Q2,IEFOV,Shannon Foynes,-,All regions of trade,000 Tonnes,624.0,2021,2
TBQ05C03,Goods Forwarded,20212,2021Q2,IEFOV,Shannon Foynes,1,Foreign trade: Great Britain and Northern Ireland,000 Tonnes,190.0,2021,2
TBQ05C03,Goods Forwarded,20212,2021Q2,IEFOV,Shannon Foynes,2,Foreign trade: Other EU,000 Tonnes,200.0,2021,2
TBQ05C03,Goods Forwarded,20212,2021Q2,IEFOV,Shannon Foynes,3,Foreign trade: Non-EU,000 Tonnes,95.0,2021,2
TBQ05C03,Goods Forwarded,20212,2021Q2,IEFOV,Shannon Foynes,4,Foreign trade: Other ports,000 Tonnes,4.0,2021,2
TBQ05C03,Goods Forwarded,20212,2021Q2,IEFOV,Shannon Foynes,5,Coastal trade,000 Tonnes,135.0,2021,2
TBQ05C03,Goods Forwarded,20212,2021Q2,IEORK,Cork,-,All regions of trade,000 Tonnes,883.0,2021,2
TBQ05C03,Goods Forwarded,20212,2021Q2,IEORK,Cork,1,Foreign trade: Great Britain and Northern Ireland,000 Tonnes,96.0,2021,2
TBQ05C03,Goods Forwarded,20212,2021Q2,IEORK,Cork,2,Foreign trade: Other EU,000 Tonnes,385.0,2021,2
TBQ05C03,Goods Forwarded,20212,2021Q2,IEORK,Cork,3,Foreign trade: Non-EU,000 Tonnes,85.0,2021,2
TBQ05C03,Goods Forwarded,20212,2021Q2,IEORK,Cork,4,Foreign trade: Other ports,000 Tonnes,60.0,2021,2
TBQ05C03,Goods Forwarded,20212,2021Q2,IEORK,Cork,5,Coastal trade,000 Tonnes,258.0,2021,2
TBQ05C03,Goods Forwarded,20212,2021Q2,IEROS,Rosslare,-,All regions of trade,000 Tonnes,408.0,2021,2
TBQ05C03,Goods Forwarded,20212,2021Q2,IEROS,Rosslare,1,Foreign trade: Great Britain and Northern Ireland,000 Tonnes,159.0,2021,2
TBQ05C03,Goods Forwarded,20212,2021Q2,IEROS,Rosslare,2,Foreign trade: Other EU,000 Tonnes,249.0,2021,2
TBQ05C03,Goods Forwarded,20212,2021Q2,IEROS,Rosslare,3,Foreign trade: Non-EU,000 Tonnes,0.0,2021,2
TBQ05C03,Goods Forwarded,20212,2021Q2,IEROS,Rosslare,4,Foreign trade: Other ports,000 Tonnes,0.0,2021,2
TBQ05C03,Goods Forwarded,20212,2021Q2,IEROS,Rosslare,5,Coastal trade,000 Tonnes,0.0,2021,2
TBQ05C03,Goods Forwarded,20212,2021Q2,IEWAT,Waterford,-,All regions of trade,000 Tonnes,64.0,2021,2
TBQ05C03,Goods Forwarded,20212,2021Q2,IEWAT,Waterford,1,Foreign trade: Great Britain and Northern Ireland,000 Tonnes,5.0,2021,2
TBQ05C03,Goods Forwarded,20212,2021Q2,IEWAT,Waterford,2,Foreign trade: Other EU,000 Tonnes,56.0,2021,2
TBQ05C03,Goods Forwarded,20212,2021Q2,IEWAT,Waterford,3,Foreign trade: Non-EU,000 Tonnes,0.0,2021,2
TBQ05C03,Goods Forwarded,20212,2021Q2,IEWAT,Waterford,4,Foreign trade: Other ports,000 Tonnes,3.0,2021,2
TBQ05C03,Goods Forwarded,20212,2021Q2,IEWAT,Waterford,5,Coastal trade,000 Tonnes,0.0,2021,2
TBQ05C03,Goods Forwarded,20213,2021Q3,IEMIP,All Main Irish Ports,-,All regions of trade,000 Tonnes,4320.0,2021,3
TBQ05C03,Goods Forwarded,20213,2021Q3,IEMIP,All Main Irish Ports,1,Foreign trade: Great Britain and Northern Ireland,000 Tonnes,1649.0,2021,3
TBQ05C03,Goods Forwarded,20213,2021Q3,IEMIP,All Main Irish Ports,2,Foreign trade: Other EU,000 Tonnes,1980.0,2021,3
TBQ05C03,Goods Forwarded,20213,2021Q3,IEMIP,All Main Irish Ports,3,Foreign trade: Non-EU,000 Tonnes,225.0,2021,3
TBQ05C03,Goods Forwarded,20213,2021Q3,IEMIP,All Main Irish Ports,4,Foreign trade: Other ports,000 Tonnes,199.0,2021,3
TBQ05C03,Goods Forwarded,20213,2021Q3,IEMIP,All Main Irish Ports,5,Coastal trade,000 Tonnes,266.0,2021,3
TBQ05C03,Goods Forwarded,20213,2021Q3,IEBYT,Bantry Bay,-,All regions of trade,000 Tonnes,201.0,2021,3
TBQ05C03,Goods Forwarded,20213,2021Q3,IEBYT,Bantry Bay,1,Foreign trade: Great Britain and Northern Ireland,000 Tonnes,37.0,2021,3
TBQ05C03,Goods Forwarded,20213,2021Q3,IEBYT,Bantry Bay,2,Foreign trade: Other EU,000 Tonnes,8.0,2021,3
TBQ05C03,Goods Forwarded,20213,2021Q3,IEBYT,Bantry Bay,3,Foreign trade: Non-EU,000 Tonnes,0.0,2021,3
TBQ05C03,Goods Forwarded,20213,2021Q3,IEBYT,Bantry Bay,4,Foreign trade: Other ports,000 Tonnes,156.0,2021,3
TBQ05C03,Goods Forwarded,20213,2021Q3,IEBYT,Bantry Bay,5,Coastal trade,000 Tonnes,0.0,2021,3
TBQ05C03,Goods Forwarded,20213,2021Q3,IEDRO,Drogheda,-,All regions of trade,000 Tonnes,124.0,2021,3
TBQ05C03,Goods Forwarded,20213,2021Q3,IEDRO,Drogheda,1,Foreign trade: Great Britain and Northern Ireland,000 Tonnes,78.0,2021,3
TBQ05C03,Goods Forwarded,20213,2021Q3,IEDRO,Drogheda,2,Foreign trade: Other EU,000 Tonnes,46.0,2021,3
TBQ05C03,Goods Forwarded,20213,2021Q3,IEDRO,Drogheda,3,Foreign trade: Non-EU,000 Tonnes,0.0,2021,3
TBQ05C03,Goods Forwarded,20213,2021Q3,IEDRO,Drogheda,4,Foreign trade: Other ports,000 Tonnes,0.0,2021,3
TBQ05C03,Goods Forwarded,20213,2021Q3,IEDRO,Drogheda,5,Coastal trade,000 Tonnes,0.0,2021,3
TBQ05C03,Goods Forwarded,20213,2021Q3,IEDUB,Dublin,-,All regions of trade,000 Tonnes,2112.0,2021,3
TBQ05C03,Goods Forwarded,20213,2021Q3,IEDUB,Dublin,1,Foreign trade: Great Britain and Northern Ireland,000 Tonnes,1113.0,2021,3
TBQ05C03,Goods Forwarded,20213,2021Q3,IEDUB,Dublin,2,Foreign trade: Other EU,000 Tonnes,976.0,2021,3
TBQ05C03,Goods Forwarded,20213,2021Q3,IEDUB,Dublin,3,Foreign trade: Non-EU,000 Tonnes,10.0,2021,3
TBQ05C03,Goods Forwarded,20213,2021Q3,IEDUB,Dublin,4,Foreign trade: Other ports,000 Tonnes,9.0,2021,3
TBQ05C03,Goods Forwarded,20213,2021Q3,IEDUB,Dublin,5,Coastal trade,000 Tonnes,5.0,2021,3
TBQ05C03,Goods Forwarded,20213,2021Q3,IEFOV,Shannon Foynes,-,All regions of trade,000 Tonnes,629.0,2021,3
TBQ05C03,Goods Forwarded,20213,2021Q3,IEFOV,Shannon Foynes,1,Foreign trade: Great Britain and Northern Ireland,000 Tonnes,120.0,2021,3
TBQ05C03,Goods Forwarded,20213,2021Q3,IEFOV,Shannon Foynes,2,Foreign trade: Other EU,000 Tonnes,298.0,2021,3
TBQ05C03,Goods Forwarded,20213,2021Q3,IEFOV,Shannon Foynes,3,Foreign trade: Non-EU,000 Tonnes,82.0,2021,3
TBQ05C03,Goods Forwarded,20213,2021Q3,IEFOV,Shannon Foynes,4,Foreign trade: Other ports,000 Tonnes,16.0,2021,3
TBQ05C03,Goods Forwarded,20213,2021Q3,IEFOV,Shannon Foynes,5,Coastal trade,000 Tonnes,112.0,2021,3
TBQ05C03,Goods Forwarded,20213,2021Q3,IEORK,Cork,-,All regions of trade,000 Tonnes,781.0,2021,3
TBQ05C03,Goods Forwarded,20213,2021Q3,IEORK,Cork,1,Foreign trade: Great Britain and Northern Ireland,000 Tonnes,138.0,2021,3
TBQ05C03,Goods Forwarded,20213,2021Q3,IEORK,Cork,2,Foreign trade: Other EU,000 Tonnes,349.0,2021,3
TBQ05C03,Goods Forwarded,20213,2021Q3,IEORK,Cork,3,Foreign trade: Non-EU,000 Tonnes,129.0,2021,3
TBQ05C03,Goods Forwarded,20213,2021Q3,IEORK,Cork,4,Foreign trade: Other ports,000 Tonnes,16.0,2021,3
TBQ05C03,Goods Forwarded,20213,2021Q3,IEORK,Cork,5,Coastal trade,000 Tonnes,149.0,2021,3
TBQ05C03,Goods Forwarded,20213,2021Q3,IEROS,Rosslare,-,All regions of trade,000 Tonnes,402.0,2021,3
TBQ05C03,Goods Forwarded,20213,2021Q3,IEROS,Rosslare,1,Foreign trade: Great Britain and Northern Ireland,000 Tonnes,162.0,2021,3
TBQ05C03,Goods Forwarded,20213,2021Q3,IEROS,Rosslare,2,Foreign trade: Other EU,000 Tonnes,240.0,2021,3
TBQ05C03,Goods Forwarded,20213,2021Q3,IEROS,Rosslare,3,Foreign trade: Non-EU,000 Tonnes,0.0,2021,3
TBQ05C03,Goods Forwarded,20213,2021Q3,IEROS,Rosslare,4,Foreign trade: Other ports,000 Tonnes,0.0,2021,3
TBQ05C03,Goods Forwarded,20213,2021Q3,IEROS,Rosslare,5,Coastal trade,000 Tonnes,0.0,2021,3
TBQ05C03,Goods Forwarded,20213,2021Q3,IEWAT,Waterford,-,All regions of trade,000 Tonnes,71.0,2021,3
TBQ05C03,Goods Forwarded,20213,2021Q3,IEWAT,Waterford,1,Foreign trade: Great Britain and Northern Ireland,000 Tonnes,0.0,2021,3
TBQ05C03,Goods Forwarded,20213,2021Q3,IEWAT,Waterford,2,Foreign trade: Other EU,000 Tonnes,64.0,2021,3
TBQ05C03,Goods Forwarded,20213,2021Q3,IEWAT,Waterford,3,Foreign trade: Non-EU,000 Tonnes,4.0,2021,3
TBQ05C03,Goods Forwarded,20213,2021Q3,IEWAT,Waterford,4,Foreign trade: Other ports,000 Tonnes,3.0,2021,3
TBQ05C03,Goods Forwarded,20213,2021Q3,IEWAT,Waterford,5,Coastal trade,000 Tonnes,0.0,2021,3
TBQ05C03,Goods Forwarded,20214,2021Q4,IEMIP,All Main Irish Ports,-,All regions of trade,000 Tonnes,4211.0,2021,4
TBQ05C03,Goods Forwarded,20214,2021Q4,IEMIP,All Main Irish Ports,1,Foreign trade: Great Britain and Northern Ireland,000 Tonnes,1965.0,2021,4
TBQ05C03,Goods Forwarded,20214,2021Q4,IEMIP,All Main Irish Ports,2,Foreign trade: Other EU,000 Tonnes,1827.0,2021,4
TBQ05C03,Goods Forwarded,20214,2021Q4,IEMIP,All Main Irish Ports,3,Foreign trade: Non-EU,000 Tonnes,73.0,2021,4
TBQ05C03,Goods Forwarded,20214,2021Q4,IEMIP,All Main Irish Ports,4,Foreign trade: Other ports,000 Tonnes,25.0,2021,4
TBQ05C03,Goods Forwarded,20214,2021Q4,IEMIP,All Main Irish Ports,5,Coastal trade,000 Tonnes,322.0,2021,4
TBQ05C03,Goods Forwarded,20214,2021Q4,IEBYT,Bantry Bay,-,All regions of trade,000 Tonnes,0.0,2021,4
TBQ05C03,Goods Forwarded,20214,2021Q4,IEBYT,Bantry Bay,1,Foreign trade: Great Britain and Northern Ireland,000 Tonnes,0.0,2021,4
TBQ05C03,Goods Forwarded,20214,2021Q4,IEBYT,Bantry Bay,2,Foreign trade: Other EU,000 Tonnes,0.0,2021,4
TBQ05C03,Goods Forwarded,20214,2021Q4,IEBYT,Bantry Bay,3,Foreign trade: Non-EU,000 Tonnes,0.0,2021,4
TBQ05C03,Goods Forwarded,20214,2021Q4,IEBYT,Bantry Bay,4,Foreign trade: Other ports,000 Tonnes,0.0,2021,4
TBQ05C03,Goods Forwarded,20214,2021Q4,IEBYT,Bantry Bay,5,Coastal trade,000 Tonnes,0.0,2021,4
TBQ05C03,Goods Forwarded,20214,2021Q4,IEDRO,Drogheda,-,All regions of trade,000 Tonnes,139.0,2021,4
TBQ05C03,Goods Forwarded,20214,2021Q4,IEDRO,Drogheda,1,Foreign trade: Great Britain and Northern Ireland,000 Tonnes,56.0,2021,4
TBQ05C03,Goods Forwarded,20214,2021Q4,IEDRO,Drogheda,2,Foreign trade: Other EU,000 Tonnes,83.0,2021,4
TBQ05C03,Goods Forwarded,20214,2021Q4,IEDRO,Drogheda,3,Foreign trade: Non-EU,000 Tonnes,0.0,2021,4
TBQ05C03,Goods Forwarded,20214,2021Q4,IEDRO,Drogheda,4,Foreign trade: Other ports,000 Tonnes,0.0,2021,4
TBQ05C03,Goods Forwarded,20214,2021Q4,IEDRO,Drogheda,5,Coastal trade,000 Tonnes,0.0,2021,4
TBQ05C03,Goods Forwarded,20214,2021Q4,IEDUB,Dublin,-,All regions of trade,000 Tonnes,2111.0,2021,4
TBQ05C03,Goods Forwarded,20214,2021Q4,IEDUB,Dublin,1,Foreign trade: Great Britain and Northern Ireland,000 Tonnes,1184.0,2021,4
TBQ05C03,Goods Forwarded,20214,2021Q4,IEDUB,Dublin,2,Foreign trade: Other EU,000 Tonnes,871.0,2021,4
TBQ05C03,Goods Forwarded,20214,2021Q4,IEDUB,Dublin,3,Foreign trade: Non-EU,000 Tonnes,23.0,2021,4
TBQ05C03,Goods Forwarded,20214,2021Q4,IEDUB,Dublin,4,Foreign trade: Other ports,000 Tonnes,8.0,2021,4
TBQ05C03,Goods Forwarded,20214,2021Q4,IEDUB,Dublin,5,Coastal trade,000 Tonnes,24.0,2021,4
TBQ05C03,Goods Forwarded,20214,2021Q4,IEFOV,Shannon Foynes,-,All regions of trade,000 Tonnes,648.0,2021,4
TBQ05C03,Goods Forwarded,20214,2021Q4,IEFOV,Shannon Foynes,1,Foreign trade: Great Britain and Northern Ireland,000 Tonnes,286.0,2021,4
TBQ05C03,Goods Forwarded,20214,2021Q4,IEFOV,Shannon Foynes,2,Foreign trade: Other EU,000 Tonnes,192.0,2021,4
TBQ05C03,Goods Forwarded,20214,2021Q4,IEFOV,Shannon Foynes,3,Foreign trade: Non-EU,000 Tonnes,41.0,2021,4
TBQ05C03,Goods Forwarded,20214,2021Q4,IEFOV,Shannon Foynes,4,Foreign trade: Other ports,000 Tonnes,0.0,2021,4
TBQ05C03,Goods Forwarded,20214,2021Q4,IEFOV,Shannon Foynes,5,Coastal trade,000 Tonnes,130.0,2021,4
TBQ05C03,Goods Forwarded,20214,2021Q4,IEORK,Cork,-,All regions of trade,000 Tonnes,822.0,2021,4
TBQ05C03,Goods Forwarded,20214,2021Q4,IEORK,Cork,1,Foreign trade: Great Britain and Northern Ireland,000 Tonnes,271.0,2021,4
TBQ05C03,Goods Forwarded,20214,2021Q4,IEORK,Cork,2,Foreign trade: Other EU,000 Tonnes,368.0,2021,4
TBQ05C03,Goods Forwarded,20214,2021Q4,IEORK,Cork,3,Foreign trade: Non-EU,000 Tonnes,0.0,2021,4
TBQ05C03,Goods Forwarded,20214,2021Q4,IEORK,Cork,4,Foreign trade: Other ports,000 Tonnes,16.0,2021,4
TBQ05C03,Goods Forwarded,20214,2021Q4,IEORK,Cork,5,Coastal trade,000 Tonnes,167.0,2021,4
TBQ05C03,Goods Forwarded,20214,2021Q4,IEROS,Rosslare,-,All regions of trade,000 Tonnes,398.0,2021,4
TBQ05C03,Goods Forwarded,20214,2021Q4,IEROS,Rosslare,1,Foreign trade: Great Britain and Northern Ireland,000 Tonnes,149.0,2021,4
TBQ05C03,Goods Forwarded,20214,2021Q4,IEROS,Rosslare,2,Foreign trade: Other EU,000 Tonnes,249.0,2021,4
TBQ05C03,Goods Forwarded,20214,2021Q4,IEROS,Rosslare,3,Foreign trade: Non-EU,000 Tonnes,0.0,2021,4
TBQ05C03,Goods Forwarded,20214,2021Q4,IEROS,Rosslare,4,Foreign trade: Other ports,000 Tonnes,0.0,2021,4
TBQ05C03,Goods Forwarded,20214,2021Q4,IEROS,Rosslare,5,Coastal trade,000 Tonnes,0.0,2021,4
TBQ05C03,Goods Forwarded,20214,2021Q4,IEWAT,Waterford,-,All regions of trade,000 Tonnes,93.0,2021,4
TBQ05C03,Goods Forwarded,20214,2021Q4,IEWAT,Waterford,1,Foreign trade: Great Britain and Northern Ireland,000 Tonnes,20.0,2021,4
TBQ05C03,Goods Forwarded,20214,2021Q4,IEWAT,Waterford,2,Foreign trade: Other EU,000 Tonnes,64.0,2021,4
TBQ05C03,Goods Forwarded,20214,2021Q4,IEWAT,Waterford,3,Foreign trade: Non-EU,000 Tonnes,8.0,2021,4
TBQ05C03,Goods Forwarded,20214,2021Q4,IEWAT,Waterford,4,Foreign trade: Other ports,000 Tonnes,0.0,2021,4
TBQ05C03,Goods Forwarded,20214,2021Q4,IEWAT,Waterford,5,Coastal trade,000 Tonnes,0.0,2021,4
TBQ05C03,Goods Forwarded,20221,2022Q1,IEMIP,All Main Irish Ports,-,All regions of trade,000 Tonnes,4060.0,2022,1
TBQ05C03,Goods Forwarded,20221,2022Q1,IEMIP,All Main Irish Ports,1,Foreign trade: Great Britain and Northern Ireland,000 Tonnes,1861.0,2022,1
TBQ05C03,Goods Forwarded,20221,2022Q1,IEMIP,All Main Irish Ports,2,Foreign trade: Other EU,000 Tonnes,1648.0,2022,1
TBQ05C03,Goods Forwarded,20221,2022Q1,IEMIP,All Main Irish Ports,3,Foreign trade: Non-EU,000 Tonnes,181.0,2022,1
TBQ05C03,Goods Forwarded,20221,2022Q1,IEMIP,All Main Irish Ports,4,Foreign trade: Other ports,000 Tonnes,94.0,2022,1
TBQ05C03,Goods Forwarded,20221,2022Q1,IEMIP,All Main Irish Ports,5,Coastal trade,000 Tonnes,276.0,2022,1
TBQ05C03,Goods Forwarded,20221,2022Q1,IEBYT,Bantry Bay,-,All regions of trade,000 Tonnes,0.0,2022,1
TBQ05C03,Goods Forwarded,20221,2022Q1,IEBYT,Bantry Bay,1,Foreign trade: Great Britain and Northern Ireland,000 Tonnes,0.0,2022,1
TBQ05C03,Goods Forwarded,20221,2022Q1,IEBYT,Bantry Bay,2,Foreign trade: Other EU,000 Tonnes,0.0,2022,1
TBQ05C03,Goods Forwarded,20221,2022Q1,IEBYT,Bantry Bay,3,Foreign trade: Non-EU,000 Tonnes,0.0,2022,1
TBQ05C03,Goods Forwarded,20221,2022Q1,IEBYT,Bantry Bay,4,Foreign trade: Other ports,000 Tonnes,0.0,2022,1
TBQ05C03,Goods Forwarded,20221,2022Q1,IEBYT,Bantry Bay,5,Coastal trade,000 Tonnes,0.0,2022,1
TBQ05C03,Goods Forwarded,20221,2022Q1,IEDRO,Drogheda,-,All regions of trade,000 Tonnes,66.0,2022,1
TBQ05C03,Goods Forwarded,20221,2022Q1,IEDRO,Drogheda,1,Foreign trade: Great Britain and Northern Ireland,000 Tonnes,29.0,2022,1
TBQ05C03,Goods Forwarded,20221,2022Q1,IEDRO,Drogheda,2,Foreign trade: Other EU,000 Tonnes,37.0,2022,1
TBQ05C03,Goods Forwarded,20221,2022Q1,IEDRO,Drogheda,3,Foreign trade: Non-EU,000 Tonnes,0.0,2022,1
TBQ05C03,Goods Forwarded,20221,2022Q1,IEDRO,Drogheda,4,Foreign trade: Other ports,000 Tonnes,0.0,2022,1
TBQ05C03,Goods Forwarded,20221,2022Q1,IEDRO,Drogheda,5,Coastal trade,000 Tonnes,0.0,2022,1
TBQ05C03,Goods Forwarded,20221,2022Q1,IEDUB,Dublin,-,All regions of trade,000 Tonnes,2082.0,2022,1
TBQ05C03,Goods Forwarded,20221,2022Q1,IEDUB,Dublin,1,Foreign trade: Great Britain and Northern Ireland,000 Tonnes,1201.0,2022,1
TBQ05C03,Goods Forwarded,20221,2022Q1,IEDUB,Dublin,2,Foreign trade: Other EU,000 Tonnes,787.0,2022,1
TBQ05C03,Goods Forwarded,20221,2022Q1,IEDUB,Dublin,3,Foreign trade: Non-EU,000 Tonnes,20.0,2022,1
TBQ05C03,Goods Forwarded,20221,2022Q1,IEDUB,Dublin,4,Foreign trade: Other ports,000 Tonnes,11.0,2022,1
TBQ05C03,Goods Forwarded,20221,2022Q1,IEDUB,Dublin,5,Coastal trade,000 Tonnes,64.0,2022,1
TBQ05C03,Goods Forwarded,20221,2022Q1,IEFOV,Shannon Foynes,-,All regions of trade,000 Tonnes,705.0,2022,1
TBQ05C03,Goods Forwarded,20221,2022Q1,IEFOV,Shannon Foynes,1,Foreign trade: Great Britain and Northern Ireland,000 Tonnes,227.0,2022,1
TBQ05C03,Goods Forwarded,20221,2022Q1,IEFOV,Shannon Foynes,2,Foreign trade: Other EU,000 Tonnes,220.0,2022,1
TBQ05C03,Goods Forwarded,20221,2022Q1,IEFOV,Shannon Foynes,3,Foreign trade: Non-EU,000 Tonnes,112.0,2022,1
TBQ05C03,Goods Forwarded,20221,2022Q1,IEFOV,Shannon Foynes,4,Foreign trade: Other ports,000 Tonnes,60.0,2022,1
TBQ05C03,Goods Forwarded,20221,2022Q1,IEFOV,Shannon Foynes,5,Coastal trade,000 Tonnes,86.0,2022,1
TBQ05C03,Goods Forwarded,20221,2022Q1,IEORK,Cork,-,All regions of trade,000 Tonnes,736.0,2022,1
TBQ05C03,Goods Forwarded,20221,2022Q1,IEORK,Cork,1,Foreign trade: Great Britain and Northern Ireland,000 Tonnes,256.0,2022,1
TBQ05C03,Goods Forwarded,20221,2022Q1,IEORK,Cork,2,Foreign trade: Other EU,000 Tonnes,299.0,2022,1
TBQ05C03,Goods Forwarded,20221,2022Q1,IEORK,Cork,3,Foreign trade: Non-EU,000 Tonnes,43.0,2022,1
TBQ05C03,Goods Forwarded,20221,2022Q1,IEORK,Cork,4,Foreign trade: Other ports,000 Tonnes,13.0,2022,1
TBQ05C03,Goods Forwarded,20221,2022Q1,IEORK,Cork,5,Coastal trade,000 Tonnes,124.0,2022,1
TBQ05C03,Goods Forwarded,20221,2022Q1,IEROS,Rosslare,-,All regions of trade,000 Tonnes,387.0,2022,1
TBQ05C03,Goods Forwarded,20221,2022Q1,IEROS,Rosslare,1,Foreign trade: Great Britain and Northern Ireland,000 Tonnes,144.0,2022,1
TBQ05C03,Goods Forwarded,20221,2022Q1,IEROS,Rosslare,2,Foreign trade: Other EU,000 Tonnes,243.0,2022,1
TBQ05C03,Goods Forwarded,20221,2022Q1,IEROS,Rosslare,3,Foreign trade: Non-EU,000 Tonnes,0.0,2022,1
TBQ05C03,Goods Forwarded,20221,2022Q1,IEROS,Rosslare,4,Foreign trade: Other ports,000 Tonnes,0.0,2022,1
TBQ05C03,Goods Forwarded,20221,2022Q1,IEROS,Rosslare,5,Coastal trade,000 Tonnes,0.0,2022,1
TBQ05C03,Goods Forwarded,20221,2022Q1,IEWAT,Waterford,-,All regions of trade,000 Tonnes,84.0,2022,1
TBQ05C03,Goods Forwarded,20221,2022Q1,IEWAT,Waterford,1,Foreign trade: Great Britain and Northern Ireland,000 Tonnes,4.0,2022,1
TBQ05C03,Goods Forwarded,20221,2022Q1,IEWAT,Waterford,2,Foreign trade: Other EU,000 Tonnes,62.0,2022,1
TBQ05C03,Goods Forwarded,20221,2022Q1,IEWAT,Waterford,3,Foreign trade: Non-EU,000 Tonnes,5.0,2022,1
TBQ05C03,Goods Forwarded,20221,2022Q1,IEWAT,Waterford,4,Foreign trade: Other ports,000 Tonnes,10.0,2022,1
TBQ05C03,Goods Forwarded,20221,2022Q1,IEWAT,Waterford,5,Coastal trade,000 Tonnes,3.0,2022,1
TBQ05C03,Goods Forwarded,20222,2022Q2,IEMIP,All Main Irish Ports,-,All regions of trade,000 Tonnes,4221.0,2022,2
TBQ05C03,Goods Forwarded,20222,2022Q2,IEMIP,All Main Irish Ports,1,Foreign trade: Great Britain and Northern Ireland,000 Tonnes,1942.0,2022,2
TBQ05C03,Goods Forwarded,20222,2022Q2,IEMIP,All Main Irish Ports,2,Foreign trade: Other EU,000 Tonnes,1796.0,2022,2
TBQ05C03,Goods Forwarded,20222,2022Q2,IEMIP,All Main Irish Ports,3,Foreign trade: Non-EU,000 Tonnes,193.0,2022,2
TBQ05C03,Goods Forwarded,20222,2022Q2,IEMIP,All Main Irish Ports,4,Foreign trade: Other ports,000 Tonnes,34.0,2022,2
TBQ05C03,Goods Forwarded,20222,2022Q2,IEMIP,All Main Irish Ports,5,Coastal trade,000 Tonnes,256.0,2022,2
TBQ05C03,Goods Forwarded,20222,2022Q2,IEBYT,Bantry Bay,-,All regions of trade,000 Tonnes,0.0,2022,2
TBQ05C03,Goods Forwarded,20222,2022Q2,IEBYT,Bantry Bay,1,Foreign trade: Great Britain and Northern Ireland,000 Tonnes,0.0,2022,2
TBQ05C03,Goods Forwarded,20222,2022Q2,IEBYT,Bantry Bay,2,Foreign trade: Other EU,000 Tonnes,0.0,2022,2
TBQ05C03,Goods Forwarded,20222,2022Q2,IEBYT,Bantry Bay,3,Foreign trade: Non-EU,000 Tonnes,0.0,2022,2
TBQ05C03,Goods Forwarded,20222,2022Q2,IEBYT,Bantry Bay,4,Foreign trade: Other ports,000 Tonnes,0.0,2022,2
TBQ05C03,Goods Forwarded,20222,2022Q2,IEBYT,Bantry Bay,5,Coastal trade,000 Tonnes,0.0,2022,2
TBQ05C03,Goods Forwarded,20222,2022Q2,IEDRO,Drogheda,-,All regions of trade,000 Tonnes,107.0,2022,2
TBQ05C03,Goods Forwarded,20222,2022Q2,IEDRO,Drogheda,1,Foreign trade: Great Britain and Northern Ireland,000 Tonnes,74.0,2022,2
TBQ05C03,Goods Forwarded,20222,2022Q2,IEDRO,Drogheda,2,Foreign trade: Other EU,000 Tonnes,33.0,2022,2
TBQ05C03,Goods Forwarded,20222,2022Q2,IEDRO,Drogheda,3,Foreign trade: Non-EU,000 Tonnes,0.0,2022,2
TBQ05C03,Goods Forwarded,20222,2022Q2,IEDRO,Drogheda,4,Foreign trade: Other ports,000 Tonnes,0.0,2022,2
TBQ05C03,Goods Forwarded,20222,2022Q2,IEDRO,Drogheda,5,Coastal trade,000 Tonnes,0.0,2022,2
TBQ05C03,Goods Forwarded,20222,2022Q2,IEDUB,Dublin,-,All regions of trade,000 Tonnes,2323.0,2022,2
TBQ05C03,Goods Forwarded,20222,2022Q2,IEDUB,Dublin,1,Foreign trade: Great Britain and Northern Ireland,000 Tonnes,1303.0,2022,2
TBQ05C03,Goods Forwarded,20222,2022Q2,IEDUB,Dublin,2,Foreign trade: Other EU,000 Tonnes,935.0,2022,2
TBQ05C03,Goods Forwarded,20222,2022Q2,IEDUB,Dublin,3,Foreign trade: Non-EU,000 Tonnes,19.0,2022,2
TBQ05C03,Goods Forwarded,20222,2022Q2,IEDUB,Dublin,4,Foreign trade: Other ports,000 Tonnes,9.0,2022,2
TBQ05C03,Goods Forwarded,20222,2022Q2,IEDUB,Dublin,5,Coastal trade,000 Tonnes,57.0,2022,2
TBQ05C03,Goods Forwarded,20222,2022Q2,IEFOV,Shannon Foynes,-,All regions of trade,000 Tonnes,568.0,2022,2
TBQ05C03,Goods Forwarded,20222,2022Q2,IEFOV,Shannon Foynes,1,Foreign trade: Great Britain and Northern Ireland,000 Tonnes,194.0,2022,2
TBQ05C03,Goods Forwarded,20222,2022Q2,IEFOV,Shannon Foynes,2,Foreign trade: Other EU,000 Tonnes,193.0,2022,2
TBQ05C03,Goods Forwarded,20222,2022Q2,IEFOV,Shannon Foynes,3,Foreign trade: Non-EU,000 Tonnes,89.0,2022,2
TBQ05C03,Goods Forwarded,20222,2022Q2,IEFOV,Shannon Foynes,4,Foreign trade: Other ports,000 Tonnes,0.0,2022,2
TBQ05C03,Goods Forwarded,20222,2022Q2,IEFOV,Shannon Foynes,5,Coastal trade,000 Tonnes,92.0,2022,2
TBQ05C03,Goods Forwarded,20222,2022Q2,IEORK,Cork,-,All regions of trade,000 Tonnes,781.0,2022,2
TBQ05C03,Goods Forwarded,20222,2022Q2,IEORK,Cork,1,Foreign trade: Great Britain and Northern Ireland,000 Tonnes,239.0,2022,2
TBQ05C03,Goods Forwarded,20222,2022Q2,IEORK,Cork,2,Foreign trade: Other EU,000 Tonnes,336.0,2022,2
TBQ05C03,Goods Forwarded,20222,2022Q2,IEORK,Cork,3,Foreign trade: Non-EU,000 Tonnes,78.0,2022,2
TBQ05C03,Goods Forwarded,20222,2022Q2,IEORK,Cork,4,Foreign trade: Other ports,000 Tonnes,20.0,2022,2
TBQ05C03,Goods Forwarded,20222,2022Q2,IEORK,Cork,5,Coastal trade,000 Tonnes,107.0,2022,2
TBQ05C03,Goods Forwarded,20222,2022Q2,IEROS,Rosslare,-,All regions of trade,000 Tonnes,353.0,2022,2
TBQ05C03,Goods Forwarded,20222,2022Q2,IEROS,Rosslare,1,Foreign trade: Great Britain and Northern Ireland,000 Tonnes,132.0,2022,2
TBQ05C03,Goods Forwarded,20222,2022Q2,IEROS,Rosslare,2,Foreign trade: Other EU,000 Tonnes,221.0,2022,2
TBQ05C03,Goods Forwarded,20222,2022Q2,IEROS,Rosslare,3,Foreign trade: Non-EU,000 Tonnes,0.0,2022,2
TBQ05C03,Goods Forwarded,20222,2022Q2,IEROS,Rosslare,4,Foreign trade: Other ports,000 Tonnes,0.0,2022,2
TBQ05C03,Goods Forwarded,20222,2022Q2,IEROS,Rosslare,5,Coastal trade,000 Tonnes,0.0,2022,2
TBQ05C03,Goods Forwarded,20222,2022Q2,IEWAT,Waterford,-,All regions of trade,000 Tonnes,90.0,2022,2
TBQ05C03,Goods Forwarded,20222,2022Q2,IEWAT,Waterford,1,Foreign trade: Great Britain and Northern Ireland,000 Tonnes,0.0,2022,2
TBQ05C03,Goods Forwarded,20222,2022Q2,IEWAT,Waterford,2,Foreign trade: Other EU,000 Tonnes,77.0,2022,2
TBQ05C03,Goods Forwarded,20222,2022Q2,IEWAT,Waterford,3,Foreign trade: Non-EU,000 Tonnes,8.0,2022,2
TBQ05C03,Goods Forwarded,20222,2022Q2,IEWAT,Waterford,4,Foreign trade: Other ports,000 Tonnes,5.0,2022,2
TBQ05C03,Goods Forwarded,20222,2022Q2,IEWAT,Waterford,5,Coastal trade,000 Tonnes,0.0,2022,2
TBQ05C03,Goods Forwarded,20223,2022Q3,IEMIP,All Main Irish Ports,-,All regions of trade,000 Tonnes,4145.0,2022,3
TBQ05C03,Goods Forwarded,20223,2022Q3,IEMIP,All Main Irish Ports,1,Foreign trade: Great Britain and Northern Ireland,000 Tonnes,1818.0,2022,3
TBQ05C03,Goods Forwarded,20223,2022Q3,IEMIP,All Main Irish Ports,2,Foreign trade: Other EU,000 Tonnes,1852.0,2022,3
TBQ05C03,Goods Forwarded,20223,2022Q3,IEMIP,All Main Irish Ports,3,Foreign trade: Non-EU,000 Tonnes,116.0,2022,3
TBQ05C03,Goods Forwarded,20223,2022Q3,IEMIP,All Main Irish Ports,4,Foreign trade: Other ports,000 Tonnes,90.0,2022,3
TBQ05C03,Goods Forwarded,20223,2022Q3,IEMIP,All Main Irish Ports,5,Coastal trade,000 Tonnes,269.0,2022,3
TBQ05C03,Goods Forwarded,20223,2022Q3,IEBYT,Bantry Bay,-,All regions of trade,000 Tonnes,0.0,2022,3
TBQ05C03,Goods Forwarded,20223,2022Q3,IEBYT,Bantry Bay,1,Foreign trade: Great Britain and Northern Ireland,000 Tonnes,0.0,2022,3
TBQ05C03,Goods Forwarded,20223,2022Q3,IEBYT,Bantry Bay,2,Foreign trade: Other EU,000 Tonnes,0.0,2022,3
TBQ05C03,Goods Forwarded,20223,2022Q3,IEBYT,Bantry Bay,3,Foreign trade: Non-EU,000 Tonnes,0.0,2022,3
TBQ05C03,Goods Forwarded,20223,2022Q3,IEBYT,Bantry Bay,4,Foreign trade: Other ports,000 Tonnes,0.0,2022,3
TBQ05C03,Goods Forwarded,20223,2022Q3,IEBYT,Bantry Bay,5,Coastal trade,000 Tonnes,0.0,2022,3
TBQ05C03,Goods Forwarded,20223,2022Q3,IEDRO,Drogheda,-,All regions of trade,000 Tonnes,117.0,2022,3
TBQ05C03,Goods Forwarded,20223,2022Q3,IEDRO,Drogheda,1,Foreign trade: Great Britain and Northern Ireland,000 Tonnes,73.0,2022,3
TBQ05C03,Goods Forwarded,20223,2022Q3,IEDRO,Drogheda,2,Foreign trade: Other EU,000 Tonnes,44.0,2022,3
TBQ05C03,Goods Forwarded,20223,2022Q3,IEDRO,Drogheda,3,Foreign trade: Non-EU,000 Tonnes,0.0,2022,3
TBQ05C03,Goods Forwarded,20223,2022Q3,IEDRO,Drogheda,4,Foreign trade: Other ports,000 Tonnes,0.0,2022,3
TBQ05C03,Goods Forwarded,20223,2022Q3,IEDRO,Drogheda,5,Coastal trade,000 Tonnes,0.0,2022,3
TBQ05C03,Goods Forwarded,20223,2022Q3,IEDUB,Dublin,-,All regions of trade,000 Tonnes,2163.0,2022,3
TBQ05C03,Goods Forwarded,20223,2022Q3,IEDUB,Dublin,1,Foreign trade: Great Britain and Northern Ireland,000 Tonnes,1218.0,2022,3
TBQ05C03,Goods Forwarded,20223,2022Q3,IEDUB,Dublin,2,Foreign trade: Other EU,000 Tonnes,891.0,2022,3
TBQ05C03,Goods Forwarded,20223,2022Q3,IEDUB,Dublin,3,Foreign trade: Non-EU,000 Tonnes,10.0,2022,3
TBQ05C03,Goods Forwarded,20223,2022Q3,IEDUB,Dublin,4,Foreign trade: Other ports,000 Tonnes,10.0,2022,3
TBQ05C03,Goods Forwarded,20223,2022Q3,IEDUB,Dublin,5,Coastal trade,000 Tonnes,35.0,2022,3
TBQ05C03,Goods Forwarded,20223,2022Q3,IEFOV,Shannon Foynes,-,All regions of trade,000 Tonnes,528.0,2022,3
TBQ05C03,Goods Forwarded,20223,2022Q3,IEFOV,Shannon Foynes,1,Foreign trade: Great Britain and Northern Ireland,000 Tonnes,199.0,2022,3
TBQ05C03,Goods Forwarded,20223,2022Q3,IEFOV,Shannon Foynes,2,Foreign trade: Other EU,000 Tonnes,230.0,2022,3
TBQ05C03,Goods Forwarded,20223,2022Q3,IEFOV,Shannon Foynes,3,Foreign trade: Non-EU,000 Tonnes,5.0,2022,3
TBQ05C03,Goods Forwarded,20223,2022Q3,IEFOV,Shannon Foynes,4,Foreign trade: Other ports,000 Tonnes,0.0,2022,3
TBQ05C03,Goods Forwarded,20223,2022Q3,IEFOV,Shannon Foynes,5,Coastal trade,000 Tonnes,95.0,2022,3
TBQ05C03,Goods Forwarded,20223,2022Q3,IEORK,Cork,-,All regions of trade,000 Tonnes,809.0,2022,3
TBQ05C03,Goods Forwarded,20223,2022Q3,IEORK,Cork,1,Foreign trade: Great Britain and Northern Ireland,000 Tonnes,179.0,2022,3
TBQ05C03,Goods Forwarded,20223,2022Q3,IEORK,Cork,2,Foreign trade: Other EU,000 Tonnes,328.0,2022,3
TBQ05C03,Goods Forwarded,20223,2022Q3,IEORK,Cork,3,Foreign trade: Non-EU,000 Tonnes,93.0,2022,3
TBQ05C03,Goods Forwarded,20223,2022Q3,IEORK,Cork,4,Foreign trade: Other ports,000 Tonnes,69.0,2022,3
TBQ05C03,Goods Forwarded,20223,2022Q3,IEORK,Cork,5,Coastal trade,000 Tonnes,139.0,2022,3
TBQ05C03,Goods Forwarded,20223,2022Q3,IEROS,Rosslare,-,All regions of trade,000 Tonnes,426.0,2022,3
TBQ05C03,Goods Forwarded,20223,2022Q3,IEROS,Rosslare,1,Foreign trade: Great Britain and Northern Ireland,000 Tonnes,149.0,2022,3
TBQ05C03,Goods Forwarded,20223,2022Q3,IEROS,Rosslare,2,Foreign trade: Other EU,000 Tonnes,277.0,2022,3
TBQ05C03,Goods Forwarded,20223,2022Q3,IEROS,Rosslare,3,Foreign trade: Non-EU,000 Tonnes,0.0,2022,3
TBQ05C03,Goods Forwarded,20223,2022Q3,IEROS,Rosslare,4,Foreign trade: Other ports,000 Tonnes,0.0,2022,3
TBQ05C03,Goods Forwarded,20223,2022Q3,IEROS,Rosslare,5,Coastal trade,000 Tonnes,0.0,2022,3
TBQ05C03,Goods Forwarded,20223,2022Q3,IEWAT,Waterford,-,All regions of trade,000 Tonnes,101.0,2022,3
TBQ05C03,Goods Forwarded,20223,2022Q3,IEWAT,Waterford,1,Foreign trade: Great Britain and Northern Ireland,000 Tonnes,0.0,2022,3
TBQ05C03,Goods Forwarded,20223,2022Q3,IEWAT,Waterford,2,Foreign trade: Other EU,000 Tonnes,82.0,2022,3
TBQ05C03,Goods Forwarded,20223,2022Q3,IEWAT,Waterford,3,Foreign trade: Non-EU,000 Tonnes,8.0,2022,3
TBQ05C03,Goods Forwarded,20223,2022Q3,IEWAT,Waterford,4,Foreign trade: Other ports,000 Tonnes,11.0,2022,3
TBQ05C03,Goods Forwarded,20223,2022Q3,IEWAT,Waterford,5,Coastal trade,000 Tonnes,0.0,2022,3
TBQ05C03,Goods Forwarded,20224,2022Q4,IEMIP,All Main Irish Ports,-,All regions of trade,000 Tonnes,4143.0,2022,4
TBQ05C03,Goods Forwarded,20224,2022Q4,IEMIP,All Main Irish Ports,1,Foreign trade: Great Britain and Northern Ireland,000 Tonnes,1778.0,2022,4
TBQ05C03,Goods Forwarded,20224,2022Q4,IEMIP,All Main Irish Ports,2,Foreign trade: Other EU,000 Tonnes,1772.0,2022,4
TBQ05C03,Goods Forwarded,20224,2022Q4,IEMIP,All Main Irish Ports,3,Foreign trade: Non-EU,000 Tonnes,73.0,2022,4
TBQ05C03,Goods Forwarded,20224,2022Q4,IEMIP,All Main Irish Ports,4,Foreign trade: Other ports,000 Tonnes,274.0,2022,4
TBQ05C03,Goods Forwarded,20224,2022Q4,IEMIP,All Main Irish Ports,5,Coastal trade,000 Tonnes,247.0,2022,4
TBQ05C03,Goods Forwarded,20224,2022Q4,IEBYT,Bantry Bay,-,All regions of trade,000 Tonnes,140.0,2022,4
TBQ05C03,Goods Forwarded,20224,2022Q4,IEBYT,Bantry Bay,1,Foreign trade: Great Britain and Northern Ireland,000 Tonnes,,2022,4
TBQ05C03,Goods Forwarded,20224,2022Q4,IEBYT,Bantry Bay,2,Foreign trade: Other EU,000 Tonnes,,2022,4
TBQ05C03,Goods Forwarded,20224,2022Q4,IEBYT,Bantry Bay,3,Foreign trade: Non-EU,000 Tonnes,,2022,4
TBQ05C03,Goods Forwarded,20224,2022Q4,IEBYT,Bantry Bay,4,Foreign trade: Other ports,000 Tonnes,140.0,2022,4
TBQ05C03,Goods Forwarded,20224,2022Q4,IEBYT,Bantry Bay,5,Coastal trade,000 Tonnes,,2022,4
TBQ05C03,Goods Forwarded,20224,2022Q4,IEDRO,Drogheda,-,All regions of trade,000 Tonnes,128.0,2022,4
TBQ05C03,Goods Forwarded,20224,2022Q4,IEDRO,Drogheda,1,Foreign trade: Great Britain and Northern Ireland,000 Tonnes,78.0,2022,4
TBQ05C03,Goods Forwarded,20224,2022Q4,IEDRO,Drogheda,2,Foreign trade: Other EU,000 Tonnes,50.0,2022,4
TBQ05C03,Goods Forwarded,20224,2022Q4,IEDRO,Drogheda,3,Foreign trade: Non-EU,000 Tonnes,,2022,4
TBQ05C03,Goods Forwarded,20224,2022Q4,IEDRO,Drogheda,4,Foreign trade: Other ports,000 Tonnes,,2022,4
TBQ05C03,Goods Forwarded,20224,2022Q4,IEDRO,Drogheda,5,Coastal trade,000 Tonnes,,2022,4
TBQ05C03,Goods Forwarded,20224,2022Q4,IEDUB,Dublin,-,All regions of trade,000 Tonnes,2109.0,2022,4
TBQ05C03,Goods Forwarded,20224,2022Q4,IEDUB,Dublin,1,Foreign trade: Great Britain and Northern Ireland,000 Tonnes,1210.0,2022,4
TBQ05C03,Goods Forwarded,20224,2022Q4,IEDUB,Dublin,2,Foreign trade: Other EU,000 Tonnes,839.0,2022,4
TBQ05C03,Goods Forwarded,20224,2022Q4,IEDUB,Dublin,3,Foreign trade: Non-EU,000 Tonnes,18.0,2022,4
TBQ05C03,Goods Forwarded,20224,2022Q4,IEDUB,Dublin,4,Foreign trade: Other ports,000 Tonnes,8.0,2022,4
TBQ05C03,Goods Forwarded,20224,2022Q4,IEDUB,Dublin,5,Coastal trade,000 Tonnes,33.0,2022,4
TBQ05C03,Goods Forwarded,20224,2022Q4,IEFOV,Shannon Foynes,-,All regions of trade,000 Tonnes,483.0,2022,4
TBQ05C03,Goods Forwarded,20224,2022Q4,IEFOV,Shannon Foynes,1,Foreign trade: Great Britain and Northern Ireland,000 Tonnes,94.0,2022,4
TBQ05C03,Goods Forwarded,20224,2022Q4,IEFOV,Shannon Foynes,2,Foreign trade: Other EU,000 Tonnes,246.0,2022,4
TBQ05C03,Goods Forwarded,20224,2022Q4,IEFOV,Shannon Foynes,3,Foreign trade: Non-EU,000 Tonnes,13.0,2022,4
TBQ05C03,Goods Forwarded,20224,2022Q4,IEFOV,Shannon Foynes,4,Foreign trade: Other ports,000 Tonnes,23.0,2022,4
TBQ05C03,Goods Forwarded,20224,2022Q4,IEFOV,Shannon Foynes,5,Coastal trade,000 Tonnes,107.0,2022,4
TBQ05C03,Goods Forwarded,20224,2022Q4,IEORK,Cork,-,All regions of trade,000 Tonnes,793.0,2022,4
TBQ05C03,Goods Forwarded,20224,2022Q4,IEORK,Cork,1,Foreign trade: Great Britain and Northern Ireland,000 Tonnes,242.0,2022,4
TBQ05C03,Goods Forwarded,20224,2022Q4,IEORK,Cork,2,Foreign trade: Other EU,000 Tonnes,307.0,2022,4
TBQ05C03,Goods Forwarded,20224,2022Q4,IEORK,Cork,3,Foreign trade: Non-EU,000 Tonnes,33.0,2022,4
TBQ05C03,Goods Forwarded,20224,2022Q4,IEORK,Cork,4,Foreign trade: Other ports,000 Tonnes,103.0,2022,4
TBQ05C03,Goods Forwarded,20224,2022Q4,IEORK,Cork,5,Coastal trade,000 Tonnes,107.0,2022,4
TBQ05C03,Goods Forwarded,20224,2022Q4,IEROS,Rosslare,-,All regions of trade,000 Tonnes,404.0,2022,4
TBQ05C03,Goods Forwarded,20224,2022Q4,IEROS,Rosslare,1,Foreign trade: Great Britain and Northern Ireland,000 Tonnes,129.0,2022,4
TBQ05C03,Goods Forwarded,20224,2022Q4,IEROS,Rosslare,2,Foreign trade: Other EU,000 Tonnes,275.0,2022,4
TBQ05C03,Goods Forwarded,20224,2022Q4,IEROS,Rosslare,3,Foreign trade: Non-EU,000 Tonnes,,2022,4
TBQ05C03,Goods Forwarded,20224,2022Q4,IEROS,Rosslare,4,Foreign trade: Other ports,000 Tonnes,,2022,4
TBQ05C03,Goods Forwarded,20224,2022Q4,IEROS,Rosslare,5,Coastal trade,000 Tonnes,,2022,4
TBQ05C03,Goods Forwarded,20224,2022Q4,IEWAT,Waterford,-,All regions of trade,000 Tonnes,87.0,2022,4
TBQ05C03,Goods Forwarded,20224,2022Q4,IEWAT,Waterford,1,Foreign trade: Great Britain and Northern Ireland,000 Tonnes,24.0,2022,4
TBQ05C03,Goods Forwarded,20224,2022Q4,IEWAT,Waterford,2,Foreign trade: Other EU,000 Tonnes,54.0,2022,4
TBQ05C03,Goods Forwarded,20224,2022Q4,IEWAT,Waterford,3,Foreign trade: Non-EU,000 Tonnes,9.0,2022,4
TBQ05C03,Goods Forwarded,20224,2022Q4,IEWAT,Waterford,4,Foreign trade: Other ports,000 Tonnes,,2022,4
TBQ05C03,Goods Forwarded,20224,2022Q4,IEWAT,Waterford,5,Coastal trade,000 Tonnes,,2022,4
TBQ05C03,Goods Forwarded,20231,2023Q1,IEMIP,All Main Irish Ports,-,All regions of trade,000 Tonnes,3998.0,2023,1
TBQ05C03,Goods Forwarded,20231,2023Q1,IEMIP,All Main Irish Ports,1,Foreign trade: Great Britain and Northern Ireland,000 Tonnes,1765.0,2023,1
TBQ05C03,Goods Forwarded,20231,2023Q1,IEMIP,All Main Irish Ports,2,Foreign trade: Other EU,000 Tonnes,1702.0,2023,1
TBQ05C03,Goods Forwarded,20231,2023Q1,IEMIP,All Main Irish Ports,3,Foreign trade: Non-EU,000 Tonnes,76.0,2023,1
TBQ05C03,Goods Forwarded,20231,2023Q1,IEMIP,All Main Irish Ports,4,Foreign trade: Other ports,000 Tonnes,144.0,2023,1
TBQ05C03,Goods Forwarded,20231,2023Q1,IEMIP,All Main Irish Ports,5,Coastal trade,000 Tonnes,310.0,2023,1
TBQ05C03,Goods Forwarded,20231,2023Q1,IEBYT,Bantry Bay,-,All regions of trade,000 Tonnes,70.0,2023,1
TBQ05C03,Goods Forwarded,20231,2023Q1,IEBYT,Bantry Bay,1,Foreign trade: Great Britain and Northern Ireland,000 Tonnes,,2023,1
TBQ05C03,Goods Forwarded,20231,2023Q1,IEBYT,Bantry Bay,2,Foreign trade: Other EU,000 Tonnes,,2023,1
TBQ05C03,Goods Forwarded,20231,2023Q1,IEBYT,Bantry Bay,3,Foreign trade: Non-EU,000 Tonnes,,2023,1
TBQ05C03,Goods Forwarded,20231,2023Q1,IEBYT,Bantry Bay,4,Foreign trade: Other ports,000 Tonnes,70.0,2023,1
TBQ05C03,Goods Forwarded,20231,2023Q1,IEBYT,Bantry Bay,5,Coastal trade,000 Tonnes,,2023,1
TBQ05C03,Goods Forwarded,20231,2023Q1,IEDRO,Drogheda,-,All regions of trade,000 Tonnes,161.0,2023,1
TBQ05C03,Goods Forwarded,20231,2023Q1,IEDRO,Drogheda,1,Foreign trade: Great Britain and Northern Ireland,000 Tonnes,54.0,2023,1
TBQ05C03,Goods Forwarded,20231,2023Q1,IEDRO,Drogheda,2,Foreign trade: Other EU,000 Tonnes,107.0,2023,1
TBQ05C03,Goods Forwarded,20231,2023Q1,IEDRO,Drogheda,3,Foreign trade: Non-EU,000 Tonnes,,2023,1
TBQ05C03,Goods Forwarded,20231,2023Q1,IEDRO,Drogheda,4,Foreign trade: Other ports,000 Tonnes,,2023,1
TBQ05C03,Goods Forwarded,20231,2023Q1,IEDRO,Drogheda,5,Coastal trade,000 Tonnes,,2023,1
TBQ05C03,Goods Forwarded,20231,2023Q1,IEDUB,Dublin,-,All regions of trade,000 Tonnes,2064.0,2023,1
TBQ05C03,Goods Forwarded,20231,2023Q1,IEDUB,Dublin,1,Foreign trade: Great Britain and Northern Ireland,000 Tonnes,1232.0,2023,1
TBQ05C03,Goods Forwarded,20231,2023Q1,IEDUB,Dublin,2,Foreign trade: Other EU,000 Tonnes,747.0,2023,1
TBQ05C03,Goods Forwarded,20231,2023Q1,IEDUB,Dublin,3,Foreign trade: Non-EU,000 Tonnes,15.0,2023,1
TBQ05C03,Goods Forwarded,20231,2023Q1,IEDUB,Dublin,4,Foreign trade: Other ports,000 Tonnes,9.0,2023,1
TBQ05C03,Goods Forwarded,20231,2023Q1,IEDUB,Dublin,5,Coastal trade,000 Tonnes,61.0,2023,1
TBQ05C03,Goods Forwarded,20231,2023Q1,IEFOV,Shannon Foynes,-,All regions of trade,000 Tonnes,509.0,2023,1
TBQ05C03,Goods Forwarded,20231,2023Q1,IEFOV,Shannon Foynes,1,Foreign trade: Great Britain and Northern Ireland,000 Tonnes,183.0,2023,1
TBQ05C03,Goods Forwarded,20231,2023Q1,IEFOV,Shannon Foynes,2,Foreign trade: Other EU,000 Tonnes,188.0,2023,1
TBQ05C03,Goods Forwarded,20231,2023Q1,IEFOV,Shannon Foynes,3,Foreign trade: Non-EU,000 Tonnes,52.0,2023,1
TBQ05C03,Goods Forwarded,20231,2023Q1,IEFOV,Shannon Foynes,4,Foreign trade: Other ports,000 Tonnes,9.0,2023,1
TBQ05C03,Goods Forwarded,20231,2023Q1,IEFOV,Shannon Foynes,5,Coastal trade,000 Tonnes,76.0,2023,1
TBQ05C03,Goods Forwarded,20231,2023Q1,IEORK,Cork,-,All regions of trade,000 Tonnes,722.0,2023,1
TBQ05C03,Goods Forwarded,20231,2023Q1,IEORK,Cork,1,Foreign trade: Great Britain and Northern Ireland,000 Tonnes,156.0,2023,1
TBQ05C03,Goods Forwarded,20231,2023Q1,IEORK,Cork,2,Foreign trade: Other EU,000 Tonnes,337.0,2023,1
TBQ05C03,Goods Forwarded,20231,2023Q1,IEORK,Cork,3,Foreign trade: Non-EU,000 Tonnes,4.0,2023,1
TBQ05C03,Goods Forwarded,20231,2023Q1,IEORK,Cork,4,Foreign trade: Other ports,000 Tonnes,51.0,2023,1
TBQ05C03,Goods Forwarded,20231,2023Q1,IEORK,Cork,5,Coastal trade,000 Tonnes,173.0,2023,1
TBQ05C03,Goods Forwarded,20231,2023Q1,IEROS,Rosslare,-,All regions of trade,000 Tonnes,411.0,2023,1
TBQ05C03,Goods Forwarded,20231,2023Q1,IEROS,Rosslare,1,Foreign trade: Great Britain and Northern Ireland,000 Tonnes,132.0,2023,1
TBQ05C03,Goods Forwarded,20231,2023Q1,IEROS,Rosslare,2,Foreign trade: Other EU,000 Tonnes,279.0,2023,1
TBQ05C03,Goods Forwarded,20231,2023Q1,IEROS,Rosslare,3,Foreign trade: Non-EU,000 Tonnes,,2023,1
TBQ05C03,Goods Forwarded,20231,2023Q1,IEROS,Rosslare,4,Foreign trade: Other ports,000 Tonnes,,2023,1
TBQ05C03,Goods Forwarded,20231,2023Q1,IEROS,Rosslare,5,Coastal trade,000 Tonnes,,2023,1
TBQ05C03,Goods Forwarded,20231,2023Q1,IEWAT,Waterford,-,All regions of trade,000 Tonnes,61.0,2023,1
TBQ05C03,Goods Forwarded,20231,2023Q1,IEWAT,Waterford,1,Foreign trade: Great Britain and Northern Ireland,000 Tonnes,8.0,2023,1
TBQ05C03,Goods Forwarded,20231,2023Q1,IEWAT,Waterford,2,Foreign trade: Other EU,000 Tonnes,43.0,2023,1
TBQ05C03,Goods Forwarded,20231,2023Q1,IEWAT,Waterford,3,Foreign trade: Non-EU,000 Tonnes,5.0,2023,1
TBQ05C03,Goods Forwarded,20231,2023Q1,IEWAT,Waterford,4,Foreign trade: Other ports,000 Tonnes,5.0,2023,1
TBQ05C03,Goods Forwarded,20231,2023Q1,IEWAT,Waterford,5,Coastal trade,000 Tonnes,,2023,1
