"STATISTIC","Statistic Label","TLIST(Q1)","Quarter","C02354V02832","Direction","C01855V02284","Port","UNIT","VALUE"
"TBQ04C01","Total Units (Number)","20171","2017Q1","-","All directions","IEMIP","All Main Irish Ports","Number","126083"
"TBQ04C01","Total Units (Number)","20171","2017Q1","-","All directions","IEDUB","Dublin","Number","91877"
"TBQ04C01","Total Units (Number)","20171","2017Q1","-","All directions","IEORK","Cork","Number","29521"
"TBQ04C01","Total Units (Number)","20171","2017Q1","-","All directions","IEWAT","Waterford","Number","4685"
"TBQ04C01","Total Units (Number)","20171","2017Q1","-","All directions","IEFOV","Shannon Foynes","Number",""
"TBQ04C01","Total Units (Number)","20171","2017Q1","1","Inward","IEMIP","All Main Irish Ports","Number","63173"
"TBQ04C01","Total Units (Number)","20171","2017Q1","1","Inward","IEDUB","Dublin","Number","46352"
"TBQ04C01","Total Units (Number)","20171","2017Q1","1","Inward","IEORK","Cork","Number","14496"
"TBQ04C01","Total Units (Number)","20171","2017Q1","1","Inward","IEWAT","Waterford","Number","2325"
"TBQ04C01","Total Units (Number)","20171","2017Q1","1","Inward","IEFOV","Shannon Foynes","Number",""
"TBQ04C01","Total Units (Number)","20171","2017Q1","2","Outward","IEMIP","All Main Irish Ports","Number","62910"
"TBQ04C01","Total Units (Number)","20171","2017Q1","2","Outward","IEDUB","Dublin","Number","45525"
"TBQ04C01","Total Units (Number)","20171","2017Q1","2","Outward","IEORK","Cork","Number","15025"
"TBQ04C01","Total Units (Number)","20171","2017Q1","2","Outward","IEWAT","Waterford","Number","2360"
"TBQ04C01","Total Units (Number)","20171","2017Q1","2","Outward","IEFOV","Shannon Foynes","Number",""
"TBQ04C01","Total Units (Number)","20172","2017Q2","-","All directions","IEMIP","All Main Irish Ports","Number","134949"
"TBQ04C01","Total Units (Number)","20172","2017Q2","-","All directions","IEDUB","Dublin","Number","97454"
"TBQ04C01","Total Units (Number)","20172","2017Q2","-","All directions","IEORK","Cork","Number","31959"
"TBQ04C01","Total Units (Number)","20172","2017Q2","-","All directions","IEWAT","Waterford","Number","5536"
"TBQ04C01","Total Units (Number)","20172","2017Q2","-","All directions","IEFOV","Shannon Foynes","Number",""
"TBQ04C01","Total Units (Number)","20172","2017Q2","1","Inward","IEMIP","All Main Irish Ports","Number","67050"
"TBQ04C01","Total Units (Number)","20172","2017Q2","1","Inward","IEDUB","Dublin","Number","48431"
"TBQ04C01","Total Units (Number)","20172","2017Q2","1","Inward","IEORK","Cork","Number","15842"
"TBQ04C01","Total Units (Number)","20172","2017Q2","1","Inward","IEWAT","Waterford","Number","2777"
"TBQ04C01","Total Units (Number)","20172","2017Q2","1","Inward","IEFOV","Shannon Foynes","Number",""
"TBQ04C01","Total Units (Number)","20172","2017Q2","2","Outward","IEMIP","All Main Irish Ports","Number","67899"
"TBQ04C01","Total Units (Number)","20172","2017Q2","2","Outward","IEDUB","Dublin","Number","49023"
"TBQ04C01","Total Units (Number)","20172","2017Q2","2","Outward","IEORK","Cork","Number","16117"
"TBQ04C01","Total Units (Number)","20172","2017Q2","2","Outward","IEWAT","Waterford","Number","2759"
"TBQ04C01","Total Units (Number)","20172","2017Q2","2","Outward","IEFOV","Shannon Foynes","Number",""
"TBQ04C01","Total Units (Number)","20173","2017Q3","-","All directions","IEMIP","All Main Irish Ports","Number","136843"
"TBQ04C01","Total Units (Number)","20173","2017Q3","-","All directions","IEDUB","Dublin","Number","100963"
"TBQ04C01","Total Units (Number)","20173","2017Q3","-","All directions","IEORK","Cork","Number","30377"
"TBQ04C01","Total Units (Number)","20173","2017Q3","-","All directions","IEWAT","Waterford","Number","5503"
"TBQ04C01","Total Units (Number)","20173","2017Q3","-","All directions","IEFOV","Shannon Foynes","Number",""
"TBQ04C01","Total Units (Number)","20173","2017Q3","1","Inward","IEMIP","All Main Irish Ports","Number","68480"
"TBQ04C01","Total Units (Number)","20173","2017Q3","1","Inward","IEDUB","Dublin","Number","50756"
"TBQ04C01","Total Units (Number)","20173","2017Q3","1","Inward","IEORK","Cork","Number","15057"
"TBQ04C01","Total Units (Number)","20173","2017Q3","1","Inward","IEWAT","Waterford","Number","2667"
"TBQ04C01","Total Units (Number)","20173","2017Q3","1","Inward","IEFOV","Shannon Foynes","Number",""
"TBQ04C01","Total Units (Number)","20173","2017Q3","2","Outward","IEMIP","All Main Irish Ports","Number","68363"
"TBQ04C01","Total Units (Number)","20173","2017Q3","2","Outward","IEDUB","Dublin","Number","50207"
"TBQ04C01","Total Units (Number)","20173","2017Q3","2","Outward","IEORK","Cork","Number","15320"
"TBQ04C01","Total Units (Number)","20173","2017Q3","2","Outward","IEWAT","Waterford","Number","2836"
"TBQ04C01","Total Units (Number)","20173","2017Q3","2","Outward","IEFOV","Shannon Foynes","Number",""
"TBQ04C01","Total Units (Number)","20174","2017Q4","-","All directions","IEMIP","All Main Irish Ports","Number","137591"
"TBQ04C01","Total Units (Number)","20174","2017Q4","-","All directions","IEDUB","Dublin","Number","102200"
"TBQ04C01","Total Units (Number)","20174","2017Q4","-","All directions","IEORK","Cork","Number","30622"
"TBQ04C01","Total Units (Number)","20174","2017Q4","-","All directions","IEWAT","Waterford","Number","4769"
"TBQ04C01","Total Units (Number)","20174","2017Q4","-","All directions","IEFOV","Shannon Foynes","Number",""
"TBQ04C01","Total Units (Number)","20174","2017Q4","1","Inward","IEMIP","All Main Irish Ports","Number","67989"
"TBQ04C01","Total Units (Number)","20174","2017Q4","1","Inward","IEDUB","Dublin","Number","50280"
"TBQ04C01","Total Units (Number)","20174","2017Q4","1","Inward","IEORK","Cork","Number","15345"
"TBQ04C01","Total Units (Number)","20174","2017Q4","1","Inward","IEWAT","Waterford","Number","2364"
"TBQ04C01","Total Units (Number)","20174","2017Q4","1","Inward","IEFOV","Shannon Foynes","Number",""
"TBQ04C01","Total Units (Number)","20174","2017Q4","2","Outward","IEMIP","All Main Irish Ports","Number","69602"
"TBQ04C01","Total Units (Number)","20174","2017Q4","2","Outward","IEDUB","Dublin","Number","51920"
"TBQ04C01","Total Units (Number)","20174","2017Q4","2","Outward","IEORK","Cork","Number","15277"
"TBQ04C01","Total Units (Number)","20174","2017Q4","2","Outward","IEWAT","Waterford","Number","2405"
"TBQ04C01","Total Units (Number)","20174","2017Q4","2","Outward","IEFOV","Shannon Foynes","Number",""
"TBQ04C01","Total Units (Number)","20181","2018Q1","-","All directions","IEMIP","All Main Irish Ports","Number","133505"
"TBQ04C01","Total Units (Number)","20181","2018Q1","-","All directions","IEDUB","Dublin","Number","98411"
"TBQ04C01","Total Units (Number)","20181","2018Q1","-","All directions","IEORK","Cork","Number","30505"
"TBQ04C01","Total Units (Number)","20181","2018Q1","-","All directions","IEWAT","Waterford","Number","4589"
"TBQ04C01","Total Units (Number)","20181","2018Q1","-","All directions","IEFOV","Shannon Foynes","Number",""
"TBQ04C01","Total Units (Number)","20181","2018Q1","1","Inward","IEMIP","All Main Irish Ports","Number","68587"
"TBQ04C01","Total Units (Number)","20181","2018Q1","1","Inward","IEDUB","Dublin","Number","50763"
"TBQ04C01","Total Units (Number)","20181","2018Q1","1","Inward","IEORK","Cork","Number","15534"
"TBQ04C01","Total Units (Number)","20181","2018Q1","1","Inward","IEWAT","Waterford","Number","2290"
"TBQ04C01","Total Units (Number)","20181","2018Q1","1","Inward","IEFOV","Shannon Foynes","Number",""
"TBQ04C01","Total Units (Number)","20181","2018Q1","2","Outward","IEMIP","All Main Irish Ports","Number","64918"
"TBQ04C01","Total Units (Number)","20181","2018Q1","2","Outward","IEDUB","Dublin","Number","47648"
"TBQ04C01","Total Units (Number)","20181","2018Q1","2","Outward","IEORK","Cork","Number","14971"
"TBQ04C01","Total Units (Number)","20181","2018Q1","2","Outward","IEWAT","Waterford","Number","2299"
"TBQ04C01","Total Units (Number)","20181","2018Q1","2","Outward","IEFOV","Shannon Foynes","Number",""
"TBQ04C01","Total Units (Number)","20182","2018Q2","-","All directions","IEMIP","All Main Irish Ports","Number","139174"
"TBQ04C01","Total Units (Number)","20182","2018Q2","-","All directions","IEDUB","Dublin","Number","100646"
"TBQ04C01","Total Units (Number)","20182","2018Q2","-","All directions","IEORK","Cork","Number","32888"
"TBQ04C01","Total Units (Number)","20182","2018Q2","-","All directions","IEWAT","Waterford","Number","5640"
"TBQ04C01","Total Units (Number)","20182","2018Q2","-","All directions","IEFOV","Shannon Foynes","Number",""
"TBQ04C01","Total Units (Number)","20182","2018Q2","1","Inward","IEMIP","All Main Irish Ports","Number","68536"
"TBQ04C01","Total Units (Number)","20182","2018Q2","1","Inward","IEDUB","Dublin","Number","49489"
"TBQ04C01","Total Units (Number)","20182","2018Q2","1","Inward","IEORK","Cork","Number","16341"
"TBQ04C01","Total Units (Number)","20182","2018Q2","1","Inward","IEWAT","Waterford","Number","2706"
"TBQ04C01","Total Units (Number)","20182","2018Q2","1","Inward","IEFOV","Shannon Foynes","Number",""
"TBQ04C01","Total Units (Number)","20182","2018Q2","2","Outward","IEMIP","All Main Irish Ports","Number","70638"
"TBQ04C01","Total Units (Number)","20182","2018Q2","2","Outward","IEDUB","Dublin","Number","51157"
"TBQ04C01","Total Units (Number)","20182","2018Q2","2","Outward","IEORK","Cork","Number","16547"
"TBQ04C01","Total Units (Number)","20182","2018Q2","2","Outward","IEWAT","Waterford","Number","2934"
"TBQ04C01","Total Units (Number)","20182","2018Q2","2","Outward","IEFOV","Shannon Foynes","Number",""
"TBQ04C01","Total Units (Number)","20183","2018Q3","-","All directions","IEMIP","All Main Irish Ports","Number","144236"
"TBQ04C01","Total Units (Number)","20183","2018Q3","-","All directions","IEDUB","Dublin","Number","105839"
"TBQ04C01","Total Units (Number)","20183","2018Q3","-","All directions","IEORK","Cork","Number","32998"
"TBQ04C01","Total Units (Number)","20183","2018Q3","-","All directions","IEWAT","Waterford","Number","5399"
"TBQ04C01","Total Units (Number)","20183","2018Q3","-","All directions","IEFOV","Shannon Foynes","Number",""
"TBQ04C01","Total Units (Number)","20183","2018Q3","1","Inward","IEMIP","All Main Irish Ports","Number","72914"
"TBQ04C01","Total Units (Number)","20183","2018Q3","1","Inward","IEDUB","Dublin","Number","53833"
"TBQ04C01","Total Units (Number)","20183","2018Q3","1","Inward","IEORK","Cork","Number","16351"
"TBQ04C01","Total Units (Number)","20183","2018Q3","1","Inward","IEWAT","Waterford","Number","2730"
"TBQ04C01","Total Units (Number)","20183","2018Q3","1","Inward","IEFOV","Shannon Foynes","Number",""
"TBQ04C01","Total Units (Number)","20183","2018Q3","2","Outward","IEMIP","All Main Irish Ports","Number","71322"
"TBQ04C01","Total Units (Number)","20183","2018Q3","2","Outward","IEDUB","Dublin","Number","52006"
"TBQ04C01","Total Units (Number)","20183","2018Q3","2","Outward","IEORK","Cork","Number","16647"
"TBQ04C01","Total Units (Number)","20183","2018Q3","2","Outward","IEWAT","Waterford","Number","2669"
"TBQ04C01","Total Units (Number)","20183","2018Q3","2","Outward","IEFOV","Shannon Foynes","Number",""
"TBQ04C01","Total Units (Number)","20184","2018Q4","-","All directions","IEMIP","All Main Irish Ports","Number","141201"
"TBQ04C01","Total Units (Number)","20184","2018Q4","-","All directions","IEDUB","Dublin","Number","102779"
"TBQ04C01","Total Units (Number)","20184","2018Q4","-","All directions","IEORK","Cork","Number","32815"
"TBQ04C01","Total Units (Number)","20184","2018Q4","-","All directions","IEWAT","Waterford","Number","5607"
"TBQ04C01","Total Units (Number)","20184","2018Q4","-","All directions","IEFOV","Shannon Foynes","Number",""
"TBQ04C01","Total Units (Number)","20184","2018Q4","1","Inward","IEMIP","All Main Irish Ports","Number","71159"
"TBQ04C01","Total Units (Number)","20184","2018Q4","1","Inward","IEDUB","Dublin","Number","51894"
"TBQ04C01","Total Units (Number)","20184","2018Q4","1","Inward","IEORK","Cork","Number","16503"
"TBQ04C01","Total Units (Number)","20184","2018Q4","1","Inward","IEWAT","Waterford","Number","2762"
"TBQ04C01","Total Units (Number)","20184","2018Q4","1","Inward","IEFOV","Shannon Foynes","Number",""
"TBQ04C01","Total Units (Number)","20184","2018Q4","2","Outward","IEMIP","All Main Irish Ports","Number","70042"
"TBQ04C01","Total Units (Number)","20184","2018Q4","2","Outward","IEDUB","Dublin","Number","50885"
"TBQ04C01","Total Units (Number)","20184","2018Q4","2","Outward","IEORK","Cork","Number","16312"
"TBQ04C01","Total Units (Number)","20184","2018Q4","2","Outward","IEWAT","Waterford","Number","2845"
"TBQ04C01","Total Units (Number)","20184","2018Q4","2","Outward","IEFOV","Shannon Foynes","Number",""
"TBQ04C01","Total Units (Number)","20191","2019Q1","-","All directions","IEMIP","All Main Irish Ports","Number","143434"
"TBQ04C01","Total Units (Number)","20191","2019Q1","-","All directions","IEDUB","Dublin","Number","106411"
"TBQ04C01","Total Units (Number)","20191","2019Q1","-","All directions","IEORK","Cork","Number","31846"
"TBQ04C01","Total Units (Number)","20191","2019Q1","-","All directions","IEWAT","Waterford","Number","5177"
"TBQ04C01","Total Units (Number)","20191","2019Q1","-","All directions","IEFOV","Shannon Foynes","Number",""
"TBQ04C01","Total Units (Number)","20191","2019Q1","1","Inward","IEMIP","All Main Irish Ports","Number","73651"
"TBQ04C01","Total Units (Number)","20191","2019Q1","1","Inward","IEDUB","Dublin","Number","55279"
"TBQ04C01","Total Units (Number)","20191","2019Q1","1","Inward","IEORK","Cork","Number","15780"
"TBQ04C01","Total Units (Number)","20191","2019Q1","1","Inward","IEWAT","Waterford","Number","2592"
"TBQ04C01","Total Units (Number)","20191","2019Q1","1","Inward","IEFOV","Shannon Foynes","Number",""
"TBQ04C01","Total Units (Number)","20191","2019Q1","2","Outward","IEMIP","All Main Irish Ports","Number","69783"
"TBQ04C01","Total Units (Number)","20191","2019Q1","2","Outward","IEDUB","Dublin","Number","51132"
"TBQ04C01","Total Units (Number)","20191","2019Q1","2","Outward","IEORK","Cork","Number","16066"
"TBQ04C01","Total Units (Number)","20191","2019Q1","2","Outward","IEWAT","Waterford","Number","2585"
"TBQ04C01","Total Units (Number)","20191","2019Q1","2","Outward","IEFOV","Shannon Foynes","Number",""
"TBQ04C01","Total Units (Number)","20192","2019Q2","-","All directions","IEMIP","All Main Irish Ports","Number","154081"
"TBQ04C01","Total Units (Number)","20192","2019Q2","-","All directions","IEDUB","Dublin","Number","112753"
"TBQ04C01","Total Units (Number)","20192","2019Q2","-","All directions","IEORK","Cork","Number","35487"
"TBQ04C01","Total Units (Number)","20192","2019Q2","-","All directions","IEWAT","Waterford","Number","5841"
"TBQ04C01","Total Units (Number)","20192","2019Q2","-","All directions","IEFOV","Shannon Foynes","Number",""
"TBQ04C01","Total Units (Number)","20192","2019Q2","1","Inward","IEMIP","All Main Irish Ports","Number","77329"
"TBQ04C01","Total Units (Number)","20192","2019Q2","1","Inward","IEDUB","Dublin","Number","56496"
"TBQ04C01","Total Units (Number)","20192","2019Q2","1","Inward","IEORK","Cork","Number","17885"
"TBQ04C01","Total Units (Number)","20192","2019Q2","1","Inward","IEWAT","Waterford","Number","2948"
"TBQ04C01","Total Units (Number)","20192","2019Q2","1","Inward","IEFOV","Shannon Foynes","Number",""
"TBQ04C01","Total Units (Number)","20192","2019Q2","2","Outward","IEMIP","All Main Irish Ports","Number","76752"
"TBQ04C01","Total Units (Number)","20192","2019Q2","2","Outward","IEDUB","Dublin","Number","56257"
"TBQ04C01","Total Units (Number)","20192","2019Q2","2","Outward","IEORK","Cork","Number","17602"
"TBQ04C01","Total Units (Number)","20192","2019Q2","2","Outward","IEWAT","Waterford","Number","2893"
"TBQ04C01","Total Units (Number)","20192","2019Q2","2","Outward","IEFOV","Shannon Foynes","Number",""
"TBQ04C01","Total Units (Number)","20193","2019Q3","-","All directions","IEMIP","All Main Irish Ports","Number","148186"
"TBQ04C01","Total Units (Number)","20193","2019Q3","-","All directions","IEDUB","Dublin","Number","107417"
"TBQ04C01","Total Units (Number)","20193","2019Q3","-","All directions","IEORK","Cork","Number","34237"
"TBQ04C01","Total Units (Number)","20193","2019Q3","-","All directions","IEWAT","Waterford","Number","6532"
"TBQ04C01","Total Units (Number)","20193","2019Q3","-","All directions","IEFOV","Shannon Foynes","Number",""
"TBQ04C01","Total Units (Number)","20193","2019Q3","1","Inward","IEMIP","All Main Irish Ports","Number","74554"
"TBQ04C01","Total Units (Number)","20193","2019Q3","1","Inward","IEDUB","Dublin","Number","54368"
"TBQ04C01","Total Units (Number)","20193","2019Q3","1","Inward","IEORK","Cork","Number","16819"
"TBQ04C01","Total Units (Number)","20193","2019Q3","1","Inward","IEWAT","Waterford","Number","3367"
"TBQ04C01","Total Units (Number)","20193","2019Q3","1","Inward","IEFOV","Shannon Foynes","Number",""
"TBQ04C01","Total Units (Number)","20193","2019Q3","2","Outward","IEMIP","All Main Irish Ports","Number","73632"
"TBQ04C01","Total Units (Number)","20193","2019Q3","2","Outward","IEDUB","Dublin","Number","53049"
"TBQ04C01","Total Units (Number)","20193","2019Q3","2","Outward","IEORK","Cork","Number","17418"
"TBQ04C01","Total Units (Number)","20193","2019Q3","2","Outward","IEWAT","Waterford","Number","3165"
"TBQ04C01","Total Units (Number)","20193","2019Q3","2","Outward","IEFOV","Shannon Foynes","Number",""
"TBQ04C01","Total Units (Number)","20194","2019Q4","-","All directions","IEMIP","All Main Irish Ports","Number","145601"
"TBQ04C01","Total Units (Number)","20194","2019Q4","-","All directions","IEDUB","Dublin","Number","105957"
"TBQ04C01","Total Units (Number)","20194","2019Q4","-","All directions","IEORK","Cork","Number","32986"
"TBQ04C01","Total Units (Number)","20194","2019Q4","-","All directions","IEWAT","Waterford","Number","6658"
"TBQ04C01","Total Units (Number)","20194","2019Q4","-","All directions","IEFOV","Shannon Foynes","Number",""
"TBQ04C01","Total Units (Number)","20194","2019Q4","1","Inward","IEMIP","All Main Irish Ports","Number","72565"
"TBQ04C01","Total Units (Number)","20194","2019Q4","1","Inward","IEDUB","Dublin","Number","52922"
"TBQ04C01","Total Units (Number)","20194","2019Q4","1","Inward","IEORK","Cork","Number","16208"
"TBQ04C01","Total Units (Number)","20194","2019Q4","1","Inward","IEWAT","Waterford","Number","3435"
"TBQ04C01","Total Units (Number)","20194","2019Q4","1","Inward","IEFOV","Shannon Foynes","Number",""
"TBQ04C01","Total Units (Number)","20194","2019Q4","2","Outward","IEMIP","All Main Irish Ports","Number","73036"
"TBQ04C01","Total Units (Number)","20194","2019Q4","2","Outward","IEDUB","Dublin","Number","53035"
"TBQ04C01","Total Units (Number)","20194","2019Q4","2","Outward","IEORK","Cork","Number","16778"
"TBQ04C01","Total Units (Number)","20194","2019Q4","2","Outward","IEWAT","Waterford","Number","3223"
"TBQ04C01","Total Units (Number)","20194","2019Q4","2","Outward","IEFOV","Shannon Foynes","Number",""
"TBQ04C01","Total Units (Number)","20201","2020Q1","-","All directions","IEMIP","All Main Irish Ports","Number","141411"
"TBQ04C01","Total Units (Number)","20201","2020Q1","-","All directions","IEDUB","Dublin","Number","104837"
"TBQ04C01","Total Units (Number)","20201","2020Q1","-","All directions","IEORK","Cork","Number","30226"
"TBQ04C01","Total Units (Number)","20201","2020Q1","-","All directions","IEWAT","Waterford","Number","6348"
"TBQ04C01","Total Units (Number)","20201","2020Q1","-","All directions","IEFOV","Shannon Foynes","Number",""
"TBQ04C01","Total Units (Number)","20201","2020Q1","1","Inward","IEMIP","All Main Irish Ports","Number","73464"
"TBQ04C01","Total Units (Number)","20201","2020Q1","1","Inward","IEDUB","Dublin","Number","54657"
"TBQ04C01","Total Units (Number)","20201","2020Q1","1","Inward","IEORK","Cork","Number","15530"
"TBQ04C01","Total Units (Number)","20201","2020Q1","1","Inward","IEWAT","Waterford","Number","3277"
"TBQ04C01","Total Units (Number)","20201","2020Q1","1","Inward","IEFOV","Shannon Foynes","Number",""
"TBQ04C01","Total Units (Number)","20201","2020Q1","2","Outward","IEMIP","All Main Irish Ports","Number","67947"
"TBQ04C01","Total Units (Number)","20201","2020Q1","2","Outward","IEDUB","Dublin","Number","50180"
"TBQ04C01","Total Units (Number)","20201","2020Q1","2","Outward","IEORK","Cork","Number","14696"
"TBQ04C01","Total Units (Number)","20201","2020Q1","2","Outward","IEWAT","Waterford","Number","3071"
"TBQ04C01","Total Units (Number)","20201","2020Q1","2","Outward","IEFOV","Shannon Foynes","Number",""
"TBQ04C01","Total Units (Number)","20202","2020Q2","-","All directions","IEMIP","All Main Irish Ports","Number","138071"
"TBQ04C01","Total Units (Number)","20202","2020Q2","-","All directions","IEDUB","Dublin","Number","95988"
"TBQ04C01","Total Units (Number)","20202","2020Q2","-","All directions","IEORK","Cork","Number","36033"
"TBQ04C01","Total Units (Number)","20202","2020Q2","-","All directions","IEWAT","Waterford","Number","6050"
"TBQ04C01","Total Units (Number)","20202","2020Q2","-","All directions","IEFOV","Shannon Foynes","Number",""
"TBQ04C01","Total Units (Number)","20202","2020Q2","1","Inward","IEMIP","All Main Irish Ports","Number","69008"
"TBQ04C01","Total Units (Number)","20202","2020Q2","1","Inward","IEDUB","Dublin","Number","48290"
"TBQ04C01","Total Units (Number)","20202","2020Q2","1","Inward","IEORK","Cork","Number","17648"
"TBQ04C01","Total Units (Number)","20202","2020Q2","1","Inward","IEWAT","Waterford","Number","3070"
"TBQ04C01","Total Units (Number)","20202","2020Q2","1","Inward","IEFOV","Shannon Foynes","Number",""
"TBQ04C01","Total Units (Number)","20202","2020Q2","2","Outward","IEMIP","All Main Irish Ports","Number","69063"
"TBQ04C01","Total Units (Number)","20202","2020Q2","2","Outward","IEDUB","Dublin","Number","47698"
"TBQ04C01","Total Units (Number)","20202","2020Q2","2","Outward","IEORK","Cork","Number","18385"
"TBQ04C01","Total Units (Number)","20202","2020Q2","2","Outward","IEWAT","Waterford","Number","2980"
"TBQ04C01","Total Units (Number)","20202","2020Q2","2","Outward","IEFOV","Shannon Foynes","Number",""
"TBQ04C01","Total Units (Number)","20203","2020Q3","-","All directions","IEMIP","All Main Irish Ports","Number","152021"
"TBQ04C01","Total Units (Number)","20203","2020Q3","-","All directions","IEDUB","Dublin","Number","108288"
"TBQ04C01","Total Units (Number)","20203","2020Q3","-","All directions","IEORK","Cork","Number","36554"
"TBQ04C01","Total Units (Number)","20203","2020Q3","-","All directions","IEWAT","Waterford","Number","7179"
"TBQ04C01","Total Units (Number)","20203","2020Q3","-","All directions","IEFOV","Shannon Foynes","Number",""
"TBQ04C01","Total Units (Number)","20203","2020Q3","1","Inward","IEMIP","All Main Irish Ports","Number","78730"
"TBQ04C01","Total Units (Number)","20203","2020Q3","1","Inward","IEDUB","Dublin","Number","56581"
"TBQ04C01","Total Units (Number)","20203","2020Q3","1","Inward","IEORK","Cork","Number","18377"
"TBQ04C01","Total Units (Number)","20203","2020Q3","1","Inward","IEWAT","Waterford","Number","3772"
"TBQ04C01","Total Units (Number)","20203","2020Q3","1","Inward","IEFOV","Shannon Foynes","Number",""
"TBQ04C01","Total Units (Number)","20203","2020Q3","2","Outward","IEMIP","All Main Irish Ports","Number","73291"
"TBQ04C01","Total Units (Number)","20203","2020Q3","2","Outward","IEDUB","Dublin","Number","51707"
"TBQ04C01","Total Units (Number)","20203","2020Q3","2","Outward","IEORK","Cork","Number","18177"
"TBQ04C01","Total Units (Number)","20203","2020Q3","2","Outward","IEWAT","Waterford","Number","3407"
"TBQ04C01","Total Units (Number)","20203","2020Q3","2","Outward","IEFOV","Shannon Foynes","Number",""
"TBQ04C01","Total Units (Number)","20204","2020Q4","-","All directions","IEMIP","All Main Irish Ports","Number","156217"
"TBQ04C01","Total Units (Number)","20204","2020Q4","-","All directions","IEDUB","Dublin","Number","114676"
"TBQ04C01","Total Units (Number)","20204","2020Q4","-","All directions","IEORK","Cork","Number","36122"
"TBQ04C01","Total Units (Number)","20204","2020Q4","-","All directions","IEWAT","Waterford","Number","5419"
"TBQ04C01","Total Units (Number)","20204","2020Q4","-","All directions","IEFOV","Shannon Foynes","Number",""
"TBQ04C01","Total Units (Number)","20204","2020Q4","1","Inward","IEMIP","All Main Irish Ports","Number","78727"
"TBQ04C01","Total Units (Number)","20204","2020Q4","1","Inward","IEDUB","Dublin","Number","58618"
"TBQ04C01","Total Units (Number)","20204","2020Q4","1","Inward","IEORK","Cork","Number","17549"
"TBQ04C01","Total Units (Number)","20204","2020Q4","1","Inward","IEWAT","Waterford","Number","2560"
"TBQ04C01","Total Units (Number)","20204","2020Q4","1","Inward","IEFOV","Shannon Foynes","Number",""
"TBQ04C01","Total Units (Number)","20204","2020Q4","2","Outward","IEMIP","All Main Irish Ports","Number","77490"
"TBQ04C01","Total Units (Number)","20204","2020Q4","2","Outward","IEDUB","Dublin","Number","56058"
"TBQ04C01","Total Units (Number)","20204","2020Q4","2","Outward","IEORK","Cork","Number","18573"
"TBQ04C01","Total Units (Number)","20204","2020Q4","2","Outward","IEWAT","Waterford","Number","2859"
"TBQ04C01","Total Units (Number)","20204","2020Q4","2","Outward","IEFOV","Shannon Foynes","Number",""
"TBQ04C01","Total Units (Number)","20211","2021Q1","-","All directions","IEMIP","All Main Irish Ports","Number","155628"
"TBQ04C01","Total Units (Number)","20211","2021Q1","-","All directions","IEDUB","Dublin","Number","114846"
"TBQ04C01","Total Units (Number)","20211","2021Q1","-","All directions","IEORK","Cork","Number","34866"
"TBQ04C01","Total Units (Number)","20211","2021Q1","-","All directions","IEWAT","Waterford","Number","5916"
"TBQ04C01","Total Units (Number)","20211","2021Q1","-","All directions","IEFOV","Shannon Foynes","Number",""
"TBQ04C01","Total Units (Number)","20211","2021Q1","1","Inward","IEMIP","All Main Irish Ports","Number","80274"
"TBQ04C01","Total Units (Number)","20211","2021Q1","1","Inward","IEDUB","Dublin","Number","59990"
"TBQ04C01","Total Units (Number)","20211","2021Q1","1","Inward","IEORK","Cork","Number","17314"
"TBQ04C01","Total Units (Number)","20211","2021Q1","1","Inward","IEWAT","Waterford","Number","2970"
"TBQ04C01","Total Units (Number)","20211","2021Q1","1","Inward","IEFOV","Shannon Foynes","Number",""
"TBQ04C01","Total Units (Number)","20211","2021Q1","2","Outward","IEMIP","All Main Irish Ports","Number","75354"
"TBQ04C01","Total Units (Number)","20211","2021Q1","2","Outward","IEDUB","Dublin","Number","54856"
"TBQ04C01","Total Units (Number)","20211","2021Q1","2","Outward","IEORK","Cork","Number","17552"
"TBQ04C01","Total Units (Number)","20211","2021Q1","2","Outward","IEWAT","Waterford","Number","2946"
"TBQ04C01","Total Units (Number)","20211","2021Q1","2","Outward","IEFOV","Shannon Foynes","Number",""
"TBQ04C01","Total Units (Number)","20212","2021Q2","-","All directions","IEMIP","All Main Irish Ports","Number","168153"
"TBQ04C01","Total Units (Number)","20212","2021Q2","-","All directions","IEDUB","Dublin","Number","120919"
"TBQ04C01","Total Units (Number)","20212","2021Q2","-","All directions","IEORK","Cork","Number","41167"
"TBQ04C01","Total Units (Number)","20212","2021Q2","-","All directions","IEWAT","Waterford","Number","6067"
"TBQ04C01","Total Units (Number)","20212","2021Q2","-","All directions","IEFOV","Shannon Foynes","Number",""
"TBQ04C01","Total Units (Number)","20212","2021Q2","1","Inward","IEMIP","All Main Irish Ports","Number","84666"
"TBQ04C01","Total Units (Number)","20212","2021Q2","1","Inward","IEDUB","Dublin","Number","61476"
"TBQ04C01","Total Units (Number)","20212","2021Q2","1","Inward","IEORK","Cork","Number","20191"
"TBQ04C01","Total Units (Number)","20212","2021Q2","1","Inward","IEWAT","Waterford","Number","2999"
"TBQ04C01","Total Units (Number)","20212","2021Q2","1","Inward","IEFOV","Shannon Foynes","Number",""
"TBQ04C01","Total Units (Number)","20212","2021Q2","2","Outward","IEMIP","All Main Irish Ports","Number","83487"
"TBQ04C01","Total Units (Number)","20212","2021Q2","2","Outward","IEDUB","Dublin","Number","59443"
"TBQ04C01","Total Units (Number)","20212","2021Q2","2","Outward","IEORK","Cork","Number","20976"
"TBQ04C01","Total Units (Number)","20212","2021Q2","2","Outward","IEWAT","Waterford","Number","3068"
"TBQ04C01","Total Units (Number)","20212","2021Q2","2","Outward","IEFOV","Shannon Foynes","Number",""
"TBQ04C01","Total Units (Number)","20213","2021Q3","-","All directions","IEMIP","All Main Irish Ports","Number","166228"
"TBQ04C01","Total Units (Number)","20213","2021Q3","-","All directions","IEDUB","Dublin","Number","118350"
"TBQ04C01","Total Units (Number)","20213","2021Q3","-","All directions","IEORK","Cork","Number","41613"
"TBQ04C01","Total Units (Number)","20213","2021Q3","-","All directions","IEWAT","Waterford","Number","6265"
"TBQ04C01","Total Units (Number)","20213","2021Q3","-","All directions","IEFOV","Shannon Foynes","Number",""
"TBQ04C01","Total Units (Number)","20213","2021Q3","1","Inward","IEMIP","All Main Irish Ports","Number","84499"
"TBQ04C01","Total Units (Number)","20213","2021Q3","1","Inward","IEDUB","Dublin","Number","60583"
"TBQ04C01","Total Units (Number)","20213","2021Q3","1","Inward","IEORK","Cork","Number","20807"
"TBQ04C01","Total Units (Number)","20213","2021Q3","1","Inward","IEWAT","Waterford","Number","3109"
"TBQ04C01","Total Units (Number)","20213","2021Q3","1","Inward","IEFOV","Shannon Foynes","Number",""
"TBQ04C01","Total Units (Number)","20213","2021Q3","2","Outward","IEMIP","All Main Irish Ports","Number","81729"
"TBQ04C01","Total Units (Number)","20213","2021Q3","2","Outward","IEDUB","Dublin","Number","57767"
"TBQ04C01","Total Units (Number)","20213","2021Q3","2","Outward","IEORK","Cork","Number","20806"
"TBQ04C01","Total Units (Number)","20213","2021Q3","2","Outward","IEWAT","Waterford","Number","3156"
"TBQ04C01","Total Units (Number)","20213","2021Q3","2","Outward","IEFOV","Shannon Foynes","Number",""
"TBQ04C01","Total Units (Number)","20214","2021Q4","-","All directions","IEMIP","All Main Irish Ports","Number","157627"
"TBQ04C01","Total Units (Number)","20214","2021Q4","-","All directions","IEDUB","Dublin","Number","113508"
"TBQ04C01","Total Units (Number)","20214","2021Q4","-","All directions","IEORK","Cork","Number","37987"
"TBQ04C01","Total Units (Number)","20214","2021Q4","-","All directions","IEWAT","Waterford","Number","6132"
"TBQ04C01","Total Units (Number)","20214","2021Q4","-","All directions","IEFOV","Shannon Foynes","Number",""
"TBQ04C01","Total Units (Number)","20214","2021Q4","1","Inward","IEMIP","All Main Irish Ports","Number","81490"
"TBQ04C01","Total Units (Number)","20214","2021Q4","1","Inward","IEDUB","Dublin","Number","59015"
"TBQ04C01","Total Units (Number)","20214","2021Q4","1","Inward","IEORK","Cork","Number","19406"
"TBQ04C01","Total Units (Number)","20214","2021Q4","1","Inward","IEWAT","Waterford","Number","3069"
"TBQ04C01","Total Units (Number)","20214","2021Q4","1","Inward","IEFOV","Shannon Foynes","Number",""
"TBQ04C01","Total Units (Number)","20214","2021Q4","2","Outward","IEMIP","All Main Irish Ports","Number","76137"
"TBQ04C01","Total Units (Number)","20214","2021Q4","2","Outward","IEDUB","Dublin","Number","54493"
"TBQ04C01","Total Units (Number)","20214","2021Q4","2","Outward","IEORK","Cork","Number","18581"
"TBQ04C01","Total Units (Number)","20214","2021Q4","2","Outward","IEWAT","Waterford","Number","3063"
"TBQ04C01","Total Units (Number)","20214","2021Q4","2","Outward","IEFOV","Shannon Foynes","Number",""
"TBQ04C01","Total Units (Number)","20221","2022Q1","-","All directions","IEMIP","All Main Irish Ports","Number","156122"
"TBQ04C01","Total Units (Number)","20221","2022Q1","-","All directions","IEDUB","Dublin","Number","112031"
"TBQ04C01","Total Units (Number)","20221","2022Q1","-","All directions","IEORK","Cork","Number","38516"
"TBQ04C01","Total Units (Number)","20221","2022Q1","-","All directions","IEWAT","Waterford","Number","5575"
"TBQ04C01","Total Units (Number)","20221","2022Q1","-","All directions","IEFOV","Shannon Foynes","Number",""
"TBQ04C01","Total Units (Number)","20221","2022Q1","1","Inward","IEMIP","All Main Irish Ports","Number","79638"
"TBQ04C01","Total Units (Number)","20221","2022Q1","1","Inward","IEDUB","Dublin","Number","57562"
"TBQ04C01","Total Units (Number)","20221","2022Q1","1","Inward","IEORK","Cork","Number","19207"
"TBQ04C01","Total Units (Number)","20221","2022Q1","1","Inward","IEWAT","Waterford","Number","2869"
"TBQ04C01","Total Units (Number)","20221","2022Q1","1","Inward","IEFOV","Shannon Foynes","Number",""
"TBQ04C01","Total Units (Number)","20221","2022Q1","2","Outward","IEMIP","All Main Irish Ports","Number","76484"
"TBQ04C01","Total Units (Number)","20221","2022Q1","2","Outward","IEDUB","Dublin","Number","54469"
"TBQ04C01","Total Units (Number)","20221","2022Q1","2","Outward","IEORK","Cork","Number","19309"
"TBQ04C01","Total Units (Number)","20221","2022Q1","2","Outward","IEWAT","Waterford","Number","2706"
"TBQ04C01","Total Units (Number)","20221","2022Q1","2","Outward","IEFOV","Shannon Foynes","Number",""
"TBQ04C01","Total Units (Number)","20222","2022Q2","-","All directions","IEMIP","All Main Irish Ports","Number","171752"
"TBQ04C01","Total Units (Number)","20222","2022Q2","-","All directions","IEDUB","Dublin","Number","124062"
"TBQ04C01","Total Units (Number)","20222","2022Q2","-","All directions","IEORK","Cork","Number","41030"
"TBQ04C01","Total Units (Number)","20222","2022Q2","-","All directions","IEWAT","Waterford","Number","6660"
"TBQ04C01","Total Units (Number)","20222","2022Q2","-","All directions","IEFOV","Shannon Foynes","Number",""
"TBQ04C01","Total Units (Number)","20222","2022Q2","1","Inward","IEMIP","All Main Irish Ports","Number","85402"
"TBQ04C01","Total Units (Number)","20222","2022Q2","1","Inward","IEDUB","Dublin","Number","61880"
"TBQ04C01","Total Units (Number)","20222","2022Q2","1","Inward","IEORK","Cork","Number","20313"
"TBQ04C01","Total Units (Number)","20222","2022Q2","1","Inward","IEWAT","Waterford","Number","3209"
"TBQ04C01","Total Units (Number)","20222","2022Q2","1","Inward","IEFOV","Shannon Foynes","Number",""
"TBQ04C01","Total Units (Number)","20222","2022Q2","2","Outward","IEMIP","All Main Irish Ports","Number","86350"
"TBQ04C01","Total Units (Number)","20222","2022Q2","2","Outward","IEDUB","Dublin","Number","62182"
"TBQ04C01","Total Units (Number)","20222","2022Q2","2","Outward","IEORK","Cork","Number","20717"
"TBQ04C01","Total Units (Number)","20222","2022Q2","2","Outward","IEWAT","Waterford","Number","3451"
"TBQ04C01","Total Units (Number)","20222","2022Q2","2","Outward","IEFOV","Shannon Foynes","Number",""
"TBQ04C01","Total Units (Number)","20223","2022Q3","-","All directions","IEMIP","All Main Irish Ports","Number","161300"
"TBQ04C01","Total Units (Number)","20223","2022Q3","-","All directions","IEDUB","Dublin","Number","115760"
"TBQ04C01","Total Units (Number)","20223","2022Q3","-","All directions","IEORK","Cork","Number","39548"
"TBQ04C01","Total Units (Number)","20223","2022Q3","-","All directions","IEWAT","Waterford","Number","5992"
"TBQ04C01","Total Units (Number)","20223","2022Q3","-","All directions","IEFOV","Shannon Foynes","Number",""
"TBQ04C01","Total Units (Number)","20223","2022Q3","1","Inward","IEMIP","All Main Irish Ports","Number","81484"
"TBQ04C01","Total Units (Number)","20223","2022Q3","1","Inward","IEDUB","Dublin","Number","58724"
"TBQ04C01","Total Units (Number)","20223","2022Q3","1","Inward","IEORK","Cork","Number","19824"
"TBQ04C01","Total Units (Number)","20223","2022Q3","1","Inward","IEWAT","Waterford","Number","2936"
"TBQ04C01","Total Units (Number)","20223","2022Q3","1","Inward","IEFOV","Shannon Foynes","Number",""
"TBQ04C01","Total Units (Number)","20223","2022Q3","2","Outward","IEMIP","All Main Irish Ports","Number","79816"
"TBQ04C01","Total Units (Number)","20223","2022Q3","2","Outward","IEDUB","Dublin","Number","57036"
"TBQ04C01","Total Units (Number)","20223","2022Q3","2","Outward","IEORK","Cork","Number","19724"
"TBQ04C01","Total Units (Number)","20223","2022Q3","2","Outward","IEWAT","Waterford","Number","3056"
"TBQ04C01","Total Units (Number)","20223","2022Q3","2","Outward","IEFOV","Shannon Foynes","Number",""
"TBQ04C01","Total Units (Number)","20224","2022Q4","-","All directions","IEMIP","All Main Irish Ports","Number","145593"
"TBQ04C01","Total Units (Number)","20224","2022Q4","-","All directions","IEDUB","Dublin","Number","103874"
"TBQ04C01","Total Units (Number)","20224","2022Q4","-","All directions","IEORK","Cork","Number","35959"
"TBQ04C01","Total Units (Number)","20224","2022Q4","-","All directions","IEWAT","Waterford","Number","5760"
"TBQ04C01","Total Units (Number)","20224","2022Q4","-","All directions","IEFOV","Shannon Foynes","Number",""
"TBQ04C01","Total Units (Number)","20224","2022Q4","1","Inward","IEMIP","All Main Irish Ports","Number","72669"
"TBQ04C01","Total Units (Number)","20224","2022Q4","1","Inward","IEDUB","Dublin","Number","51987"
"TBQ04C01","Total Units (Number)","20224","2022Q4","1","Inward","IEORK","Cork","Number","17808"
"TBQ04C01","Total Units (Number)","20224","2022Q4","1","Inward","IEWAT","Waterford","Number","2874"
"TBQ04C01","Total Units (Number)","20224","2022Q4","1","Inward","IEFOV","Shannon Foynes","Number",""
"TBQ04C01","Total Units (Number)","20224","2022Q4","2","Outward","IEMIP","All Main Irish Ports","Number","72924"
"TBQ04C01","Total Units (Number)","20224","2022Q4","2","Outward","IEDUB","Dublin","Number","51887"
"TBQ04C01","Total Units (Number)","20224","2022Q4","2","Outward","IEORK","Cork","Number","18151"
"TBQ04C01","Total Units (Number)","20224","2022Q4","2","Outward","IEWAT","Waterford","Number","2886"
"TBQ04C01","Total Units (Number)","20224","2022Q4","2","Outward","IEFOV","Shannon Foynes","Number",""
"TBQ04C01","Total Units (Number)","20231","2023Q1","-","All directions","IEMIP","All Main Irish Ports","Number","145026"
"TBQ04C01","Total Units (Number)","20231","2023Q1","-","All directions","IEDUB","Dublin","Number","105860"
"TBQ04C01","Total Units (Number)","20231","2023Q1","-","All directions","IEORK","Cork","Number","35113"
"TBQ04C01","Total Units (Number)","20231","2023Q1","-","All directions","IEWAT","Waterford","Number","4053"
"TBQ04C01","Total Units (Number)","20231","2023Q1","-","All directions","IEFOV","Shannon Foynes","Number",""
"TBQ04C01","Total Units (Number)","20231","2023Q1","1","Inward","IEMIP","All Main Irish Ports","Number","73535"
"TBQ04C01","Total Units (Number)","20231","2023Q1","1","Inward","IEDUB","Dublin","Number","53662"
"TBQ04C01","Total Units (Number)","20231","2023Q1","1","Inward","IEORK","Cork","Number","17876"
"TBQ04C01","Total Units (Number)","20231","2023Q1","1","Inward","IEWAT","Waterford","Number","1997"
"TBQ04C01","Total Units (Number)","20231","2023Q1","1","Inward","IEFOV","Shannon Foynes","Number",""
"TBQ04C01","Total Units (Number)","20231","2023Q1","2","Outward","IEMIP","All Main Irish Ports","Number","71491"
"TBQ04C01","Total Units (Number)","20231","2023Q1","2","Outward","IEDUB","Dublin","Number","52198"
"TBQ04C01","Total Units (Number)","20231","2023Q1","2","Outward","IEORK","Cork","Number","17237"
"TBQ04C01","Total Units (Number)","20231","2023Q1","2","Outward","IEWAT","Waterford","Number","2056"
"TBQ04C01","Total Units (Number)","20231","2023Q1","2","Outward","IEFOV","Shannon Foynes","Number",""
"TBQ04C01","Total Units (Number)","20232","2023Q2","-","All directions","IEMIP","All Main Irish Ports","Number","152295"
"TBQ04C01","Total Units (Number)","20232","2023Q2","-","All directions","IEDUB","Dublin","Number","109788"
"TBQ04C01","Total Units (Number)","20232","2023Q2","-","All directions","IEORK","Cork","Number","37299"
"TBQ04C01","Total Units (Number)","20232","2023Q2","-","All directions","IEWAT","Waterford","Number","5208"
"TBQ04C01","Total Units (Number)","20232","2023Q2","-","All directions","IEFOV","Shannon Foynes","Number",""
"TBQ04C01","Total Units (Number)","20232","2023Q2","1","Inward","IEMIP","All Main Irish Ports","Number","78373"
"TBQ04C01","Total Units (Number)","20232","2023Q2","1","Inward","IEDUB","Dublin","Number","57534"
"TBQ04C01","Total Units (Number)","20232","2023Q2","1","Inward","IEORK","Cork","Number","18327"
"TBQ04C01","Total Units (Number)","20232","2023Q2","1","Inward","IEWAT","Waterford","Number","2512"
"TBQ04C01","Total Units (Number)","20232","2023Q2","1","Inward","IEFOV","Shannon Foynes","Number",""
"TBQ04C01","Total Units (Number)","20232","2023Q2","2","Outward","IEMIP","All Main Irish Ports","Number","73922"
"TBQ04C01","Total Units (Number)","20232","2023Q2","2","Outward","IEDUB","Dublin","Number","52254"
"TBQ04C01","Total Units (Number)","20232","2023Q2","2","Outward","IEORK","Cork","Number","18972"
"TBQ04C01","Total Units (Number)","20232","2023Q2","2","Outward","IEWAT","Waterford","Number","2696"
"TBQ04C01","Total Units (Number)","20232","2023Q2","2","Outward","IEFOV","Shannon Foynes","Number",""
"TBQ04C01","Total Units (Number)","20233","2023Q3","-","All directions","IEMIP","All Main Irish Ports","Number","154081"
"TBQ04C01","Total Units (Number)","20233","2023Q3","-","All directions","IEDUB","Dublin","Number","113095"
"TBQ04C01","Total Units (Number)","20233","2023Q3","-","All directions","IEORK","Cork","Number","36233"
"TBQ04C01","Total Units (Number)","20233","2023Q3","-","All directions","IEWAT","Waterford","Number","4753"
"TBQ04C01","Total Units (Number)","20233","2023Q3","-","All directions","IEFOV","Shannon Foynes","Number",""
"TBQ04C01","Total Units (Number)","20233","2023Q3","1","Inward","IEMIP","All Main Irish Ports","Number","78632"
"TBQ04C01","Total Units (Number)","20233","2023Q3","1","Inward","IEDUB","Dublin","Number","58135"
"TBQ04C01","Total Units (Number)","20233","2023Q3","1","Inward","IEORK","Cork","Number","18163"
"TBQ04C01","Total Units (Number)","20233","2023Q3","1","Inward","IEWAT","Waterford","Number","2334"
"TBQ04C01","Total Units (Number)","20233","2023Q3","1","Inward","IEFOV","Shannon Foynes","Number",""
"TBQ04C01","Total Units (Number)","20233","2023Q3","2","Outward","IEMIP","All Main Irish Ports","Number","75449"
"TBQ04C01","Total Units (Number)","20233","2023Q3","2","Outward","IEDUB","Dublin","Number","54960"
"TBQ04C01","Total Units (Number)","20233","2023Q3","2","Outward","IEORK","Cork","Number","18070"
"TBQ04C01","Total Units (Number)","20233","2023Q3","2","Outward","IEWAT","Waterford","Number","2419"
"TBQ04C01","Total Units (Number)","20233","2023Q3","2","Outward","IEFOV","Shannon Foynes","Number",""
"TBQ04C01","Total Units (Number)","20234","2023Q4","-","All directions","IEMIP","All Main Irish Ports","Number","153857"
"TBQ04C01","Total Units (Number)","20234","2023Q4","-","All directions","IEDUB","Dublin","Number","112914"
"TBQ04C01","Total Units (Number)","20234","2023Q4","-","All directions","IEORK","Cork","Number","36800"
"TBQ04C01","Total Units (Number)","20234","2023Q4","-","All directions","IEWAT","Waterford","Number","4143"
"TBQ04C01","Total Units (Number)","20234","2023Q4","-","All directions","IEFOV","Shannon Foynes","Number",""
"TBQ04C01","Total Units (Number)","20234","2023Q4","1","Inward","IEMIP","All Main Irish Ports","Number","78122"
"TBQ04C01","Total Units (Number)","20234","2023Q4","1","Inward","IEDUB","Dublin","Number","57835"
"TBQ04C01","Total Units (Number)","20234","2023Q4","1","Inward","IEORK","Cork","Number","18206"
"TBQ04C01","Total Units (Number)","20234","2023Q4","1","Inward","IEWAT","Waterford","Number","2081"
"TBQ04C01","Total Units (Number)","20234","2023Q4","1","Inward","IEFOV","Shannon Foynes","Number",""
"TBQ04C01","Total Units (Number)","20234","2023Q4","2","Outward","IEMIP","All Main Irish Ports","Number","75735"
"TBQ04C01","Total Units (Number)","20234","2023Q4","2","Outward","IEDUB","Dublin","Number","55079"
"TBQ04C01","Total Units (Number)","20234","2023Q4","2","Outward","IEORK","Cork","Number","18594"
"TBQ04C01","Total Units (Number)","20234","2023Q4","2","Outward","IEWAT","Waterford","Number","2062"
"TBQ04C01","Total Units (Number)","20234","2023Q4","2","Outward","IEFOV","Shannon Foynes","Number",""
"TBQ04C01","Total Units (Number)","20241","2024Q1","-","All directions","IEMIP","All Main Irish Ports","Number","153177"
"TBQ04C01","Total Units (Number)","20241","2024Q1","-","All directions","IEDUB","Dublin","Number","112492"
"TBQ04C01","Total Units (Number)","20241","2024Q1","-","All directions","IEORK","Cork","Number","36813"
"TBQ04C01","Total Units (Number)","20241","2024Q1","-","All directions","IEWAT","Waterford","Number","3872"
"TBQ04C01","Total Units (Number)","20241","2024Q1","-","All directions","IEFOV","Shannon Foynes","Number",""
"TBQ04C01","Total Units (Number)","20241","2024Q1","1","Inward","IEMIP","All Main Irish Ports","Number","77673"
"TBQ04C01","Total Units (Number)","20241","2024Q1","1","Inward","IEDUB","Dublin","Number","57373"
"TBQ04C01","Total Units (Number)","20241","2024Q1","1","Inward","IEORK","Cork","Number","18370"
"TBQ04C01","Total Units (Number)","20241","2024Q1","1","Inward","IEWAT","Waterford","Number","1930"
"TBQ04C01","Total Units (Number)","20241","2024Q1","1","Inward","IEFOV","Shannon Foynes","Number",""
"TBQ04C01","Total Units (Number)","20241","2024Q1","2","Outward","IEMIP","All Main Irish Ports","Number","75504"
"TBQ04C01","Total Units (Number)","20241","2024Q1","2","Outward","IEDUB","Dublin","Number","55119"
"TBQ04C01","Total Units (Number)","20241","2024Q1","2","Outward","IEORK","Cork","Number","18443"
"TBQ04C01","Total Units (Number)","20241","2024Q1","2","Outward","IEWAT","Waterford","Number","1942"
"TBQ04C01","Total Units (Number)","20241","2024Q1","2","Outward","IEFOV","Shannon Foynes","Number",""
"TBQ04C01","Total Units (Number)","20242","2024Q2","-","All directions","IEMIP","All Main Irish Ports","Number","166869"
"TBQ04C01","Total Units (Number)","20242","2024Q2","-","All directions","IEDUB","Dublin","Number","122491"
"TBQ04C01","Total Units (Number)","20242","2024Q2","-","All directions","IEORK","Cork","Number","38369"
"TBQ04C01","Total Units (Number)","20242","2024Q2","-","All directions","IEWAT","Waterford","Number","6009"
"TBQ04C01","Total Units (Number)","20242","2024Q2","-","All directions","IEFOV","Shannon Foynes","Number",""
"TBQ04C01","Total Units (Number)","20242","2024Q2","1","Inward","IEMIP","All Main Irish Ports","Number","83335"
"TBQ04C01","Total Units (Number)","20242","2024Q2","1","Inward","IEDUB","Dublin","Number","61635"
"TBQ04C01","Total Units (Number)","20242","2024Q2","1","Inward","IEORK","Cork","Number","18750"
"TBQ04C01","Total Units (Number)","20242","2024Q2","1","Inward","IEWAT","Waterford","Number","2950"
"TBQ04C01","Total Units (Number)","20242","2024Q2","1","Inward","IEFOV","Shannon Foynes","Number",""
"TBQ04C01","Total Units (Number)","20242","2024Q2","2","Outward","IEMIP","All Main Irish Ports","Number","83534"
"TBQ04C01","Total Units (Number)","20242","2024Q2","2","Outward","IEDUB","Dublin","Number","60856"
"TBQ04C01","Total Units (Number)","20242","2024Q2","2","Outward","IEORK","Cork","Number","19619"
"TBQ04C01","Total Units (Number)","20242","2024Q2","2","Outward","IEWAT","Waterford","Number","3059"
"TBQ04C01","Total Units (Number)","20242","2024Q2","2","Outward","IEFOV","Shannon Foynes","Number",""
"TBQ04C01","Total Units (Number)","20243","2024Q3","-","All directions","IEMIP","All Main Irish Ports","Number","174962"
"TBQ04C01","Total Units (Number)","20243","2024Q3","-","All directions","IEDUB","Dublin","Number","129014"
"TBQ04C01","Total Units (Number)","20243","2024Q3","-","All directions","IEORK","Cork","Number","39718"
"TBQ04C01","Total Units (Number)","20243","2024Q3","-","All directions","IEWAT","Waterford","Number","6230"
"TBQ04C01","Total Units (Number)","20243","2024Q3","-","All directions","IEFOV","Shannon Foynes","Number",""
"TBQ04C01","Total Units (Number)","20243","2024Q3","1","Inward","IEMIP","All Main Irish Ports","Number","89511"
"TBQ04C01","Total Units (Number)","20243","2024Q3","1","Inward","IEDUB","Dublin","Number","66095"
"TBQ04C01","Total Units (Number)","20243","2024Q3","1","Inward","IEORK","Cork","Number","20329"
"TBQ04C01","Total Units (Number)","20243","2024Q3","1","Inward","IEWAT","Waterford","Number","3087"
"TBQ04C01","Total Units (Number)","20243","2024Q3","1","Inward","IEFOV","Shannon Foynes","Number",""
"TBQ04C01","Total Units (Number)","20243","2024Q3","2","Outward","IEMIP","All Main Irish Ports","Number","85451"
"TBQ04C01","Total Units (Number)","20243","2024Q3","2","Outward","IEDUB","Dublin","Number","62919"
"TBQ04C01","Total Units (Number)","20243","2024Q3","2","Outward","IEORK","Cork","Number","19389"
"TBQ04C01","Total Units (Number)","20243","2024Q3","2","Outward","IEWAT","Waterford","Number","3143"
"TBQ04C01","Total Units (Number)","20243","2024Q3","2","Outward","IEFOV","Shannon Foynes","Number",""
"TBQ04C01","Total Units (Number)","20244","2024Q4","-","All directions","IEMIP","All Main Irish Ports","Number","168737"
"TBQ04C01","Total Units (Number)","20244","2024Q4","-","All directions","IEDUB","Dublin","Number","125012"
"TBQ04C01","Total Units (Number)","20244","2024Q4","-","All directions","IEORK","Cork","Number","37845"
"TBQ04C01","Total Units (Number)","20244","2024Q4","-","All directions","IEWAT","Waterford","Number","5880"
"TBQ04C01","Total Units (Number)","20244","2024Q4","-","All directions","IEFOV","Shannon Foynes","Number",""
"TBQ04C01","Total Units (Number)","20244","2024Q4","1","Inward","IEMIP","All Main Irish Ports","Number","85331"
"TBQ04C01","Total Units (Number)","20244","2024Q4","1","Inward","IEDUB","Dublin","Number","63859"
"TBQ04C01","Total Units (Number)","20244","2024Q4","1","Inward","IEORK","Cork","Number","18604"
"TBQ04C01","Total Units (Number)","20244","2024Q4","1","Inward","IEWAT","Waterford","Number","2868"
"TBQ04C01","Total Units (Number)","20244","2024Q4","1","Inward","IEFOV","Shannon Foynes","Number",""
"TBQ04C01","Total Units (Number)","20244","2024Q4","2","Outward","IEMIP","All Main Irish Ports","Number","83406"
"TBQ04C01","Total Units (Number)","20244","2024Q4","2","Outward","IEDUB","Dublin","Number","61153"
"TBQ04C01","Total Units (Number)","20244","2024Q4","2","Outward","IEORK","Cork","Number","19241"
"TBQ04C01","Total Units (Number)","20244","2024Q4","2","Outward","IEWAT","Waterford","Number","3012"
"TBQ04C01","Total Units (Number)","20244","2024Q4","2","Outward","IEFOV","Shannon Foynes","Number",""
"TBQ04C01","Total Units (Number)","20251","2025Q1","-","All directions","IEMIP","All Main Irish Ports","Number","169842"
"TBQ04C01","Total Units (Number)","20251","2025Q1","-","All directions","IEDUB","Dublin","Number","124848"
"TBQ04C01","Total Units (Number)","20251","2025Q1","-","All directions","IEORK","Cork","Number","38381"
"TBQ04C01","Total Units (Number)","20251","2025Q1","-","All directions","IEWAT","Waterford","Number","4681"
"TBQ04C01","Total Units (Number)","20251","2025Q1","-","All directions","IEFOV","Shannon Foynes","Number","1932"
"TBQ04C01","Total Units (Number)","20251","2025Q1","1","Inward","IEMIP","All Main Irish Ports","Number","87092"
"TBQ04C01","Total Units (Number)","20251","2025Q1","1","Inward","IEDUB","Dublin","Number","64200"
"TBQ04C01","Total Units (Number)","20251","2025Q1","1","Inward","IEORK","Cork","Number","19586"
"TBQ04C01","Total Units (Number)","20251","2025Q1","1","Inward","IEWAT","Waterford","Number","2376"
"TBQ04C01","Total Units (Number)","20251","2025Q1","1","Inward","IEFOV","Shannon Foynes","Number","930"
"TBQ04C01","Total Units (Number)","20251","2025Q1","2","Outward","IEMIP","All Main Irish Ports","Number","82750"
"TBQ04C01","Total Units (Number)","20251","2025Q1","2","Outward","IEDUB","Dublin","Number","60648"
"TBQ04C01","Total Units (Number)","20251","2025Q1","2","Outward","IEORK","Cork","Number","18795"
"TBQ04C01","Total Units (Number)","20251","2025Q1","2","Outward","IEWAT","Waterford","Number","2305"
"TBQ04C01","Total Units (Number)","20251","2025Q1","2","Outward","IEFOV","Shannon Foynes","Number","1002"
"TBQ04C01","Total Units (Number)","20252","2025Q2","-","All directions","IEMIP","All Main Irish Ports","Number","186285"
"TBQ04C01","Total Units (Number)","20252","2025Q2","-","All directions","IEDUB","Dublin","Number","138080"
"TBQ04C01","Total Units (Number)","20252","2025Q2","-","All directions","IEORK","Cork","Number","41193"
"TBQ04C01","Total Units (Number)","20252","2025Q2","-","All directions","IEWAT","Waterford","Number","6569"
"TBQ04C01","Total Units (Number)","20252","2025Q2","-","All directions","IEFOV","Shannon Foynes","Number","443"
"TBQ04C01","Total Units (Number)","20252","2025Q2","1","Inward","IEMIP","All Main Irish Ports","Number","93799"
"TBQ04C01","Total Units (Number)","20252","2025Q2","1","Inward","IEDUB","Dublin","Number","69141"
"TBQ04C01","Total Units (Number)","20252","2025Q2","1","Inward","IEORK","Cork","Number","21088"
"TBQ04C01","Total Units (Number)","20252","2025Q2","1","Inward","IEWAT","Waterford","Number","3233"
"TBQ04C01","Total Units (Number)","20252","2025Q2","1","Inward","IEFOV","Shannon Foynes","Number","337"
"TBQ04C01","Total Units (Number)","20252","2025Q2","2","Outward","IEMIP","All Main Irish Ports","Number","92486"
"TBQ04C01","Total Units (Number)","20252","2025Q2","2","Outward","IEDUB","Dublin","Number","68939"
"TBQ04C01","Total Units (Number)","20252","2025Q2","2","Outward","IEORK","Cork","Number","20105"
"TBQ04C01","Total Units (Number)","20252","2025Q2","2","Outward","IEWAT","Waterford","Number","3336"
"TBQ04C01","Total Units (Number)","20252","2025Q2","2","Outward","IEFOV","Shannon Foynes","Number","106"
"TBQ04C01","Total Units (Number)","20253","2025Q3","-","All directions","IEMIP","All Main Irish Ports","Number","179879"
"TBQ04C01","Total Units (Number)","20253","2025Q3","-","All directions","IEDUB","Dublin","Number","133450"
"TBQ04C01","Total Units (Number)","20253","2025Q3","-","All directions","IEORK","Cork","Number","39755"
"TBQ04C01","Total Units (Number)","20253","2025Q3","-","All directions","IEWAT","Waterford","Number","6106"
"TBQ04C01","Total Units (Number)","20253","2025Q3","-","All directions","IEFOV","Shannon Foynes","Number","568"
"TBQ04C01","Total Units (Number)","20253","2025Q3","1","Inward","IEMIP","All Main Irish Ports","Number","90758"
"TBQ04C01","Total Units (Number)","20253","2025Q3","1","Inward","IEDUB","Dublin","Number","68389"
"TBQ04C01","Total Units (Number)","20253","2025Q3","1","Inward","IEORK","Cork","Number","19003"
"TBQ04C01","Total Units (Number)","20253","2025Q3","1","Inward","IEWAT","Waterford","Number","3022"
"TBQ04C01","Total Units (Number)","20253","2025Q3","1","Inward","IEFOV","Shannon Foynes","Number","344"
"TBQ04C01","Total Units (Number)","20253","2025Q3","2","Outward","IEMIP","All Main Irish Ports","Number","89121"
"TBQ04C01","Total Units (Number)","20253","2025Q3","2","Outward","IEDUB","Dublin","Number","65061"
"TBQ04C01","Total Units (Number)","20253","2025Q3","2","Outward","IEORK","Cork","Number","20752"
"TBQ04C01","Total Units (Number)","20253","2025Q3","2","Outward","IEWAT","Waterford","Number","3084"
"TBQ04C01","Total Units (Number)","20253","2025Q3","2","Outward","IEFOV","Shannon Foynes","Number","224"
"TBQ04C01","Total Units (Number)","20254","2025Q4","-","All directions","IEMIP","All Main Irish Ports","Number","179064"
"TBQ04C01","Total Units (Number)","20254","2025Q4","-","All directions","IEDUB","Dublin","Number","132683"
"TBQ04C01","Total Units (Number)","20254","2025Q4","-","All directions","IEORK","Cork","Number","40560"
"TBQ04C01","Total Units (Number)","20254","2025Q4","-","All directions","IEWAT","Waterford","Number","5076"
"TBQ04C01","Total Units (Number)","20254","2025Q4","-","All directions","IEFOV","Shannon Foynes","Number","745"
"TBQ04C01","Total Units (Number)","20254","2025Q4","1","Inward","IEMIP","All Main Irish Ports","Number","92108"
"TBQ04C01","Total Units (Number)","20254","2025Q4","1","Inward","IEDUB","Dublin","Number","69065"
"TBQ04C01","Total Units (Number)","20254","2025Q4","1","Inward","IEORK","Cork","Number","20146"
"TBQ04C01","Total Units (Number)","20254","2025Q4","1","Inward","IEWAT","Waterford","Number","2488"
"TBQ04C01","Total Units (Number)","20254","2025Q4","1","Inward","IEFOV","Shannon Foynes","Number","409"
"TBQ04C01","Total Units (Number)","20254","2025Q4","2","Outward","IEMIP","All Main Irish Ports","Number","86956"
"TBQ04C01","Total Units (Number)","20254","2025Q4","2","Outward","IEDUB","Dublin","Number","63618"
"TBQ04C01","Total Units (Number)","20254","2025Q4","2","Outward","IEORK","Cork","Number","20414"
"TBQ04C01","Total Units (Number)","20254","2025Q4","2","Outward","IEWAT","Waterford","Number","2588"
"TBQ04C01","Total Units (Number)","20254","2025Q4","2","Outward","IEFOV","Shannon Foynes","Number","336"
"TBQ04C01","Total Units (Number)","20261","2026Q1","-","All directions","IEMIP","All Main Irish Ports","Number","171887"
"TBQ04C01","Total Units (Number)","20261","2026Q1","-","All directions","IEDUB","Dublin","Number","128876"
"TBQ04C01","Total Units (Number)","20261","2026Q1","-","All directions","IEORK","Cork","Number","38525"
"TBQ04C01","Total Units (Number)","20261","2026Q1","-","All directions","IEWAT","Waterford","Number","4038"
"TBQ04C01","Total Units (Number)","20261","2026Q1","-","All directions","IEFOV","Shannon Foynes","Number","448"
"TBQ04C01","Total Units (Number)","20261","2026Q1","1","Inward","IEMIP","All Main Irish Ports","Number","87248"
"TBQ04C01","Total Units (Number)","20261","2026Q1","1","Inward","IEDUB","Dublin","Number","65932"
"TBQ04C01","Total Units (Number)","20261","2026Q1","1","Inward","IEORK","Cork","Number","19227"
"TBQ04C01","Total Units (Number)","20261","2026Q1","1","Inward","IEWAT","Waterford","Number","2089"
"TBQ04C01","Total Units (Number)","20261","2026Q1","1","Inward","IEFOV","Shannon Foynes","Number",""
"TBQ04C01","Total Units (Number)","20261","2026Q1","2","Outward","IEMIP","All Main Irish Ports","Number","84639"
"TBQ04C01","Total Units (Number)","20261","2026Q1","2","Outward","IEDUB","Dublin","Number","62944"
"TBQ04C01","Total Units (Number)","20261","2026Q1","2","Outward","IEORK","Cork","Number","19298"
"TBQ04C01","Total Units (Number)","20261","2026Q1","2","Outward","IEWAT","Waterford","Number","1949"
"TBQ04C01","Total Units (Number)","20261","2026Q1","2","Outward","IEFOV","Shannon Foynes","Number","448"
"TBQ04C02","Total Units (TEU Twenty-foot Equivalent)","20171","2017Q1","-","All directions","IEMIP","All Main Irish Ports","TEU Twenty-foot Equivalent","224903"
"TBQ04C02","Total Units (TEU Twenty-foot Equivalent)","20171","2017Q1","-","All directions","IEDUB","Dublin","TEU Twenty-foot Equivalent","163056"
"TBQ04C02","Total Units (TEU Twenty-foot Equivalent)","20171","2017Q1","-","All directions","IEORK","Cork","TEU Twenty-foot Equivalent","52196"
"TBQ04C02","Total Units (TEU Twenty-foot Equivalent)","20171","2017Q1","-","All directions","IEWAT","Waterford","TEU Twenty-foot Equivalent","9651"
"TBQ04C02","Total Units (TEU Twenty-foot Equivalent)","20171","2017Q1","-","All directions","IEFOV","Shannon Foynes","TEU Twenty-foot Equivalent",""
"TBQ04C02","Total Units (TEU Twenty-foot Equivalent)","20171","2017Q1","1","Inward","IEMIP","All Main Irish Ports","TEU Twenty-foot Equivalent","112302"
"TBQ04C02","Total Units (TEU Twenty-foot Equivalent)","20171","2017Q1","1","Inward","IEDUB","Dublin","TEU Twenty-foot Equivalent","82020"
"TBQ04C02","Total Units (TEU Twenty-foot Equivalent)","20171","2017Q1","1","Inward","IEORK","Cork","TEU Twenty-foot Equivalent","25505"
"TBQ04C02","Total Units (TEU Twenty-foot Equivalent)","20171","2017Q1","1","Inward","IEWAT","Waterford","TEU Twenty-foot Equivalent","4777"
"TBQ04C02","Total Units (TEU Twenty-foot Equivalent)","20171","2017Q1","1","Inward","IEFOV","Shannon Foynes","TEU Twenty-foot Equivalent",""
"TBQ04C02","Total Units (TEU Twenty-foot Equivalent)","20171","2017Q1","2","Outward","IEMIP","All Main Irish Ports","TEU Twenty-foot Equivalent","112601"
"TBQ04C02","Total Units (TEU Twenty-foot Equivalent)","20171","2017Q1","2","Outward","IEDUB","Dublin","TEU Twenty-foot Equivalent","81036"
"TBQ04C02","Total Units (TEU Twenty-foot Equivalent)","20171","2017Q1","2","Outward","IEORK","Cork","TEU Twenty-foot Equivalent","26691"
"TBQ04C02","Total Units (TEU Twenty-foot Equivalent)","20171","2017Q1","2","Outward","IEWAT","Waterford","TEU Twenty-foot Equivalent","4874"
"TBQ04C02","Total Units (TEU Twenty-foot Equivalent)","20171","2017Q1","2","Outward","IEFOV","Shannon Foynes","TEU Twenty-foot Equivalent",""
"TBQ04C02","Total Units (TEU Twenty-foot Equivalent)","20172","2017Q2","-","All directions","IEMIP","All Main Irish Ports","TEU Twenty-foot Equivalent","240707"
"TBQ04C02","Total Units (TEU Twenty-foot Equivalent)","20172","2017Q2","-","All directions","IEDUB","Dublin","TEU Twenty-foot Equivalent","172284"
"TBQ04C02","Total Units (TEU Twenty-foot Equivalent)","20172","2017Q2","-","All directions","IEORK","Cork","TEU Twenty-foot Equivalent","56958"
"TBQ04C02","Total Units (TEU Twenty-foot Equivalent)","20172","2017Q2","-","All directions","IEWAT","Waterford","TEU Twenty-foot Equivalent","11466"
"TBQ04C02","Total Units (TEU Twenty-foot Equivalent)","20172","2017Q2","-","All directions","IEFOV","Shannon Foynes","TEU Twenty-foot Equivalent",""
"TBQ04C02","Total Units (TEU Twenty-foot Equivalent)","20172","2017Q2","1","Inward","IEMIP","All Main Irish Ports","TEU Twenty-foot Equivalent","119329"
"TBQ04C02","Total Units (TEU Twenty-foot Equivalent)","20172","2017Q2","1","Inward","IEDUB","Dublin","TEU Twenty-foot Equivalent","85286"
"TBQ04C02","Total Units (TEU Twenty-foot Equivalent)","20172","2017Q2","1","Inward","IEORK","Cork","TEU Twenty-foot Equivalent","28276"
"TBQ04C02","Total Units (TEU Twenty-foot Equivalent)","20172","2017Q2","1","Inward","IEWAT","Waterford","TEU Twenty-foot Equivalent","5767"
"TBQ04C02","Total Units (TEU Twenty-foot Equivalent)","20172","2017Q2","1","Inward","IEFOV","Shannon Foynes","TEU Twenty-foot Equivalent",""
"TBQ04C02","Total Units (TEU Twenty-foot Equivalent)","20172","2017Q2","2","Outward","IEMIP","All Main Irish Ports","TEU Twenty-foot Equivalent","121379"
"TBQ04C02","Total Units (TEU Twenty-foot Equivalent)","20172","2017Q2","2","Outward","IEDUB","Dublin","TEU Twenty-foot Equivalent","86998"
"TBQ04C02","Total Units (TEU Twenty-foot Equivalent)","20172","2017Q2","2","Outward","IEORK","Cork","TEU Twenty-foot Equivalent","28682"
"TBQ04C02","Total Units (TEU Twenty-foot Equivalent)","20172","2017Q2","2","Outward","IEWAT","Waterford","TEU Twenty-foot Equivalent","5699"
"TBQ04C02","Total Units (TEU Twenty-foot Equivalent)","20172","2017Q2","2","Outward","IEFOV","Shannon Foynes","TEU Twenty-foot Equivalent",""
"TBQ04C02","Total Units (TEU Twenty-foot Equivalent)","20173","2017Q3","-","All directions","IEMIP","All Main Irish Ports","TEU Twenty-foot Equivalent","244718"
"TBQ04C02","Total Units (TEU Twenty-foot Equivalent)","20173","2017Q3","-","All directions","IEDUB","Dublin","TEU Twenty-foot Equivalent","179385"
"TBQ04C02","Total Units (TEU Twenty-foot Equivalent)","20173","2017Q3","-","All directions","IEORK","Cork","TEU Twenty-foot Equivalent","53935"
"TBQ04C02","Total Units (TEU Twenty-foot Equivalent)","20173","2017Q3","-","All directions","IEWAT","Waterford","TEU Twenty-foot Equivalent","11399"
"TBQ04C02","Total Units (TEU Twenty-foot Equivalent)","20173","2017Q3","-","All directions","IEFOV","Shannon Foynes","TEU Twenty-foot Equivalent",""
"TBQ04C02","Total Units (TEU Twenty-foot Equivalent)","20173","2017Q3","1","Inward","IEMIP","All Main Irish Ports","TEU Twenty-foot Equivalent","122280"
"TBQ04C02","Total Units (TEU Twenty-foot Equivalent)","20173","2017Q3","1","Inward","IEDUB","Dublin","TEU Twenty-foot Equivalent","90012"
"TBQ04C02","Total Units (TEU Twenty-foot Equivalent)","20173","2017Q3","1","Inward","IEORK","Cork","TEU Twenty-foot Equivalent","26752"
"TBQ04C02","Total Units (TEU Twenty-foot Equivalent)","20173","2017Q3","1","Inward","IEWAT","Waterford","TEU Twenty-foot Equivalent","5517"
"TBQ04C02","Total Units (TEU Twenty-foot Equivalent)","20173","2017Q3","1","Inward","IEFOV","Shannon Foynes","TEU Twenty-foot Equivalent",""
"TBQ04C02","Total Units (TEU Twenty-foot Equivalent)","20173","2017Q3","2","Outward","IEMIP","All Main Irish Ports","TEU Twenty-foot Equivalent","122438"
"TBQ04C02","Total Units (TEU Twenty-foot Equivalent)","20173","2017Q3","2","Outward","IEDUB","Dublin","TEU Twenty-foot Equivalent","89374"
"TBQ04C02","Total Units (TEU Twenty-foot Equivalent)","20173","2017Q3","2","Outward","IEORK","Cork","TEU Twenty-foot Equivalent","27182"
"TBQ04C02","Total Units (TEU Twenty-foot Equivalent)","20173","2017Q3","2","Outward","IEWAT","Waterford","TEU Twenty-foot Equivalent","5882"
"TBQ04C02","Total Units (TEU Twenty-foot Equivalent)","20173","2017Q3","2","Outward","IEFOV","Shannon Foynes","TEU Twenty-foot Equivalent",""
"TBQ04C02","Total Units (TEU Twenty-foot Equivalent)","20174","2017Q4","-","All directions","IEMIP","All Main Irish Ports","TEU Twenty-foot Equivalent","246576"
"TBQ04C02","Total Units (TEU Twenty-foot Equivalent)","20174","2017Q4","-","All directions","IEDUB","Dublin","TEU Twenty-foot Equivalent","182030"
"TBQ04C02","Total Units (TEU Twenty-foot Equivalent)","20174","2017Q4","-","All directions","IEORK","Cork","TEU Twenty-foot Equivalent","54686"
"TBQ04C02","Total Units (TEU Twenty-foot Equivalent)","20174","2017Q4","-","All directions","IEWAT","Waterford","TEU Twenty-foot Equivalent","9861"
"TBQ04C02","Total Units (TEU Twenty-foot Equivalent)","20174","2017Q4","-","All directions","IEFOV","Shannon Foynes","TEU Twenty-foot Equivalent",""
"TBQ04C02","Total Units (TEU Twenty-foot Equivalent)","20174","2017Q4","1","Inward","IEMIP","All Main Irish Ports","TEU Twenty-foot Equivalent","121670"
"TBQ04C02","Total Units (TEU Twenty-foot Equivalent)","20174","2017Q4","1","Inward","IEDUB","Dublin","TEU Twenty-foot Equivalent","89286"
"TBQ04C02","Total Units (TEU Twenty-foot Equivalent)","20174","2017Q4","1","Inward","IEORK","Cork","TEU Twenty-foot Equivalent","27488"
"TBQ04C02","Total Units (TEU Twenty-foot Equivalent)","20174","2017Q4","1","Inward","IEWAT","Waterford","TEU Twenty-foot Equivalent","4896"
"TBQ04C02","Total Units (TEU Twenty-foot Equivalent)","20174","2017Q4","1","Inward","IEFOV","Shannon Foynes","TEU Twenty-foot Equivalent",""
"TBQ04C02","Total Units (TEU Twenty-foot Equivalent)","20174","2017Q4","2","Outward","IEMIP","All Main Irish Ports","TEU Twenty-foot Equivalent","124906"
"TBQ04C02","Total Units (TEU Twenty-foot Equivalent)","20174","2017Q4","2","Outward","IEDUB","Dublin","TEU Twenty-foot Equivalent","92744"
"TBQ04C02","Total Units (TEU Twenty-foot Equivalent)","20174","2017Q4","2","Outward","IEORK","Cork","TEU Twenty-foot Equivalent","27198"
"TBQ04C02","Total Units (TEU Twenty-foot Equivalent)","20174","2017Q4","2","Outward","IEWAT","Waterford","TEU Twenty-foot Equivalent","4965"
"TBQ04C02","Total Units (TEU Twenty-foot Equivalent)","20174","2017Q4","2","Outward","IEFOV","Shannon Foynes","TEU Twenty-foot Equivalent",""
"TBQ04C02","Total Units (TEU Twenty-foot Equivalent)","20181","2018Q1","-","All directions","IEMIP","All Main Irish Ports","TEU Twenty-foot Equivalent","239608"
"TBQ04C02","Total Units (TEU Twenty-foot Equivalent)","20181","2018Q1","-","All directions","IEDUB","Dublin","TEU Twenty-foot Equivalent","176175"
"TBQ04C02","Total Units (TEU Twenty-foot Equivalent)","20181","2018Q1","-","All directions","IEORK","Cork","TEU Twenty-foot Equivalent","54049"
"TBQ04C02","Total Units (TEU Twenty-foot Equivalent)","20181","2018Q1","-","All directions","IEWAT","Waterford","TEU Twenty-foot Equivalent","9385"
"TBQ04C02","Total Units (TEU Twenty-foot Equivalent)","20181","2018Q1","-","All directions","IEFOV","Shannon Foynes","TEU Twenty-foot Equivalent",""
"TBQ04C02","Total Units (TEU Twenty-foot Equivalent)","20181","2018Q1","1","Inward","IEMIP","All Main Irish Ports","TEU Twenty-foot Equivalent","122633"
"TBQ04C02","Total Units (TEU Twenty-foot Equivalent)","20181","2018Q1","1","Inward","IEDUB","Dublin","TEU Twenty-foot Equivalent","90443"
"TBQ04C02","Total Units (TEU Twenty-foot Equivalent)","20181","2018Q1","1","Inward","IEORK","Cork","TEU Twenty-foot Equivalent","27506"
"TBQ04C02","Total Units (TEU Twenty-foot Equivalent)","20181","2018Q1","1","Inward","IEWAT","Waterford","TEU Twenty-foot Equivalent","4683"
"TBQ04C02","Total Units (TEU Twenty-foot Equivalent)","20181","2018Q1","1","Inward","IEFOV","Shannon Foynes","TEU Twenty-foot Equivalent",""
"TBQ04C02","Total Units (TEU Twenty-foot Equivalent)","20181","2018Q1","2","Outward","IEMIP","All Main Irish Ports","TEU Twenty-foot Equivalent","116976"
"TBQ04C02","Total Units (TEU Twenty-foot Equivalent)","20181","2018Q1","2","Outward","IEDUB","Dublin","TEU Twenty-foot Equivalent","85732"
"TBQ04C02","Total Units (TEU Twenty-foot Equivalent)","20181","2018Q1","2","Outward","IEORK","Cork","TEU Twenty-foot Equivalent","26542"
"TBQ04C02","Total Units (TEU Twenty-foot Equivalent)","20181","2018Q1","2","Outward","IEWAT","Waterford","TEU Twenty-foot Equivalent","4701"
"TBQ04C02","Total Units (TEU Twenty-foot Equivalent)","20181","2018Q1","2","Outward","IEFOV","Shannon Foynes","TEU Twenty-foot Equivalent",""
"TBQ04C02","Total Units (TEU Twenty-foot Equivalent)","20182","2018Q2","-","All directions","IEMIP","All Main Irish Ports","TEU Twenty-foot Equivalent","249494"
"TBQ04C02","Total Units (TEU Twenty-foot Equivalent)","20182","2018Q2","-","All directions","IEDUB","Dublin","TEU Twenty-foot Equivalent","179630"
"TBQ04C02","Total Units (TEU Twenty-foot Equivalent)","20182","2018Q2","-","All directions","IEORK","Cork","TEU Twenty-foot Equivalent","58253"
"TBQ04C02","Total Units (TEU Twenty-foot Equivalent)","20182","2018Q2","-","All directions","IEWAT","Waterford","TEU Twenty-foot Equivalent","11611"
"TBQ04C02","Total Units (TEU Twenty-foot Equivalent)","20182","2018Q2","-","All directions","IEFOV","Shannon Foynes","TEU Twenty-foot Equivalent",""
"TBQ04C02","Total Units (TEU Twenty-foot Equivalent)","20182","2018Q2","1","Inward","IEMIP","All Main Irish Ports","TEU Twenty-foot Equivalent","122756"
"TBQ04C02","Total Units (TEU Twenty-foot Equivalent)","20182","2018Q2","1","Inward","IEDUB","Dublin","TEU Twenty-foot Equivalent","88233"
"TBQ04C02","Total Units (TEU Twenty-foot Equivalent)","20182","2018Q2","1","Inward","IEORK","Cork","TEU Twenty-foot Equivalent","28966"
"TBQ04C02","Total Units (TEU Twenty-foot Equivalent)","20182","2018Q2","1","Inward","IEWAT","Waterford","TEU Twenty-foot Equivalent","5557"
"TBQ04C02","Total Units (TEU Twenty-foot Equivalent)","20182","2018Q2","1","Inward","IEFOV","Shannon Foynes","TEU Twenty-foot Equivalent",""
"TBQ04C02","Total Units (TEU Twenty-foot Equivalent)","20182","2018Q2","2","Outward","IEMIP","All Main Irish Ports","TEU Twenty-foot Equivalent","126739"
"TBQ04C02","Total Units (TEU Twenty-foot Equivalent)","20182","2018Q2","2","Outward","IEDUB","Dublin","TEU Twenty-foot Equivalent","91397"
"TBQ04C02","Total Units (TEU Twenty-foot Equivalent)","20182","2018Q2","2","Outward","IEORK","Cork","TEU Twenty-foot Equivalent","29288"
"TBQ04C02","Total Units (TEU Twenty-foot Equivalent)","20182","2018Q2","2","Outward","IEWAT","Waterford","TEU Twenty-foot Equivalent","6054"
"TBQ04C02","Total Units (TEU Twenty-foot Equivalent)","20182","2018Q2","2","Outward","IEFOV","Shannon Foynes","TEU Twenty-foot Equivalent",""
"TBQ04C02","Total Units (TEU Twenty-foot Equivalent)","20183","2018Q3","-","All directions","IEMIP","All Main Irish Ports","TEU Twenty-foot Equivalent","257630"
"TBQ04C02","Total Units (TEU Twenty-foot Equivalent)","20183","2018Q3","-","All directions","IEDUB","Dublin","TEU Twenty-foot Equivalent","188212"
"TBQ04C02","Total Units (TEU Twenty-foot Equivalent)","20183","2018Q3","-","All directions","IEORK","Cork","TEU Twenty-foot Equivalent","58129"
"TBQ04C02","Total Units (TEU Twenty-foot Equivalent)","20183","2018Q3","-","All directions","IEWAT","Waterford","TEU Twenty-foot Equivalent","11290"
"TBQ04C02","Total Units (TEU Twenty-foot Equivalent)","20183","2018Q3","-","All directions","IEFOV","Shannon Foynes","TEU Twenty-foot Equivalent",""
"TBQ04C02","Total Units (TEU Twenty-foot Equivalent)","20183","2018Q3","1","Inward","IEMIP","All Main Irish Ports","TEU Twenty-foot Equivalent","130103"
"TBQ04C02","Total Units (TEU Twenty-foot Equivalent)","20183","2018Q3","1","Inward","IEDUB","Dublin","TEU Twenty-foot Equivalent","95511"
"TBQ04C02","Total Units (TEU Twenty-foot Equivalent)","20183","2018Q3","1","Inward","IEORK","Cork","TEU Twenty-foot Equivalent","28875"
"TBQ04C02","Total Units (TEU Twenty-foot Equivalent)","20183","2018Q3","1","Inward","IEWAT","Waterford","TEU Twenty-foot Equivalent","5718"
"TBQ04C02","Total Units (TEU Twenty-foot Equivalent)","20183","2018Q3","1","Inward","IEFOV","Shannon Foynes","TEU Twenty-foot Equivalent",""
"TBQ04C02","Total Units (TEU Twenty-foot Equivalent)","20183","2018Q3","2","Outward","IEMIP","All Main Irish Ports","TEU Twenty-foot Equivalent","127527"
"TBQ04C02","Total Units (TEU Twenty-foot Equivalent)","20183","2018Q3","2","Outward","IEDUB","Dublin","TEU Twenty-foot Equivalent","92701"
"TBQ04C02","Total Units (TEU Twenty-foot Equivalent)","20183","2018Q3","2","Outward","IEORK","Cork","TEU Twenty-foot Equivalent","29254"
"TBQ04C02","Total Units (TEU Twenty-foot Equivalent)","20183","2018Q3","2","Outward","IEWAT","Waterford","TEU Twenty-foot Equivalent","5573"
"TBQ04C02","Total Units (TEU Twenty-foot Equivalent)","20183","2018Q3","2","Outward","IEFOV","Shannon Foynes","TEU Twenty-foot Equivalent",""
"TBQ04C02","Total Units (TEU Twenty-foot Equivalent)","20184","2018Q4","-","All directions","IEMIP","All Main Irish Ports","TEU Twenty-foot Equivalent","253826"
"TBQ04C02","Total Units (TEU Twenty-foot Equivalent)","20184","2018Q4","-","All directions","IEDUB","Dublin","TEU Twenty-foot Equivalent","183315"
"TBQ04C02","Total Units (TEU Twenty-foot Equivalent)","20184","2018Q4","-","All directions","IEORK","Cork","TEU Twenty-foot Equivalent","58853"
"TBQ04C02","Total Units (TEU Twenty-foot Equivalent)","20184","2018Q4","-","All directions","IEWAT","Waterford","TEU Twenty-foot Equivalent","11658"
"TBQ04C02","Total Units (TEU Twenty-foot Equivalent)","20184","2018Q4","-","All directions","IEFOV","Shannon Foynes","TEU Twenty-foot Equivalent",""
"TBQ04C02","Total Units (TEU Twenty-foot Equivalent)","20184","2018Q4","1","Inward","IEMIP","All Main Irish Ports","TEU Twenty-foot Equivalent","127618"
"TBQ04C02","Total Units (TEU Twenty-foot Equivalent)","20184","2018Q4","1","Inward","IEDUB","Dublin","TEU Twenty-foot Equivalent","92261"
"TBQ04C02","Total Units (TEU Twenty-foot Equivalent)","20184","2018Q4","1","Inward","IEORK","Cork","TEU Twenty-foot Equivalent","29605"
"TBQ04C02","Total Units (TEU Twenty-foot Equivalent)","20184","2018Q4","1","Inward","IEWAT","Waterford","TEU Twenty-foot Equivalent","5752"
"TBQ04C02","Total Units (TEU Twenty-foot Equivalent)","20184","2018Q4","1","Inward","IEFOV","Shannon Foynes","TEU Twenty-foot Equivalent",""
"TBQ04C02","Total Units (TEU Twenty-foot Equivalent)","20184","2018Q4","2","Outward","IEMIP","All Main Irish Ports","TEU Twenty-foot Equivalent","126207"
"TBQ04C02","Total Units (TEU Twenty-foot Equivalent)","20184","2018Q4","2","Outward","IEDUB","Dublin","TEU Twenty-foot Equivalent","91054"
"TBQ04C02","Total Units (TEU Twenty-foot Equivalent)","20184","2018Q4","2","Outward","IEORK","Cork","TEU Twenty-foot Equivalent","29248"
"TBQ04C02","Total Units (TEU Twenty-foot Equivalent)","20184","2018Q4","2","Outward","IEWAT","Waterford","TEU Twenty-foot Equivalent","5906"
"TBQ04C02","Total Units (TEU Twenty-foot Equivalent)","20184","2018Q4","2","Outward","IEFOV","Shannon Foynes","TEU Twenty-foot Equivalent",""
"TBQ04C02","Total Units (TEU Twenty-foot Equivalent)","20191","2019Q1","-","All directions","IEMIP","All Main Irish Ports","TEU Twenty-foot Equivalent","258128"
"TBQ04C02","Total Units (TEU Twenty-foot Equivalent)","20191","2019Q1","-","All directions","IEDUB","Dublin","TEU Twenty-foot Equivalent","191077"
"TBQ04C02","Total Units (TEU Twenty-foot Equivalent)","20191","2019Q1","-","All directions","IEORK","Cork","TEU Twenty-foot Equivalent","56535"
"TBQ04C02","Total Units (TEU Twenty-foot Equivalent)","20191","2019Q1","-","All directions","IEWAT","Waterford","TEU Twenty-foot Equivalent","10517"
"TBQ04C02","Total Units (TEU Twenty-foot Equivalent)","20191","2019Q1","-","All directions","IEFOV","Shannon Foynes","TEU Twenty-foot Equivalent",""
"TBQ04C02","Total Units (TEU Twenty-foot Equivalent)","20191","2019Q1","1","Inward","IEMIP","All Main Irish Ports","TEU Twenty-foot Equivalent","132302"
"TBQ04C02","Total Units (TEU Twenty-foot Equivalent)","20191","2019Q1","1","Inward","IEDUB","Dublin","TEU Twenty-foot Equivalent","99028"
"TBQ04C02","Total Units (TEU Twenty-foot Equivalent)","20191","2019Q1","1","Inward","IEORK","Cork","TEU Twenty-foot Equivalent","28000"
"TBQ04C02","Total Units (TEU Twenty-foot Equivalent)","20191","2019Q1","1","Inward","IEWAT","Waterford","TEU Twenty-foot Equivalent","5275"
"TBQ04C02","Total Units (TEU Twenty-foot Equivalent)","20191","2019Q1","1","Inward","IEFOV","Shannon Foynes","TEU Twenty-foot Equivalent",""
"TBQ04C02","Total Units (TEU Twenty-foot Equivalent)","20191","2019Q1","2","Outward","IEMIP","All Main Irish Ports","TEU Twenty-foot Equivalent","125826"
"TBQ04C02","Total Units (TEU Twenty-foot Equivalent)","20191","2019Q1","2","Outward","IEDUB","Dublin","TEU Twenty-foot Equivalent","92049"
"TBQ04C02","Total Units (TEU Twenty-foot Equivalent)","20191","2019Q1","2","Outward","IEORK","Cork","TEU Twenty-foot Equivalent","28535"
"TBQ04C02","Total Units (TEU Twenty-foot Equivalent)","20191","2019Q1","2","Outward","IEWAT","Waterford","TEU Twenty-foot Equivalent","5242"
"TBQ04C02","Total Units (TEU Twenty-foot Equivalent)","20191","2019Q1","2","Outward","IEFOV","Shannon Foynes","TEU Twenty-foot Equivalent",""
"TBQ04C02","Total Units (TEU Twenty-foot Equivalent)","20192","2019Q2","-","All directions","IEMIP","All Main Irish Ports","TEU Twenty-foot Equivalent","276678"
"TBQ04C02","Total Units (TEU Twenty-foot Equivalent)","20192","2019Q2","-","All directions","IEDUB","Dublin","TEU Twenty-foot Equivalent","201178"
"TBQ04C02","Total Units (TEU Twenty-foot Equivalent)","20192","2019Q2","-","All directions","IEORK","Cork","TEU Twenty-foot Equivalent","63586"
"TBQ04C02","Total Units (TEU Twenty-foot Equivalent)","20192","2019Q2","-","All directions","IEWAT","Waterford","TEU Twenty-foot Equivalent","11914"
"TBQ04C02","Total Units (TEU Twenty-foot Equivalent)","20192","2019Q2","-","All directions","IEFOV","Shannon Foynes","TEU Twenty-foot Equivalent",""
"TBQ04C02","Total Units (TEU Twenty-foot Equivalent)","20192","2019Q2","1","Inward","IEMIP","All Main Irish Ports","TEU Twenty-foot Equivalent","138482"
"TBQ04C02","Total Units (TEU Twenty-foot Equivalent)","20192","2019Q2","1","Inward","IEDUB","Dublin","TEU Twenty-foot Equivalent","100571"
"TBQ04C02","Total Units (TEU Twenty-foot Equivalent)","20192","2019Q2","1","Inward","IEORK","Cork","TEU Twenty-foot Equivalent","31961"
"TBQ04C02","Total Units (TEU Twenty-foot Equivalent)","20192","2019Q2","1","Inward","IEWAT","Waterford","TEU Twenty-foot Equivalent","5950"
"TBQ04C02","Total Units (TEU Twenty-foot Equivalent)","20192","2019Q2","1","Inward","IEFOV","Shannon Foynes","TEU Twenty-foot Equivalent",""
"TBQ04C02","Total Units (TEU Twenty-foot Equivalent)","20192","2019Q2","2","Outward","IEMIP","All Main Irish Ports","TEU Twenty-foot Equivalent","138196"
"TBQ04C02","Total Units (TEU Twenty-foot Equivalent)","20192","2019Q2","2","Outward","IEDUB","Dublin","TEU Twenty-foot Equivalent","100607"
"TBQ04C02","Total Units (TEU Twenty-foot Equivalent)","20192","2019Q2","2","Outward","IEORK","Cork","TEU Twenty-foot Equivalent","31625"
"TBQ04C02","Total Units (TEU Twenty-foot Equivalent)","20192","2019Q2","2","Outward","IEWAT","Waterford","TEU Twenty-foot Equivalent","5964"
"TBQ04C02","Total Units (TEU Twenty-foot Equivalent)","20192","2019Q2","2","Outward","IEFOV","Shannon Foynes","TEU Twenty-foot Equivalent",""
"TBQ04C02","Total Units (TEU Twenty-foot Equivalent)","20193","2019Q3","-","All directions","IEMIP","All Main Irish Ports","TEU Twenty-foot Equivalent","266194"
"TBQ04C02","Total Units (TEU Twenty-foot Equivalent)","20193","2019Q3","-","All directions","IEDUB","Dublin","TEU Twenty-foot Equivalent","191780"
"TBQ04C02","Total Units (TEU Twenty-foot Equivalent)","20193","2019Q3","-","All directions","IEORK","Cork","TEU Twenty-foot Equivalent","61175"
"TBQ04C02","Total Units (TEU Twenty-foot Equivalent)","20193","2019Q3","-","All directions","IEWAT","Waterford","TEU Twenty-foot Equivalent","13238"
"TBQ04C02","Total Units (TEU Twenty-foot Equivalent)","20193","2019Q3","-","All directions","IEFOV","Shannon Foynes","TEU Twenty-foot Equivalent",""
"TBQ04C02","Total Units (TEU Twenty-foot Equivalent)","20193","2019Q3","1","Inward","IEMIP","All Main Irish Ports","TEU Twenty-foot Equivalent","133387"
"TBQ04C02","Total Units (TEU Twenty-foot Equivalent)","20193","2019Q3","1","Inward","IEDUB","Dublin","TEU Twenty-foot Equivalent","96703"
"TBQ04C02","Total Units (TEU Twenty-foot Equivalent)","20193","2019Q3","1","Inward","IEORK","Cork","TEU Twenty-foot Equivalent","29933"
"TBQ04C02","Total Units (TEU Twenty-foot Equivalent)","20193","2019Q3","1","Inward","IEWAT","Waterford","TEU Twenty-foot Equivalent","6751"
"TBQ04C02","Total Units (TEU Twenty-foot Equivalent)","20193","2019Q3","1","Inward","IEFOV","Shannon Foynes","TEU Twenty-foot Equivalent",""
"TBQ04C02","Total Units (TEU Twenty-foot Equivalent)","20193","2019Q3","2","Outward","IEMIP","All Main Irish Ports","TEU Twenty-foot Equivalent","132807"
"TBQ04C02","Total Units (TEU Twenty-foot Equivalent)","20193","2019Q3","2","Outward","IEDUB","Dublin","TEU Twenty-foot Equivalent","95078"
"TBQ04C02","Total Units (TEU Twenty-foot Equivalent)","20193","2019Q3","2","Outward","IEORK","Cork","TEU Twenty-foot Equivalent","31242"
"TBQ04C02","Total Units (TEU Twenty-foot Equivalent)","20193","2019Q3","2","Outward","IEWAT","Waterford","TEU Twenty-foot Equivalent","6487"
"TBQ04C02","Total Units (TEU Twenty-foot Equivalent)","20193","2019Q3","2","Outward","IEFOV","Shannon Foynes","TEU Twenty-foot Equivalent",""
"TBQ04C02","Total Units (TEU Twenty-foot Equivalent)","20194","2019Q4","-","All directions","IEMIP","All Main Irish Ports","TEU Twenty-foot Equivalent","262489"
"TBQ04C02","Total Units (TEU Twenty-foot Equivalent)","20194","2019Q4","-","All directions","IEDUB","Dublin","TEU Twenty-foot Equivalent","190008"
"TBQ04C02","Total Units (TEU Twenty-foot Equivalent)","20194","2019Q4","-","All directions","IEORK","Cork","TEU Twenty-foot Equivalent","58803"
"TBQ04C02","Total Units (TEU Twenty-foot Equivalent)","20194","2019Q4","-","All directions","IEWAT","Waterford","TEU Twenty-foot Equivalent","13678"
"TBQ04C02","Total Units (TEU Twenty-foot Equivalent)","20194","2019Q4","-","All directions","IEFOV","Shannon Foynes","TEU Twenty-foot Equivalent",""
"TBQ04C02","Total Units (TEU Twenty-foot Equivalent)","20194","2019Q4","1","Inward","IEMIP","All Main Irish Ports","TEU Twenty-foot Equivalent","130717"
"TBQ04C02","Total Units (TEU Twenty-foot Equivalent)","20194","2019Q4","1","Inward","IEDUB","Dublin","TEU Twenty-foot Equivalent","94583"
"TBQ04C02","Total Units (TEU Twenty-foot Equivalent)","20194","2019Q4","1","Inward","IEORK","Cork","TEU Twenty-foot Equivalent","29091"
"TBQ04C02","Total Units (TEU Twenty-foot Equivalent)","20194","2019Q4","1","Inward","IEWAT","Waterford","TEU Twenty-foot Equivalent","7043"
"TBQ04C02","Total Units (TEU Twenty-foot Equivalent)","20194","2019Q4","1","Inward","IEFOV","Shannon Foynes","TEU Twenty-foot Equivalent",""
"TBQ04C02","Total Units (TEU Twenty-foot Equivalent)","20194","2019Q4","2","Outward","IEMIP","All Main Irish Ports","TEU Twenty-foot Equivalent","131771"
"TBQ04C02","Total Units (TEU Twenty-foot Equivalent)","20194","2019Q4","2","Outward","IEDUB","Dublin","TEU Twenty-foot Equivalent","95425"
"TBQ04C02","Total Units (TEU Twenty-foot Equivalent)","20194","2019Q4","2","Outward","IEORK","Cork","TEU Twenty-foot Equivalent","29711"
"TBQ04C02","Total Units (TEU Twenty-foot Equivalent)","20194","2019Q4","2","Outward","IEWAT","Waterford","TEU Twenty-foot Equivalent","6635"
"TBQ04C02","Total Units (TEU Twenty-foot Equivalent)","20194","2019Q4","2","Outward","IEFOV","Shannon Foynes","TEU Twenty-foot Equivalent",""
"TBQ04C02","Total Units (TEU Twenty-foot Equivalent)","20201","2020Q1","-","All directions","IEMIP","All Main Irish Ports","TEU Twenty-foot Equivalent","254123"
"TBQ04C02","Total Units (TEU Twenty-foot Equivalent)","20201","2020Q1","-","All directions","IEDUB","Dublin","TEU Twenty-foot Equivalent","187765"
"TBQ04C02","Total Units (TEU Twenty-foot Equivalent)","20201","2020Q1","-","All directions","IEORK","Cork","TEU Twenty-foot Equivalent","53539"
"TBQ04C02","Total Units (TEU Twenty-foot Equivalent)","20201","2020Q1","-","All directions","IEWAT","Waterford","TEU Twenty-foot Equivalent","12820"
"TBQ04C02","Total Units (TEU Twenty-foot Equivalent)","20201","2020Q1","-","All directions","IEFOV","Shannon Foynes","TEU Twenty-foot Equivalent",""
"TBQ04C02","Total Units (TEU Twenty-foot Equivalent)","20201","2020Q1","1","Inward","IEMIP","All Main Irish Ports","TEU Twenty-foot Equivalent","131535"
"TBQ04C02","Total Units (TEU Twenty-foot Equivalent)","20201","2020Q1","1","Inward","IEDUB","Dublin","TEU Twenty-foot Equivalent","97496"
"TBQ04C02","Total Units (TEU Twenty-foot Equivalent)","20201","2020Q1","1","Inward","IEORK","Cork","TEU Twenty-foot Equivalent","27471"
"TBQ04C02","Total Units (TEU Twenty-foot Equivalent)","20201","2020Q1","1","Inward","IEWAT","Waterford","TEU Twenty-foot Equivalent","6568"
"TBQ04C02","Total Units (TEU Twenty-foot Equivalent)","20201","2020Q1","1","Inward","IEFOV","Shannon Foynes","TEU Twenty-foot Equivalent",""
"TBQ04C02","Total Units (TEU Twenty-foot Equivalent)","20201","2020Q1","2","Outward","IEMIP","All Main Irish Ports","TEU Twenty-foot Equivalent","122589"
"TBQ04C02","Total Units (TEU Twenty-foot Equivalent)","20201","2020Q1","2","Outward","IEDUB","Dublin","TEU Twenty-foot Equivalent","90269"
"TBQ04C02","Total Units (TEU Twenty-foot Equivalent)","20201","2020Q1","2","Outward","IEORK","Cork","TEU Twenty-foot Equivalent","26068"
"TBQ04C02","Total Units (TEU Twenty-foot Equivalent)","20201","2020Q1","2","Outward","IEWAT","Waterford","TEU Twenty-foot Equivalent","6252"
"TBQ04C02","Total Units (TEU Twenty-foot Equivalent)","20201","2020Q1","2","Outward","IEFOV","Shannon Foynes","TEU Twenty-foot Equivalent",""
"TBQ04C02","Total Units (TEU Twenty-foot Equivalent)","20202","2020Q2","-","All directions","IEMIP","All Main Irish Ports","TEU Twenty-foot Equivalent","249819"
"TBQ04C02","Total Units (TEU Twenty-foot Equivalent)","20202","2020Q2","-","All directions","IEDUB","Dublin","TEU Twenty-foot Equivalent","172724"
"TBQ04C02","Total Units (TEU Twenty-foot Equivalent)","20202","2020Q2","-","All directions","IEORK","Cork","TEU Twenty-foot Equivalent","64770"
"TBQ04C02","Total Units (TEU Twenty-foot Equivalent)","20202","2020Q2","-","All directions","IEWAT","Waterford","TEU Twenty-foot Equivalent","12325"
"TBQ04C02","Total Units (TEU Twenty-foot Equivalent)","20202","2020Q2","-","All directions","IEFOV","Shannon Foynes","TEU Twenty-foot Equivalent",""
"TBQ04C02","Total Units (TEU Twenty-foot Equivalent)","20202","2020Q2","1","Inward","IEMIP","All Main Irish Ports","TEU Twenty-foot Equivalent","124371"
"TBQ04C02","Total Units (TEU Twenty-foot Equivalent)","20202","2020Q2","1","Inward","IEDUB","Dublin","TEU Twenty-foot Equivalent","86419"
"TBQ04C02","Total Units (TEU Twenty-foot Equivalent)","20202","2020Q2","1","Inward","IEORK","Cork","TEU Twenty-foot Equivalent","31772"
"TBQ04C02","Total Units (TEU Twenty-foot Equivalent)","20202","2020Q2","1","Inward","IEWAT","Waterford","TEU Twenty-foot Equivalent","6181"
"TBQ04C02","Total Units (TEU Twenty-foot Equivalent)","20202","2020Q2","1","Inward","IEFOV","Shannon Foynes","TEU Twenty-foot Equivalent",""
"TBQ04C02","Total Units (TEU Twenty-foot Equivalent)","20202","2020Q2","2","Outward","IEMIP","All Main Irish Ports","TEU Twenty-foot Equivalent","125447"
"TBQ04C02","Total Units (TEU Twenty-foot Equivalent)","20202","2020Q2","2","Outward","IEDUB","Dublin","TEU Twenty-foot Equivalent","86305"
"TBQ04C02","Total Units (TEU Twenty-foot Equivalent)","20202","2020Q2","2","Outward","IEORK","Cork","TEU Twenty-foot Equivalent","32998"
"TBQ04C02","Total Units (TEU Twenty-foot Equivalent)","20202","2020Q2","2","Outward","IEWAT","Waterford","TEU Twenty-foot Equivalent","6144"
"TBQ04C02","Total Units (TEU Twenty-foot Equivalent)","20202","2020Q2","2","Outward","IEFOV","Shannon Foynes","TEU Twenty-foot Equivalent",""
"TBQ04C02","Total Units (TEU Twenty-foot Equivalent)","20203","2020Q3","-","All directions","IEMIP","All Main Irish Ports","TEU Twenty-foot Equivalent","272885"
"TBQ04C02","Total Units (TEU Twenty-foot Equivalent)","20203","2020Q3","-","All directions","IEDUB","Dublin","TEU Twenty-foot Equivalent","192375"
"TBQ04C02","Total Units (TEU Twenty-foot Equivalent)","20203","2020Q3","-","All directions","IEORK","Cork","TEU Twenty-foot Equivalent","65815"
"TBQ04C02","Total Units (TEU Twenty-foot Equivalent)","20203","2020Q3","-","All directions","IEWAT","Waterford","TEU Twenty-foot Equivalent","14696"
"TBQ04C02","Total Units (TEU Twenty-foot Equivalent)","20203","2020Q3","-","All directions","IEFOV","Shannon Foynes","TEU Twenty-foot Equivalent",""
"TBQ04C02","Total Units (TEU Twenty-foot Equivalent)","20203","2020Q3","1","Inward","IEMIP","All Main Irish Ports","TEU Twenty-foot Equivalent","140745"
"TBQ04C02","Total Units (TEU Twenty-foot Equivalent)","20203","2020Q3","1","Inward","IEDUB","Dublin","TEU Twenty-foot Equivalent","99950"
"TBQ04C02","Total Units (TEU Twenty-foot Equivalent)","20203","2020Q3","1","Inward","IEORK","Cork","TEU Twenty-foot Equivalent","33137"
"TBQ04C02","Total Units (TEU Twenty-foot Equivalent)","20203","2020Q3","1","Inward","IEWAT","Waterford","TEU Twenty-foot Equivalent","7658"
"TBQ04C02","Total Units (TEU Twenty-foot Equivalent)","20203","2020Q3","1","Inward","IEFOV","Shannon Foynes","TEU Twenty-foot Equivalent",""
"TBQ04C02","Total Units (TEU Twenty-foot Equivalent)","20203","2020Q3","2","Outward","IEMIP","All Main Irish Ports","TEU Twenty-foot Equivalent","132140"
"TBQ04C02","Total Units (TEU Twenty-foot Equivalent)","20203","2020Q3","2","Outward","IEDUB","Dublin","TEU Twenty-foot Equivalent","92425"
"TBQ04C02","Total Units (TEU Twenty-foot Equivalent)","20203","2020Q3","2","Outward","IEORK","Cork","TEU Twenty-foot Equivalent","32678"
"TBQ04C02","Total Units (TEU Twenty-foot Equivalent)","20203","2020Q3","2","Outward","IEWAT","Waterford","TEU Twenty-foot Equivalent","7038"
"TBQ04C02","Total Units (TEU Twenty-foot Equivalent)","20203","2020Q3","2","Outward","IEFOV","Shannon Foynes","TEU Twenty-foot Equivalent",""
"TBQ04C02","Total Units (TEU Twenty-foot Equivalent)","20204","2020Q4","-","All directions","IEMIP","All Main Irish Ports","TEU Twenty-foot Equivalent","281375"
"TBQ04C02","Total Units (TEU Twenty-foot Equivalent)","20204","2020Q4","-","All directions","IEDUB","Dublin","TEU Twenty-foot Equivalent","205170"
"TBQ04C02","Total Units (TEU Twenty-foot Equivalent)","20204","2020Q4","-","All directions","IEORK","Cork","TEU Twenty-foot Equivalent","65201"
"TBQ04C02","Total Units (TEU Twenty-foot Equivalent)","20204","2020Q4","-","All directions","IEWAT","Waterford","TEU Twenty-foot Equivalent","11004"
"TBQ04C02","Total Units (TEU Twenty-foot Equivalent)","20204","2020Q4","-","All directions","IEFOV","Shannon Foynes","TEU Twenty-foot Equivalent",""
"TBQ04C02","Total Units (TEU Twenty-foot Equivalent)","20204","2020Q4","1","Inward","IEMIP","All Main Irish Ports","TEU Twenty-foot Equivalent","140968"
"TBQ04C02","Total Units (TEU Twenty-foot Equivalent)","20204","2020Q4","1","Inward","IEDUB","Dublin","TEU Twenty-foot Equivalent","104171"
"TBQ04C02","Total Units (TEU Twenty-foot Equivalent)","20204","2020Q4","1","Inward","IEORK","Cork","TEU Twenty-foot Equivalent","31622"
"TBQ04C02","Total Units (TEU Twenty-foot Equivalent)","20204","2020Q4","1","Inward","IEWAT","Waterford","TEU Twenty-foot Equivalent","5175"
"TBQ04C02","Total Units (TEU Twenty-foot Equivalent)","20204","2020Q4","1","Inward","IEFOV","Shannon Foynes","TEU Twenty-foot Equivalent",""
"TBQ04C02","Total Units (TEU Twenty-foot Equivalent)","20204","2020Q4","2","Outward","IEMIP","All Main Irish Ports","TEU Twenty-foot Equivalent","140407"
"TBQ04C02","Total Units (TEU Twenty-foot Equivalent)","20204","2020Q4","2","Outward","IEDUB","Dublin","TEU Twenty-foot Equivalent","100999"
"TBQ04C02","Total Units (TEU Twenty-foot Equivalent)","20204","2020Q4","2","Outward","IEORK","Cork","TEU Twenty-foot Equivalent","33579"
"TBQ04C02","Total Units (TEU Twenty-foot Equivalent)","20204","2020Q4","2","Outward","IEWAT","Waterford","TEU Twenty-foot Equivalent","5830"
"TBQ04C02","Total Units (TEU Twenty-foot Equivalent)","20204","2020Q4","2","Outward","IEFOV","Shannon Foynes","TEU Twenty-foot Equivalent",""
"TBQ04C02","Total Units (TEU Twenty-foot Equivalent)","20211","2021Q1","-","All directions","IEMIP","All Main Irish Ports","TEU Twenty-foot Equivalent","282257"
"TBQ04C02","Total Units (TEU Twenty-foot Equivalent)","20211","2021Q1","-","All directions","IEDUB","Dublin","TEU Twenty-foot Equivalent","207744"
"TBQ04C02","Total Units (TEU Twenty-foot Equivalent)","20211","2021Q1","-","All directions","IEORK","Cork","TEU Twenty-foot Equivalent","62754"
"TBQ04C02","Total Units (TEU Twenty-foot Equivalent)","20211","2021Q1","-","All directions","IEWAT","Waterford","TEU Twenty-foot Equivalent","11760"
"TBQ04C02","Total Units (TEU Twenty-foot Equivalent)","20211","2021Q1","-","All directions","IEFOV","Shannon Foynes","TEU Twenty-foot Equivalent",""
"TBQ04C02","Total Units (TEU Twenty-foot Equivalent)","20211","2021Q1","1","Inward","IEMIP","All Main Irish Ports","TEU Twenty-foot Equivalent","144954"
"TBQ04C02","Total Units (TEU Twenty-foot Equivalent)","20211","2021Q1","1","Inward","IEDUB","Dublin","TEU Twenty-foot Equivalent","108004"
"TBQ04C02","Total Units (TEU Twenty-foot Equivalent)","20211","2021Q1","1","Inward","IEORK","Cork","TEU Twenty-foot Equivalent","31114"
"TBQ04C02","Total Units (TEU Twenty-foot Equivalent)","20211","2021Q1","1","Inward","IEWAT","Waterford","TEU Twenty-foot Equivalent","5836"
"TBQ04C02","Total Units (TEU Twenty-foot Equivalent)","20211","2021Q1","1","Inward","IEFOV","Shannon Foynes","TEU Twenty-foot Equivalent",""
"TBQ04C02","Total Units (TEU Twenty-foot Equivalent)","20211","2021Q1","2","Outward","IEMIP","All Main Irish Ports","TEU Twenty-foot Equivalent","137303"
"TBQ04C02","Total Units (TEU Twenty-foot Equivalent)","20211","2021Q1","2","Outward","IEDUB","Dublin","TEU Twenty-foot Equivalent","99740"
"TBQ04C02","Total Units (TEU Twenty-foot Equivalent)","20211","2021Q1","2","Outward","IEORK","Cork","TEU Twenty-foot Equivalent","31640"
"TBQ04C02","Total Units (TEU Twenty-foot Equivalent)","20211","2021Q1","2","Outward","IEWAT","Waterford","TEU Twenty-foot Equivalent","5923"
"TBQ04C02","Total Units (TEU Twenty-foot Equivalent)","20211","2021Q1","2","Outward","IEFOV","Shannon Foynes","TEU Twenty-foot Equivalent",""
"TBQ04C02","Total Units (TEU Twenty-foot Equivalent)","20212","2021Q2","-","All directions","IEMIP","All Main Irish Ports","TEU Twenty-foot Equivalent","305926"
"TBQ04C02","Total Units (TEU Twenty-foot Equivalent)","20212","2021Q2","-","All directions","IEDUB","Dublin","TEU Twenty-foot Equivalent","219036"
"TBQ04C02","Total Units (TEU Twenty-foot Equivalent)","20212","2021Q2","-","All directions","IEORK","Cork","TEU Twenty-foot Equivalent","74451"
"TBQ04C02","Total Units (TEU Twenty-foot Equivalent)","20212","2021Q2","-","All directions","IEWAT","Waterford","TEU Twenty-foot Equivalent","12440"
"TBQ04C02","Total Units (TEU Twenty-foot Equivalent)","20212","2021Q2","-","All directions","IEFOV","Shannon Foynes","TEU Twenty-foot Equivalent",""
"TBQ04C02","Total Units (TEU Twenty-foot Equivalent)","20212","2021Q2","1","Inward","IEMIP","All Main Irish Ports","TEU Twenty-foot Equivalent","153710"
"TBQ04C02","Total Units (TEU Twenty-foot Equivalent)","20212","2021Q2","1","Inward","IEDUB","Dublin","TEU Twenty-foot Equivalent","110750"
"TBQ04C02","Total Units (TEU Twenty-foot Equivalent)","20212","2021Q2","1","Inward","IEORK","Cork","TEU Twenty-foot Equivalent","36834"
"TBQ04C02","Total Units (TEU Twenty-foot Equivalent)","20212","2021Q2","1","Inward","IEWAT","Waterford","TEU Twenty-foot Equivalent","6126"
"TBQ04C02","Total Units (TEU Twenty-foot Equivalent)","20212","2021Q2","1","Inward","IEFOV","Shannon Foynes","TEU Twenty-foot Equivalent",""
"TBQ04C02","Total Units (TEU Twenty-foot Equivalent)","20212","2021Q2","2","Outward","IEMIP","All Main Irish Ports","TEU Twenty-foot Equivalent","152216"
"TBQ04C02","Total Units (TEU Twenty-foot Equivalent)","20212","2021Q2","2","Outward","IEDUB","Dublin","TEU Twenty-foot Equivalent","108286"
"TBQ04C02","Total Units (TEU Twenty-foot Equivalent)","20212","2021Q2","2","Outward","IEORK","Cork","TEU Twenty-foot Equivalent","37616"
"TBQ04C02","Total Units (TEU Twenty-foot Equivalent)","20212","2021Q2","2","Outward","IEWAT","Waterford","TEU Twenty-foot Equivalent","6314"
"TBQ04C02","Total Units (TEU Twenty-foot Equivalent)","20212","2021Q2","2","Outward","IEFOV","Shannon Foynes","TEU Twenty-foot Equivalent",""
"TBQ04C02","Total Units (TEU Twenty-foot Equivalent)","20213","2021Q3","-","All directions","IEMIP","All Main Irish Ports","TEU Twenty-foot Equivalent","299848"
"TBQ04C02","Total Units (TEU Twenty-foot Equivalent)","20213","2021Q3","-","All directions","IEDUB","Dublin","TEU Twenty-foot Equivalent","212338"
"TBQ04C02","Total Units (TEU Twenty-foot Equivalent)","20213","2021Q3","-","All directions","IEORK","Cork","TEU Twenty-foot Equivalent","74692"
"TBQ04C02","Total Units (TEU Twenty-foot Equivalent)","20213","2021Q3","-","All directions","IEWAT","Waterford","TEU Twenty-foot Equivalent","12818"
"TBQ04C02","Total Units (TEU Twenty-foot Equivalent)","20213","2021Q3","-","All directions","IEFOV","Shannon Foynes","TEU Twenty-foot Equivalent",""
"TBQ04C02","Total Units (TEU Twenty-foot Equivalent)","20213","2021Q3","1","Inward","IEMIP","All Main Irish Ports","TEU Twenty-foot Equivalent","151658"
"TBQ04C02","Total Units (TEU Twenty-foot Equivalent)","20213","2021Q3","1","Inward","IEDUB","Dublin","TEU Twenty-foot Equivalent","108077"
"TBQ04C02","Total Units (TEU Twenty-foot Equivalent)","20213","2021Q3","1","Inward","IEORK","Cork","TEU Twenty-foot Equivalent","37325"
"TBQ04C02","Total Units (TEU Twenty-foot Equivalent)","20213","2021Q3","1","Inward","IEWAT","Waterford","TEU Twenty-foot Equivalent","6256"
"TBQ04C02","Total Units (TEU Twenty-foot Equivalent)","20213","2021Q3","1","Inward","IEFOV","Shannon Foynes","TEU Twenty-foot Equivalent",""
"TBQ04C02","Total Units (TEU Twenty-foot Equivalent)","20213","2021Q3","2","Outward","IEMIP","All Main Irish Ports","TEU Twenty-foot Equivalent","148191"
"TBQ04C02","Total Units (TEU Twenty-foot Equivalent)","20213","2021Q3","2","Outward","IEDUB","Dublin","TEU Twenty-foot Equivalent","104261"
"TBQ04C02","Total Units (TEU Twenty-foot Equivalent)","20213","2021Q3","2","Outward","IEORK","Cork","TEU Twenty-foot Equivalent","37367"
"TBQ04C02","Total Units (TEU Twenty-foot Equivalent)","20213","2021Q3","2","Outward","IEWAT","Waterford","TEU Twenty-foot Equivalent","6563"
"TBQ04C02","Total Units (TEU Twenty-foot Equivalent)","20213","2021Q3","2","Outward","IEFOV","Shannon Foynes","TEU Twenty-foot Equivalent",""
"TBQ04C02","Total Units (TEU Twenty-foot Equivalent)","20214","2021Q4","-","All directions","IEMIP","All Main Irish Ports","TEU Twenty-foot Equivalent","287819"
"TBQ04C02","Total Units (TEU Twenty-foot Equivalent)","20214","2021Q4","-","All directions","IEDUB","Dublin","TEU Twenty-foot Equivalent","205327"
"TBQ04C02","Total Units (TEU Twenty-foot Equivalent)","20214","2021Q4","-","All directions","IEORK","Cork","TEU Twenty-foot Equivalent","69690"
"TBQ04C02","Total Units (TEU Twenty-foot Equivalent)","20214","2021Q4","-","All directions","IEWAT","Waterford","TEU Twenty-foot Equivalent","12802"
"TBQ04C02","Total Units (TEU Twenty-foot Equivalent)","20214","2021Q4","-","All directions","IEFOV","Shannon Foynes","TEU Twenty-foot Equivalent",""
"TBQ04C02","Total Units (TEU Twenty-foot Equivalent)","20214","2021Q4","1","Inward","IEMIP","All Main Irish Ports","TEU Twenty-foot Equivalent","148074"
"TBQ04C02","Total Units (TEU Twenty-foot Equivalent)","20214","2021Q4","1","Inward","IEDUB","Dublin","TEU Twenty-foot Equivalent","105921"
"TBQ04C02","Total Units (TEU Twenty-foot Equivalent)","20214","2021Q4","1","Inward","IEORK","Cork","TEU Twenty-foot Equivalent","35703"
"TBQ04C02","Total Units (TEU Twenty-foot Equivalent)","20214","2021Q4","1","Inward","IEWAT","Waterford","TEU Twenty-foot Equivalent","6450"
"TBQ04C02","Total Units (TEU Twenty-foot Equivalent)","20214","2021Q4","1","Inward","IEFOV","Shannon Foynes","TEU Twenty-foot Equivalent",""
"TBQ04C02","Total Units (TEU Twenty-foot Equivalent)","20214","2021Q4","2","Outward","IEMIP","All Main Irish Ports","TEU Twenty-foot Equivalent","139745"
"TBQ04C02","Total Units (TEU Twenty-foot Equivalent)","20214","2021Q4","2","Outward","IEDUB","Dublin","TEU Twenty-foot Equivalent","99406"
"TBQ04C02","Total Units (TEU Twenty-foot Equivalent)","20214","2021Q4","2","Outward","IEORK","Cork","TEU Twenty-foot Equivalent","33987"
"TBQ04C02","Total Units (TEU Twenty-foot Equivalent)","20214","2021Q4","2","Outward","IEWAT","Waterford","TEU Twenty-foot Equivalent","6352"
"TBQ04C02","Total Units (TEU Twenty-foot Equivalent)","20214","2021Q4","2","Outward","IEFOV","Shannon Foynes","TEU Twenty-foot Equivalent",""
"TBQ04C02","Total Units (TEU Twenty-foot Equivalent)","20221","2022Q1","-","All directions","IEMIP","All Main Irish Ports","TEU Twenty-foot Equivalent","283228"
"TBQ04C02","Total Units (TEU Twenty-foot Equivalent)","20221","2022Q1","-","All directions","IEDUB","Dublin","TEU Twenty-foot Equivalent","202149"
"TBQ04C02","Total Units (TEU Twenty-foot Equivalent)","20221","2022Q1","-","All directions","IEORK","Cork","TEU Twenty-foot Equivalent","69790"
"TBQ04C02","Total Units (TEU Twenty-foot Equivalent)","20221","2022Q1","-","All directions","IEWAT","Waterford","TEU Twenty-foot Equivalent","11289"
"TBQ04C02","Total Units (TEU Twenty-foot Equivalent)","20221","2022Q1","-","All directions","IEFOV","Shannon Foynes","TEU Twenty-foot Equivalent",""
"TBQ04C02","Total Units (TEU Twenty-foot Equivalent)","20221","2022Q1","1","Inward","IEMIP","All Main Irish Ports","TEU Twenty-foot Equivalent","143745"
"TBQ04C02","Total Units (TEU Twenty-foot Equivalent)","20221","2022Q1","1","Inward","IEDUB","Dublin","TEU Twenty-foot Equivalent","103141"
"TBQ04C02","Total Units (TEU Twenty-foot Equivalent)","20221","2022Q1","1","Inward","IEORK","Cork","TEU Twenty-foot Equivalent","34833"
"TBQ04C02","Total Units (TEU Twenty-foot Equivalent)","20221","2022Q1","1","Inward","IEWAT","Waterford","TEU Twenty-foot Equivalent","5772"
"TBQ04C02","Total Units (TEU Twenty-foot Equivalent)","20221","2022Q1","1","Inward","IEFOV","Shannon Foynes","TEU Twenty-foot Equivalent",""
"TBQ04C02","Total Units (TEU Twenty-foot Equivalent)","20221","2022Q1","2","Outward","IEMIP","All Main Irish Ports","TEU Twenty-foot Equivalent","139483"
"TBQ04C02","Total Units (TEU Twenty-foot Equivalent)","20221","2022Q1","2","Outward","IEDUB","Dublin","TEU Twenty-foot Equivalent","99008"
"TBQ04C02","Total Units (TEU Twenty-foot Equivalent)","20221","2022Q1","2","Outward","IEORK","Cork","TEU Twenty-foot Equivalent","34958"
"TBQ04C02","Total Units (TEU Twenty-foot Equivalent)","20221","2022Q1","2","Outward","IEWAT","Waterford","TEU Twenty-foot Equivalent","5517"
"TBQ04C02","Total Units (TEU Twenty-foot Equivalent)","20221","2022Q1","2","Outward","IEFOV","Shannon Foynes","TEU Twenty-foot Equivalent",""
"TBQ04C02","Total Units (TEU Twenty-foot Equivalent)","20222","2022Q2","-","All directions","IEMIP","All Main Irish Ports","TEU Twenty-foot Equivalent","311533"
"TBQ04C02","Total Units (TEU Twenty-foot Equivalent)","20222","2022Q2","-","All directions","IEDUB","Dublin","TEU Twenty-foot Equivalent","223584"
"TBQ04C02","Total Units (TEU Twenty-foot Equivalent)","20222","2022Q2","-","All directions","IEORK","Cork","TEU Twenty-foot Equivalent","74531"
"TBQ04C02","Total Units (TEU Twenty-foot Equivalent)","20222","2022Q2","-","All directions","IEWAT","Waterford","TEU Twenty-foot Equivalent","13419"
"TBQ04C02","Total Units (TEU Twenty-foot Equivalent)","20222","2022Q2","-","All directions","IEFOV","Shannon Foynes","TEU Twenty-foot Equivalent",""
"TBQ04C02","Total Units (TEU Twenty-foot Equivalent)","20222","2022Q2","1","Inward","IEMIP","All Main Irish Ports","TEU Twenty-foot Equivalent","153892"
"TBQ04C02","Total Units (TEU Twenty-foot Equivalent)","20222","2022Q2","1","Inward","IEDUB","Dublin","TEU Twenty-foot Equivalent","110735"
"TBQ04C02","Total Units (TEU Twenty-foot Equivalent)","20222","2022Q2","1","Inward","IEORK","Cork","TEU Twenty-foot Equivalent","36757"
"TBQ04C02","Total Units (TEU Twenty-foot Equivalent)","20222","2022Q2","1","Inward","IEWAT","Waterford","TEU Twenty-foot Equivalent","6400"
"TBQ04C02","Total Units (TEU Twenty-foot Equivalent)","20222","2022Q2","1","Inward","IEFOV","Shannon Foynes","TEU Twenty-foot Equivalent",""
"TBQ04C02","Total Units (TEU Twenty-foot Equivalent)","20222","2022Q2","2","Outward","IEMIP","All Main Irish Ports","TEU Twenty-foot Equivalent","157641"
"TBQ04C02","Total Units (TEU Twenty-foot Equivalent)","20222","2022Q2","2","Outward","IEDUB","Dublin","TEU Twenty-foot Equivalent","112849"
"TBQ04C02","Total Units (TEU Twenty-foot Equivalent)","20222","2022Q2","2","Outward","IEORK","Cork","TEU Twenty-foot Equivalent","37774"
"TBQ04C02","Total Units (TEU Twenty-foot Equivalent)","20222","2022Q2","2","Outward","IEWAT","Waterford","TEU Twenty-foot Equivalent","7019"
"TBQ04C02","Total Units (TEU Twenty-foot Equivalent)","20222","2022Q2","2","Outward","IEFOV","Shannon Foynes","TEU Twenty-foot Equivalent",""
"TBQ04C02","Total Units (TEU Twenty-foot Equivalent)","20223","2022Q3","-","All directions","IEMIP","All Main Irish Ports","TEU Twenty-foot Equivalent","293890"
"TBQ04C02","Total Units (TEU Twenty-foot Equivalent)","20223","2022Q3","-","All directions","IEDUB","Dublin","TEU Twenty-foot Equivalent","209262"
"TBQ04C02","Total Units (TEU Twenty-foot Equivalent)","20223","2022Q3","-","All directions","IEORK","Cork","TEU Twenty-foot Equivalent","72345"
"TBQ04C02","Total Units (TEU Twenty-foot Equivalent)","20223","2022Q3","-","All directions","IEWAT","Waterford","TEU Twenty-foot Equivalent","12284"
"TBQ04C02","Total Units (TEU Twenty-foot Equivalent)","20223","2022Q3","-","All directions","IEFOV","Shannon Foynes","TEU Twenty-foot Equivalent",""
"TBQ04C02","Total Units (TEU Twenty-foot Equivalent)","20223","2022Q3","1","Inward","IEMIP","All Main Irish Ports","TEU Twenty-foot Equivalent","148224"
"TBQ04C02","Total Units (TEU Twenty-foot Equivalent)","20223","2022Q3","1","Inward","IEDUB","Dublin","TEU Twenty-foot Equivalent","105882"
"TBQ04C02","Total Units (TEU Twenty-foot Equivalent)","20223","2022Q3","1","Inward","IEORK","Cork","TEU Twenty-foot Equivalent","36336"
"TBQ04C02","Total Units (TEU Twenty-foot Equivalent)","20223","2022Q3","1","Inward","IEWAT","Waterford","TEU Twenty-foot Equivalent","6006"
"TBQ04C02","Total Units (TEU Twenty-foot Equivalent)","20223","2022Q3","1","Inward","IEFOV","Shannon Foynes","TEU Twenty-foot Equivalent",""
"TBQ04C02","Total Units (TEU Twenty-foot Equivalent)","20223","2022Q3","2","Outward","IEMIP","All Main Irish Ports","TEU Twenty-foot Equivalent","145666"
"TBQ04C02","Total Units (TEU Twenty-foot Equivalent)","20223","2022Q3","2","Outward","IEDUB","Dublin","TEU Twenty-foot Equivalent","103380"
"TBQ04C02","Total Units (TEU Twenty-foot Equivalent)","20223","2022Q3","2","Outward","IEORK","Cork","TEU Twenty-foot Equivalent","36008"
"TBQ04C02","Total Units (TEU Twenty-foot Equivalent)","20223","2022Q3","2","Outward","IEWAT","Waterford","TEU Twenty-foot Equivalent","6278"
"TBQ04C02","Total Units (TEU Twenty-foot Equivalent)","20223","2022Q3","2","Outward","IEFOV","Shannon Foynes","TEU Twenty-foot Equivalent",""
"TBQ04C02","Total Units (TEU Twenty-foot Equivalent)","20224","2022Q4","-","All directions","IEMIP","All Main Irish Ports","TEU Twenty-foot Equivalent","265744"
"TBQ04C02","Total Units (TEU Twenty-foot Equivalent)","20224","2022Q4","-","All directions","IEDUB","Dublin","TEU Twenty-foot Equivalent","188263"
"TBQ04C02","Total Units (TEU Twenty-foot Equivalent)","20224","2022Q4","-","All directions","IEORK","Cork","TEU Twenty-foot Equivalent","65709"
"TBQ04C02","Total Units (TEU Twenty-foot Equivalent)","20224","2022Q4","-","All directions","IEWAT","Waterford","TEU Twenty-foot Equivalent","11772"
"TBQ04C02","Total Units (TEU Twenty-foot Equivalent)","20224","2022Q4","-","All directions","IEFOV","Shannon Foynes","TEU Twenty-foot Equivalent",""
"TBQ04C02","Total Units (TEU Twenty-foot Equivalent)","20224","2022Q4","1","Inward","IEMIP","All Main Irish Ports","TEU Twenty-foot Equivalent","132112"
"TBQ04C02","Total Units (TEU Twenty-foot Equivalent)","20224","2022Q4","1","Inward","IEDUB","Dublin","TEU Twenty-foot Equivalent","93864"
"TBQ04C02","Total Units (TEU Twenty-foot Equivalent)","20224","2022Q4","1","Inward","IEORK","Cork","TEU Twenty-foot Equivalent","32431"
"TBQ04C02","Total Units (TEU Twenty-foot Equivalent)","20224","2022Q4","1","Inward","IEWAT","Waterford","TEU Twenty-foot Equivalent","5817"
"TBQ04C02","Total Units (TEU Twenty-foot Equivalent)","20224","2022Q4","1","Inward","IEFOV","Shannon Foynes","TEU Twenty-foot Equivalent",""
"TBQ04C02","Total Units (TEU Twenty-foot Equivalent)","20224","2022Q4","2","Outward","IEMIP","All Main Irish Ports","TEU Twenty-foot Equivalent","133632"
"TBQ04C02","Total Units (TEU Twenty-foot Equivalent)","20224","2022Q4","2","Outward","IEDUB","Dublin","TEU Twenty-foot Equivalent","94400"
"TBQ04C02","Total Units (TEU Twenty-foot Equivalent)","20224","2022Q4","2","Outward","IEORK","Cork","TEU Twenty-foot Equivalent","33278"
"TBQ04C02","Total Units (TEU Twenty-foot Equivalent)","20224","2022Q4","2","Outward","IEWAT","Waterford","TEU Twenty-foot Equivalent","5955"
"TBQ04C02","Total Units (TEU Twenty-foot Equivalent)","20224","2022Q4","2","Outward","IEFOV","Shannon Foynes","TEU Twenty-foot Equivalent",""
"TBQ04C02","Total Units (TEU Twenty-foot Equivalent)","20231","2023Q1","-","All directions","IEMIP","All Main Irish Ports","TEU Twenty-foot Equivalent","263202"
"TBQ04C02","Total Units (TEU Twenty-foot Equivalent)","20231","2023Q1","-","All directions","IEDUB","Dublin","TEU Twenty-foot Equivalent","191280"
"TBQ04C02","Total Units (TEU Twenty-foot Equivalent)","20231","2023Q1","-","All directions","IEORK","Cork","TEU Twenty-foot Equivalent","63783"
"TBQ04C02","Total Units (TEU Twenty-foot Equivalent)","20231","2023Q1","-","All directions","IEWAT","Waterford","TEU Twenty-foot Equivalent","8140"
"TBQ04C02","Total Units (TEU Twenty-foot Equivalent)","20231","2023Q1","-","All directions","IEFOV","Shannon Foynes","TEU Twenty-foot Equivalent",""
"TBQ04C02","Total Units (TEU Twenty-foot Equivalent)","20231","2023Q1","1","Inward","IEMIP","All Main Irish Ports","TEU Twenty-foot Equivalent","132947"
"TBQ04C02","Total Units (TEU Twenty-foot Equivalent)","20231","2023Q1","1","Inward","IEDUB","Dublin","TEU Twenty-foot Equivalent","96578"
"TBQ04C02","Total Units (TEU Twenty-foot Equivalent)","20231","2023Q1","1","Inward","IEORK","Cork","TEU Twenty-foot Equivalent","32361"
"TBQ04C02","Total Units (TEU Twenty-foot Equivalent)","20231","2023Q1","1","Inward","IEWAT","Waterford","TEU Twenty-foot Equivalent","4008"
"TBQ04C02","Total Units (TEU Twenty-foot Equivalent)","20231","2023Q1","1","Inward","IEFOV","Shannon Foynes","TEU Twenty-foot Equivalent",""
"TBQ04C02","Total Units (TEU Twenty-foot Equivalent)","20231","2023Q1","2","Outward","IEMIP","All Main Irish Ports","TEU Twenty-foot Equivalent","130255"
"TBQ04C02","Total Units (TEU Twenty-foot Equivalent)","20231","2023Q1","2","Outward","IEDUB","Dublin","TEU Twenty-foot Equivalent","94702"
"TBQ04C02","Total Units (TEU Twenty-foot Equivalent)","20231","2023Q1","2","Outward","IEORK","Cork","TEU Twenty-foot Equivalent","31422"
"TBQ04C02","Total Units (TEU Twenty-foot Equivalent)","20231","2023Q1","2","Outward","IEWAT","Waterford","TEU Twenty-foot Equivalent","4132"
"TBQ04C02","Total Units (TEU Twenty-foot Equivalent)","20231","2023Q1","2","Outward","IEFOV","Shannon Foynes","TEU Twenty-foot Equivalent",""
"TBQ04C02","Total Units (TEU Twenty-foot Equivalent)","20232","2023Q2","-","All directions","IEMIP","All Main Irish Ports","TEU Twenty-foot Equivalent","276864"
"TBQ04C02","Total Units (TEU Twenty-foot Equivalent)","20232","2023Q2","-","All directions","IEDUB","Dublin","TEU Twenty-foot Equivalent","198845"
"TBQ04C02","Total Units (TEU Twenty-foot Equivalent)","20232","2023Q2","-","All directions","IEORK","Cork","TEU Twenty-foot Equivalent","67309"
"TBQ04C02","Total Units (TEU Twenty-foot Equivalent)","20232","2023Q2","-","All directions","IEWAT","Waterford","TEU Twenty-foot Equivalent","10710"
"TBQ04C02","Total Units (TEU Twenty-foot Equivalent)","20232","2023Q2","-","All directions","IEFOV","Shannon Foynes","TEU Twenty-foot Equivalent",""
"TBQ04C02","Total Units (TEU Twenty-foot Equivalent)","20232","2023Q2","1","Inward","IEMIP","All Main Irish Ports","TEU Twenty-foot Equivalent","141476"
"TBQ04C02","Total Units (TEU Twenty-foot Equivalent)","20232","2023Q2","1","Inward","IEDUB","Dublin","TEU Twenty-foot Equivalent","103436"
"TBQ04C02","Total Units (TEU Twenty-foot Equivalent)","20232","2023Q2","1","Inward","IEORK","Cork","TEU Twenty-foot Equivalent","32871"
"TBQ04C02","Total Units (TEU Twenty-foot Equivalent)","20232","2023Q2","1","Inward","IEWAT","Waterford","TEU Twenty-foot Equivalent","5170"
"TBQ04C02","Total Units (TEU Twenty-foot Equivalent)","20232","2023Q2","1","Inward","IEFOV","Shannon Foynes","TEU Twenty-foot Equivalent",""
"TBQ04C02","Total Units (TEU Twenty-foot Equivalent)","20232","2023Q2","2","Outward","IEMIP","All Main Irish Ports","TEU Twenty-foot Equivalent","135389"
"TBQ04C02","Total Units (TEU Twenty-foot Equivalent)","20232","2023Q2","2","Outward","IEDUB","Dublin","TEU Twenty-foot Equivalent","95410"
"TBQ04C02","Total Units (TEU Twenty-foot Equivalent)","20232","2023Q2","2","Outward","IEORK","Cork","TEU Twenty-foot Equivalent","34439"
"TBQ04C02","Total Units (TEU Twenty-foot Equivalent)","20232","2023Q2","2","Outward","IEWAT","Waterford","TEU Twenty-foot Equivalent","5541"
"TBQ04C02","Total Units (TEU Twenty-foot Equivalent)","20232","2023Q2","2","Outward","IEFOV","Shannon Foynes","TEU Twenty-foot Equivalent",""
"TBQ04C02","Total Units (TEU Twenty-foot Equivalent)","20233","2023Q3","-","All directions","IEMIP","All Main Irish Ports","TEU Twenty-foot Equivalent","277698"
"TBQ04C02","Total Units (TEU Twenty-foot Equivalent)","20233","2023Q3","-","All directions","IEDUB","Dublin","TEU Twenty-foot Equivalent","202296"
"TBQ04C02","Total Units (TEU Twenty-foot Equivalent)","20233","2023Q3","-","All directions","IEORK","Cork","TEU Twenty-foot Equivalent","65611"
"TBQ04C02","Total Units (TEU Twenty-foot Equivalent)","20233","2023Q3","-","All directions","IEWAT","Waterford","TEU Twenty-foot Equivalent","9792"
"TBQ04C02","Total Units (TEU Twenty-foot Equivalent)","20233","2023Q3","-","All directions","IEFOV","Shannon Foynes","TEU Twenty-foot Equivalent",""
"TBQ04C02","Total Units (TEU Twenty-foot Equivalent)","20233","2023Q3","1","Inward","IEMIP","All Main Irish Ports","TEU Twenty-foot Equivalent","141200"
"TBQ04C02","Total Units (TEU Twenty-foot Equivalent)","20233","2023Q3","1","Inward","IEDUB","Dublin","TEU Twenty-foot Equivalent","103477"
"TBQ04C02","Total Units (TEU Twenty-foot Equivalent)","20233","2023Q3","1","Inward","IEORK","Cork","TEU Twenty-foot Equivalent","32889"
"TBQ04C02","Total Units (TEU Twenty-foot Equivalent)","20233","2023Q3","1","Inward","IEWAT","Waterford","TEU Twenty-foot Equivalent","4835"
"TBQ04C02","Total Units (TEU Twenty-foot Equivalent)","20233","2023Q3","1","Inward","IEFOV","Shannon Foynes","TEU Twenty-foot Equivalent",""
"TBQ04C02","Total Units (TEU Twenty-foot Equivalent)","20233","2023Q3","2","Outward","IEMIP","All Main Irish Ports","TEU Twenty-foot Equivalent","136498"
"TBQ04C02","Total Units (TEU Twenty-foot Equivalent)","20233","2023Q3","2","Outward","IEDUB","Dublin","TEU Twenty-foot Equivalent","98819"
"TBQ04C02","Total Units (TEU Twenty-foot Equivalent)","20233","2023Q3","2","Outward","IEORK","Cork","TEU Twenty-foot Equivalent","32722"
"TBQ04C02","Total Units (TEU Twenty-foot Equivalent)","20233","2023Q3","2","Outward","IEWAT","Waterford","TEU Twenty-foot Equivalent","4958"
"TBQ04C02","Total Units (TEU Twenty-foot Equivalent)","20233","2023Q3","2","Outward","IEFOV","Shannon Foynes","TEU Twenty-foot Equivalent",""
"TBQ04C02","Total Units (TEU Twenty-foot Equivalent)","20234","2023Q4","-","All directions","IEMIP","All Main Irish Ports","TEU Twenty-foot Equivalent","279257"
"TBQ04C02","Total Units (TEU Twenty-foot Equivalent)","20234","2023Q4","-","All directions","IEDUB","Dublin","TEU Twenty-foot Equivalent","203575"
"TBQ04C02","Total Units (TEU Twenty-foot Equivalent)","20234","2023Q4","-","All directions","IEORK","Cork","TEU Twenty-foot Equivalent","67149"
"TBQ04C02","Total Units (TEU Twenty-foot Equivalent)","20234","2023Q4","-","All directions","IEWAT","Waterford","TEU Twenty-foot Equivalent","8534"
"TBQ04C02","Total Units (TEU Twenty-foot Equivalent)","20234","2023Q4","-","All directions","IEFOV","Shannon Foynes","TEU Twenty-foot Equivalent",""
"TBQ04C02","Total Units (TEU Twenty-foot Equivalent)","20234","2023Q4","1","Inward","IEMIP","All Main Irish Ports","TEU Twenty-foot Equivalent","141485"
"TBQ04C02","Total Units (TEU Twenty-foot Equivalent)","20234","2023Q4","1","Inward","IEDUB","Dublin","TEU Twenty-foot Equivalent","103970"
"TBQ04C02","Total Units (TEU Twenty-foot Equivalent)","20234","2023Q4","1","Inward","IEORK","Cork","TEU Twenty-foot Equivalent","33213"
"TBQ04C02","Total Units (TEU Twenty-foot Equivalent)","20234","2023Q4","1","Inward","IEWAT","Waterford","TEU Twenty-foot Equivalent","4303"
"TBQ04C02","Total Units (TEU Twenty-foot Equivalent)","20234","2023Q4","1","Inward","IEFOV","Shannon Foynes","TEU Twenty-foot Equivalent",""
"TBQ04C02","Total Units (TEU Twenty-foot Equivalent)","20234","2023Q4","2","Outward","IEMIP","All Main Irish Ports","TEU Twenty-foot Equivalent","137772"
"TBQ04C02","Total Units (TEU Twenty-foot Equivalent)","20234","2023Q4","2","Outward","IEDUB","Dublin","TEU Twenty-foot Equivalent","99605"
"TBQ04C02","Total Units (TEU Twenty-foot Equivalent)","20234","2023Q4","2","Outward","IEORK","Cork","TEU Twenty-foot Equivalent","33936"
"TBQ04C02","Total Units (TEU Twenty-foot Equivalent)","20234","2023Q4","2","Outward","IEWAT","Waterford","TEU Twenty-foot Equivalent","4231"
"TBQ04C02","Total Units (TEU Twenty-foot Equivalent)","20234","2023Q4","2","Outward","IEFOV","Shannon Foynes","TEU Twenty-foot Equivalent",""
"TBQ04C02","Total Units (TEU Twenty-foot Equivalent)","20241","2024Q1","-","All directions","IEMIP","All Main Irish Ports","TEU Twenty-foot Equivalent","278708"
"TBQ04C02","Total Units (TEU Twenty-foot Equivalent)","20241","2024Q1","-","All directions","IEDUB","Dublin","TEU Twenty-foot Equivalent","204006"
"TBQ04C02","Total Units (TEU Twenty-foot Equivalent)","20241","2024Q1","-","All directions","IEORK","Cork","TEU Twenty-foot Equivalent","66941"
"TBQ04C02","Total Units (TEU Twenty-foot Equivalent)","20241","2024Q1","-","All directions","IEWAT","Waterford","TEU Twenty-foot Equivalent","7762"
"TBQ04C02","Total Units (TEU Twenty-foot Equivalent)","20241","2024Q1","-","All directions","IEFOV","Shannon Foynes","TEU Twenty-foot Equivalent",""
"TBQ04C02","Total Units (TEU Twenty-foot Equivalent)","20241","2024Q1","1","Inward","IEMIP","All Main Irish Ports","TEU Twenty-foot Equivalent","140427"
"TBQ04C02","Total Units (TEU Twenty-foot Equivalent)","20241","2024Q1","1","Inward","IEDUB","Dublin","TEU Twenty-foot Equivalent","103248"
"TBQ04C02","Total Units (TEU Twenty-foot Equivalent)","20241","2024Q1","1","Inward","IEORK","Cork","TEU Twenty-foot Equivalent","33308"
"TBQ04C02","Total Units (TEU Twenty-foot Equivalent)","20241","2024Q1","1","Inward","IEWAT","Waterford","TEU Twenty-foot Equivalent","3872"
"TBQ04C02","Total Units (TEU Twenty-foot Equivalent)","20241","2024Q1","1","Inward","IEFOV","Shannon Foynes","TEU Twenty-foot Equivalent",""
"TBQ04C02","Total Units (TEU Twenty-foot Equivalent)","20241","2024Q1","2","Outward","IEMIP","All Main Irish Ports","TEU Twenty-foot Equivalent","138281"
"TBQ04C02","Total Units (TEU Twenty-foot Equivalent)","20241","2024Q1","2","Outward","IEDUB","Dublin","TEU Twenty-foot Equivalent","100759"
"TBQ04C02","Total Units (TEU Twenty-foot Equivalent)","20241","2024Q1","2","Outward","IEORK","Cork","TEU Twenty-foot Equivalent","33633"
"TBQ04C02","Total Units (TEU Twenty-foot Equivalent)","20241","2024Q1","2","Outward","IEWAT","Waterford","TEU Twenty-foot Equivalent","3890"
"TBQ04C02","Total Units (TEU Twenty-foot Equivalent)","20241","2024Q1","2","Outward","IEFOV","Shannon Foynes","TEU Twenty-foot Equivalent",""
"TBQ04C02","Total Units (TEU Twenty-foot Equivalent)","20242","2024Q2","-","All directions","IEMIP","All Main Irish Ports","TEU Twenty-foot Equivalent","303160"
"TBQ04C02","Total Units (TEU Twenty-foot Equivalent)","20242","2024Q2","-","All directions","IEDUB","Dublin","TEU Twenty-foot Equivalent","221044"
"TBQ04C02","Total Units (TEU Twenty-foot Equivalent)","20242","2024Q2","-","All directions","IEORK","Cork","TEU Twenty-foot Equivalent","70173"
"TBQ04C02","Total Units (TEU Twenty-foot Equivalent)","20242","2024Q2","-","All directions","IEWAT","Waterford","TEU Twenty-foot Equivalent","11943"
"TBQ04C02","Total Units (TEU Twenty-foot Equivalent)","20242","2024Q2","-","All directions","IEFOV","Shannon Foynes","TEU Twenty-foot Equivalent",""
"TBQ04C02","Total Units (TEU Twenty-foot Equivalent)","20242","2024Q2","1","Inward","IEMIP","All Main Irish Ports","TEU Twenty-foot Equivalent","150920"
"TBQ04C02","Total Units (TEU Twenty-foot Equivalent)","20242","2024Q2","1","Inward","IEDUB","Dublin","TEU Twenty-foot Equivalent","110712"
"TBQ04C02","Total Units (TEU Twenty-foot Equivalent)","20242","2024Q2","1","Inward","IEORK","Cork","TEU Twenty-foot Equivalent","34319"
"TBQ04C02","Total Units (TEU Twenty-foot Equivalent)","20242","2024Q2","1","Inward","IEWAT","Waterford","TEU Twenty-foot Equivalent","5889"
"TBQ04C02","Total Units (TEU Twenty-foot Equivalent)","20242","2024Q2","1","Inward","IEFOV","Shannon Foynes","TEU Twenty-foot Equivalent",""
"TBQ04C02","Total Units (TEU Twenty-foot Equivalent)","20242","2024Q2","2","Outward","IEMIP","All Main Irish Ports","TEU Twenty-foot Equivalent","152240"
"TBQ04C02","Total Units (TEU Twenty-foot Equivalent)","20242","2024Q2","2","Outward","IEDUB","Dublin","TEU Twenty-foot Equivalent","110332"
"TBQ04C02","Total Units (TEU Twenty-foot Equivalent)","20242","2024Q2","2","Outward","IEORK","Cork","TEU Twenty-foot Equivalent","35854"
"TBQ04C02","Total Units (TEU Twenty-foot Equivalent)","20242","2024Q2","2","Outward","IEWAT","Waterford","TEU Twenty-foot Equivalent","6055"
"TBQ04C02","Total Units (TEU Twenty-foot Equivalent)","20242","2024Q2","2","Outward","IEFOV","Shannon Foynes","TEU Twenty-foot Equivalent",""
"TBQ04C02","Total Units (TEU Twenty-foot Equivalent)","20243","2024Q3","-","All directions","IEMIP","All Main Irish Ports","TEU Twenty-foot Equivalent","319287"
"TBQ04C02","Total Units (TEU Twenty-foot Equivalent)","20243","2024Q3","-","All directions","IEDUB","Dublin","TEU Twenty-foot Equivalent","234009"
"TBQ04C02","Total Units (TEU Twenty-foot Equivalent)","20243","2024Q3","-","All directions","IEORK","Cork","TEU Twenty-foot Equivalent","72971"
"TBQ04C02","Total Units (TEU Twenty-foot Equivalent)","20243","2024Q3","-","All directions","IEWAT","Waterford","TEU Twenty-foot Equivalent","12306"
"TBQ04C02","Total Units (TEU Twenty-foot Equivalent)","20243","2024Q3","-","All directions","IEFOV","Shannon Foynes","TEU Twenty-foot Equivalent",""
"TBQ04C02","Total Units (TEU Twenty-foot Equivalent)","20243","2024Q3","1","Inward","IEMIP","All Main Irish Ports","TEU Twenty-foot Equivalent","162686"
"TBQ04C02","Total Units (TEU Twenty-foot Equivalent)","20243","2024Q3","1","Inward","IEDUB","Dublin","TEU Twenty-foot Equivalent","119210"
"TBQ04C02","Total Units (TEU Twenty-foot Equivalent)","20243","2024Q3","1","Inward","IEORK","Cork","TEU Twenty-foot Equivalent","37381"
"TBQ04C02","Total Units (TEU Twenty-foot Equivalent)","20243","2024Q3","1","Inward","IEWAT","Waterford","TEU Twenty-foot Equivalent","6095"
"TBQ04C02","Total Units (TEU Twenty-foot Equivalent)","20243","2024Q3","1","Inward","IEFOV","Shannon Foynes","TEU Twenty-foot Equivalent",""
"TBQ04C02","Total Units (TEU Twenty-foot Equivalent)","20243","2024Q3","2","Outward","IEMIP","All Main Irish Ports","TEU Twenty-foot Equivalent","156601"
"TBQ04C02","Total Units (TEU Twenty-foot Equivalent)","20243","2024Q3","2","Outward","IEDUB","Dublin","TEU Twenty-foot Equivalent","114800"
"TBQ04C02","Total Units (TEU Twenty-foot Equivalent)","20243","2024Q3","2","Outward","IEORK","Cork","TEU Twenty-foot Equivalent","35590"
"TBQ04C02","Total Units (TEU Twenty-foot Equivalent)","20243","2024Q3","2","Outward","IEWAT","Waterford","TEU Twenty-foot Equivalent","6212"
"TBQ04C02","Total Units (TEU Twenty-foot Equivalent)","20243","2024Q3","2","Outward","IEFOV","Shannon Foynes","TEU Twenty-foot Equivalent",""
"TBQ04C02","Total Units (TEU Twenty-foot Equivalent)","20244","2024Q4","-","All directions","IEMIP","All Main Irish Ports","TEU Twenty-foot Equivalent","308397"
"TBQ04C02","Total Units (TEU Twenty-foot Equivalent)","20244","2024Q4","-","All directions","IEDUB","Dublin","TEU Twenty-foot Equivalent","226806"
"TBQ04C02","Total Units (TEU Twenty-foot Equivalent)","20244","2024Q4","-","All directions","IEORK","Cork","TEU Twenty-foot Equivalent","69861"
"TBQ04C02","Total Units (TEU Twenty-foot Equivalent)","20244","2024Q4","-","All directions","IEWAT","Waterford","TEU Twenty-foot Equivalent","11730"
"TBQ04C02","Total Units (TEU Twenty-foot Equivalent)","20244","2024Q4","-","All directions","IEFOV","Shannon Foynes","TEU Twenty-foot Equivalent",""
"TBQ04C02","Total Units (TEU Twenty-foot Equivalent)","20244","2024Q4","1","Inward","IEMIP","All Main Irish Ports","TEU Twenty-foot Equivalent","155462"
"TBQ04C02","Total Units (TEU Twenty-foot Equivalent)","20244","2024Q4","1","Inward","IEDUB","Dublin","TEU Twenty-foot Equivalent","115299"
"TBQ04C02","Total Units (TEU Twenty-foot Equivalent)","20244","2024Q4","1","Inward","IEORK","Cork","TEU Twenty-foot Equivalent","34417"
"TBQ04C02","Total Units (TEU Twenty-foot Equivalent)","20244","2024Q4","1","Inward","IEWAT","Waterford","TEU Twenty-foot Equivalent","5747"
"TBQ04C02","Total Units (TEU Twenty-foot Equivalent)","20244","2024Q4","1","Inward","IEFOV","Shannon Foynes","TEU Twenty-foot Equivalent",""
"TBQ04C02","Total Units (TEU Twenty-foot Equivalent)","20244","2024Q4","2","Outward","IEMIP","All Main Irish Ports","TEU Twenty-foot Equivalent","152935"
"TBQ04C02","Total Units (TEU Twenty-foot Equivalent)","20244","2024Q4","2","Outward","IEDUB","Dublin","TEU Twenty-foot Equivalent","111508"
"TBQ04C02","Total Units (TEU Twenty-foot Equivalent)","20244","2024Q4","2","Outward","IEORK","Cork","TEU Twenty-foot Equivalent","35445"
"TBQ04C02","Total Units (TEU Twenty-foot Equivalent)","20244","2024Q4","2","Outward","IEWAT","Waterford","TEU Twenty-foot Equivalent","5983"
"TBQ04C02","Total Units (TEU Twenty-foot Equivalent)","20244","2024Q4","2","Outward","IEFOV","Shannon Foynes","TEU Twenty-foot Equivalent",""
"TBQ04C02","Total Units (TEU Twenty-foot Equivalent)","20251","2025Q1","-","All directions","IEMIP","All Main Irish Ports","TEU Twenty-foot Equivalent","308400"
"TBQ04C02","Total Units (TEU Twenty-foot Equivalent)","20251","2025Q1","-","All directions","IEDUB","Dublin","TEU Twenty-foot Equivalent","226382"
"TBQ04C02","Total Units (TEU Twenty-foot Equivalent)","20251","2025Q1","-","All directions","IEORK","Cork","TEU Twenty-foot Equivalent","70699"
"TBQ04C02","Total Units (TEU Twenty-foot Equivalent)","20251","2025Q1","-","All directions","IEWAT","Waterford","TEU Twenty-foot Equivalent","9387"
"TBQ04C02","Total Units (TEU Twenty-foot Equivalent)","20251","2025Q1","-","All directions","IEFOV","Shannon Foynes","TEU Twenty-foot Equivalent","1932"
"TBQ04C02","Total Units (TEU Twenty-foot Equivalent)","20251","2025Q1","1","Inward","IEMIP","All Main Irish Ports","TEU Twenty-foot Equivalent","157573"
"TBQ04C02","Total Units (TEU Twenty-foot Equivalent)","20251","2025Q1","1","Inward","IEDUB","Dublin","TEU Twenty-foot Equivalent","115719"
"TBQ04C02","Total Units (TEU Twenty-foot Equivalent)","20251","2025Q1","1","Inward","IEORK","Cork","TEU Twenty-foot Equivalent","36130"
"TBQ04C02","Total Units (TEU Twenty-foot Equivalent)","20251","2025Q1","1","Inward","IEWAT","Waterford","TEU Twenty-foot Equivalent","4795"
"TBQ04C02","Total Units (TEU Twenty-foot Equivalent)","20251","2025Q1","1","Inward","IEFOV","Shannon Foynes","TEU Twenty-foot Equivalent","930"
"TBQ04C02","Total Units (TEU Twenty-foot Equivalent)","20251","2025Q1","2","Outward","IEMIP","All Main Irish Ports","TEU Twenty-foot Equivalent","150827"
"TBQ04C02","Total Units (TEU Twenty-foot Equivalent)","20251","2025Q1","2","Outward","IEDUB","Dublin","TEU Twenty-foot Equivalent","110663"
"TBQ04C02","Total Units (TEU Twenty-foot Equivalent)","20251","2025Q1","2","Outward","IEORK","Cork","TEU Twenty-foot Equivalent","34570"
"TBQ04C02","Total Units (TEU Twenty-foot Equivalent)","20251","2025Q1","2","Outward","IEWAT","Waterford","TEU Twenty-foot Equivalent","4593"
"TBQ04C02","Total Units (TEU Twenty-foot Equivalent)","20251","2025Q1","2","Outward","IEFOV","Shannon Foynes","TEU Twenty-foot Equivalent","1002"
"TBQ04C02","Total Units (TEU Twenty-foot Equivalent)","20252","2025Q2","-","All directions","IEMIP","All Main Irish Ports","TEU Twenty-foot Equivalent","337676"
"TBQ04C02","Total Units (TEU Twenty-foot Equivalent)","20252","2025Q2","-","All directions","IEDUB","Dublin","TEU Twenty-foot Equivalent","249227"
"TBQ04C02","Total Units (TEU Twenty-foot Equivalent)","20252","2025Q2","-","All directions","IEORK","Cork","TEU Twenty-foot Equivalent","74881"
"TBQ04C02","Total Units (TEU Twenty-foot Equivalent)","20252","2025Q2","-","All directions","IEWAT","Waterford","TEU Twenty-foot Equivalent","13126"
"TBQ04C02","Total Units (TEU Twenty-foot Equivalent)","20252","2025Q2","-","All directions","IEFOV","Shannon Foynes","TEU Twenty-foot Equivalent","443"
"TBQ04C02","Total Units (TEU Twenty-foot Equivalent)","20252","2025Q2","1","Inward","IEMIP","All Main Irish Ports","TEU Twenty-foot Equivalent","169176"
"TBQ04C02","Total Units (TEU Twenty-foot Equivalent)","20252","2025Q2","1","Inward","IEDUB","Dublin","TEU Twenty-foot Equivalent","123902"
"TBQ04C02","Total Units (TEU Twenty-foot Equivalent)","20252","2025Q2","1","Inward","IEORK","Cork","TEU Twenty-foot Equivalent","38469"
"TBQ04C02","Total Units (TEU Twenty-foot Equivalent)","20252","2025Q2","1","Inward","IEWAT","Waterford","TEU Twenty-foot Equivalent","6468"
"TBQ04C02","Total Units (TEU Twenty-foot Equivalent)","20252","2025Q2","1","Inward","IEFOV","Shannon Foynes","TEU Twenty-foot Equivalent","337"
"TBQ04C02","Total Units (TEU Twenty-foot Equivalent)","20252","2025Q2","2","Outward","IEMIP","All Main Irish Ports","TEU Twenty-foot Equivalent","168501"
"TBQ04C02","Total Units (TEU Twenty-foot Equivalent)","20252","2025Q2","2","Outward","IEDUB","Dublin","TEU Twenty-foot Equivalent","125325"
"TBQ04C02","Total Units (TEU Twenty-foot Equivalent)","20252","2025Q2","2","Outward","IEORK","Cork","TEU Twenty-foot Equivalent","36413"
"TBQ04C02","Total Units (TEU Twenty-foot Equivalent)","20252","2025Q2","2","Outward","IEWAT","Waterford","TEU Twenty-foot Equivalent","6657"
"TBQ04C02","Total Units (TEU Twenty-foot Equivalent)","20252","2025Q2","2","Outward","IEFOV","Shannon Foynes","TEU Twenty-foot Equivalent","106"
"TBQ04C02","Total Units (TEU Twenty-foot Equivalent)","20253","2025Q3","-","All directions","IEMIP","All Main Irish Ports","TEU Twenty-foot Equivalent","326865"
"TBQ04C02","Total Units (TEU Twenty-foot Equivalent)","20253","2025Q3","-","All directions","IEDUB","Dublin","TEU Twenty-foot Equivalent","241251"
"TBQ04C02","Total Units (TEU Twenty-foot Equivalent)","20253","2025Q3","-","All directions","IEORK","Cork","TEU Twenty-foot Equivalent","72821"
"TBQ04C02","Total Units (TEU Twenty-foot Equivalent)","20253","2025Q3","-","All directions","IEWAT","Waterford","TEU Twenty-foot Equivalent","12225"
"TBQ04C02","Total Units (TEU Twenty-foot Equivalent)","20253","2025Q3","-","All directions","IEFOV","Shannon Foynes","TEU Twenty-foot Equivalent","568"
"TBQ04C02","Total Units (TEU Twenty-foot Equivalent)","20253","2025Q3","1","Inward","IEMIP","All Main Irish Ports","TEU Twenty-foot Equivalent","164428"
"TBQ04C02","Total Units (TEU Twenty-foot Equivalent)","20253","2025Q3","1","Inward","IEDUB","Dublin","TEU Twenty-foot Equivalent","123090"
"TBQ04C02","Total Units (TEU Twenty-foot Equivalent)","20253","2025Q3","1","Inward","IEORK","Cork","TEU Twenty-foot Equivalent","34905"
"TBQ04C02","Total Units (TEU Twenty-foot Equivalent)","20253","2025Q3","1","Inward","IEWAT","Waterford","TEU Twenty-foot Equivalent","6090"
"TBQ04C02","Total Units (TEU Twenty-foot Equivalent)","20253","2025Q3","1","Inward","IEFOV","Shannon Foynes","TEU Twenty-foot Equivalent","344"
"TBQ04C02","Total Units (TEU Twenty-foot Equivalent)","20253","2025Q3","2","Outward","IEMIP","All Main Irish Ports","TEU Twenty-foot Equivalent","162436"
"TBQ04C02","Total Units (TEU Twenty-foot Equivalent)","20253","2025Q3","2","Outward","IEDUB","Dublin","TEU Twenty-foot Equivalent","118161"
"TBQ04C02","Total Units (TEU Twenty-foot Equivalent)","20253","2025Q3","2","Outward","IEORK","Cork","TEU Twenty-foot Equivalent","37916"
"TBQ04C02","Total Units (TEU Twenty-foot Equivalent)","20253","2025Q3","2","Outward","IEWAT","Waterford","TEU Twenty-foot Equivalent","6136"
"TBQ04C02","Total Units (TEU Twenty-foot Equivalent)","20253","2025Q3","2","Outward","IEFOV","Shannon Foynes","TEU Twenty-foot Equivalent","224"
"TBQ04C02","Total Units (TEU Twenty-foot Equivalent)","20254","2025Q4","-","All directions","IEMIP","All Main Irish Ports","TEU Twenty-foot Equivalent","325288"
"TBQ04C02","Total Units (TEU Twenty-foot Equivalent)","20254","2025Q4","-","All directions","IEDUB","Dublin","TEU Twenty-foot Equivalent","239627"
"TBQ04C02","Total Units (TEU Twenty-foot Equivalent)","20254","2025Q4","-","All directions","IEORK","Cork","TEU Twenty-foot Equivalent","74670"
"TBQ04C02","Total Units (TEU Twenty-foot Equivalent)","20254","2025Q4","-","All directions","IEWAT","Waterford","TEU Twenty-foot Equivalent","10246"
"TBQ04C02","Total Units (TEU Twenty-foot Equivalent)","20254","2025Q4","-","All directions","IEFOV","Shannon Foynes","TEU Twenty-foot Equivalent","745"
"TBQ04C02","Total Units (TEU Twenty-foot Equivalent)","20254","2025Q4","1","Inward","IEMIP","All Main Irish Ports","TEU Twenty-foot Equivalent","166187"
"TBQ04C02","Total Units (TEU Twenty-foot Equivalent)","20254","2025Q4","1","Inward","IEDUB","Dublin","TEU Twenty-foot Equivalent","123680"
"TBQ04C02","Total Units (TEU Twenty-foot Equivalent)","20254","2025Q4","1","Inward","IEORK","Cork","TEU Twenty-foot Equivalent","37065"
"TBQ04C02","Total Units (TEU Twenty-foot Equivalent)","20254","2025Q4","1","Inward","IEWAT","Waterford","TEU Twenty-foot Equivalent","5033"
"TBQ04C02","Total Units (TEU Twenty-foot Equivalent)","20254","2025Q4","1","Inward","IEFOV","Shannon Foynes","TEU Twenty-foot Equivalent","409"
"TBQ04C02","Total Units (TEU Twenty-foot Equivalent)","20254","2025Q4","2","Outward","IEMIP","All Main Irish Ports","TEU Twenty-foot Equivalent","159101"
"TBQ04C02","Total Units (TEU Twenty-foot Equivalent)","20254","2025Q4","2","Outward","IEDUB","Dublin","TEU Twenty-foot Equivalent","115947"
"TBQ04C02","Total Units (TEU Twenty-foot Equivalent)","20254","2025Q4","2","Outward","IEORK","Cork","TEU Twenty-foot Equivalent","37605"
"TBQ04C02","Total Units (TEU Twenty-foot Equivalent)","20254","2025Q4","2","Outward","IEWAT","Waterford","TEU Twenty-foot Equivalent","5213"
"TBQ04C02","Total Units (TEU Twenty-foot Equivalent)","20254","2025Q4","2","Outward","IEFOV","Shannon Foynes","TEU Twenty-foot Equivalent","336"
"TBQ04C02","Total Units (TEU Twenty-foot Equivalent)","20261","2026Q1","-","All directions","IEMIP","All Main Irish Ports","TEU Twenty-foot Equivalent","309219"
"TBQ04C02","Total Units (TEU Twenty-foot Equivalent)","20261","2026Q1","-","All directions","IEDUB","Dublin","TEU Twenty-foot Equivalent","233195"
"TBQ04C02","Total Units (TEU Twenty-foot Equivalent)","20261","2026Q1","-","All directions","IEORK","Cork","TEU Twenty-foot Equivalent","67344"
"TBQ04C02","Total Units (TEU Twenty-foot Equivalent)","20261","2026Q1","-","All directions","IEWAT","Waterford","TEU Twenty-foot Equivalent","8232"
"TBQ04C02","Total Units (TEU Twenty-foot Equivalent)","20261","2026Q1","-","All directions","IEFOV","Shannon Foynes","TEU Twenty-foot Equivalent","448"
"TBQ04C02","Total Units (TEU Twenty-foot Equivalent)","20261","2026Q1","1","Inward","IEMIP","All Main Irish Ports","TEU Twenty-foot Equivalent","157487"
"TBQ04C02","Total Units (TEU Twenty-foot Equivalent)","20261","2026Q1","1","Inward","IEDUB","Dublin","TEU Twenty-foot Equivalent","118656"
"TBQ04C02","Total Units (TEU Twenty-foot Equivalent)","20261","2026Q1","1","Inward","IEORK","Cork","TEU Twenty-foot Equivalent","34529"
"TBQ04C02","Total Units (TEU Twenty-foot Equivalent)","20261","2026Q1","1","Inward","IEWAT","Waterford","TEU Twenty-foot Equivalent","4302"
"TBQ04C02","Total Units (TEU Twenty-foot Equivalent)","20261","2026Q1","1","Inward","IEFOV","Shannon Foynes","TEU Twenty-foot Equivalent",""
"TBQ04C02","Total Units (TEU Twenty-foot Equivalent)","20261","2026Q1","2","Outward","IEMIP","All Main Irish Ports","TEU Twenty-foot Equivalent","151732"
"TBQ04C02","Total Units (TEU Twenty-foot Equivalent)","20261","2026Q1","2","Outward","IEDUB","Dublin","TEU Twenty-foot Equivalent","114539"
"TBQ04C02","Total Units (TEU Twenty-foot Equivalent)","20261","2026Q1","2","Outward","IEORK","Cork","TEU Twenty-foot Equivalent","32815"
"TBQ04C02","Total Units (TEU Twenty-foot Equivalent)","20261","2026Q1","2","Outward","IEWAT","Waterford","TEU Twenty-foot Equivalent","3930"
"TBQ04C02","Total Units (TEU Twenty-foot Equivalent)","20261","2026Q1","2","Outward","IEFOV","Shannon Foynes","TEU Twenty-foot Equivalent","448"
"TBQ04C03","Loaded Units (Number)","20171","2017Q1","-","All directions","IEMIP","All Main Irish Ports","Number","96471"
"TBQ04C03","Loaded Units (Number)","20171","2017Q1","-","All directions","IEDUB","Dublin","Number","69861"
"TBQ04C03","Loaded Units (Number)","20171","2017Q1","-","All directions","IEORK","Cork","Number","23271"
"TBQ04C03","Loaded Units (Number)","20171","2017Q1","-","All directions","IEWAT","Waterford","Number","3339"
"TBQ04C03","Loaded Units (Number)","20171","2017Q1","-","All directions","IEFOV","Shannon Foynes","Number",""
"TBQ04C03","Loaded Units (Number)","20171","2017Q1","1","Inward","IEMIP","All Main Irish Ports","Number","56770"
"TBQ04C03","Loaded Units (Number)","20171","2017Q1","1","Inward","IEDUB","Dublin","Number","43321"
"TBQ04C03","Loaded Units (Number)","20171","2017Q1","1","Inward","IEORK","Cork","Number","11949"
"TBQ04C03","Loaded Units (Number)","20171","2017Q1","1","Inward","IEWAT","Waterford","Number","1500"
"TBQ04C03","Loaded Units (Number)","20171","2017Q1","1","Inward","IEFOV","Shannon Foynes","Number",""
"TBQ04C03","Loaded Units (Number)","20171","2017Q1","2","Outward","IEMIP","All Main Irish Ports","Number","39701"
"TBQ04C03","Loaded Units (Number)","20171","2017Q1","2","Outward","IEDUB","Dublin","Number","26540"
"TBQ04C03","Loaded Units (Number)","20171","2017Q1","2","Outward","IEORK","Cork","Number","11322"
"TBQ04C03","Loaded Units (Number)","20171","2017Q1","2","Outward","IEWAT","Waterford","Number","1839"
"TBQ04C03","Loaded Units (Number)","20171","2017Q1","2","Outward","IEFOV","Shannon Foynes","Number",""
"TBQ04C03","Loaded Units (Number)","20172","2017Q2","-","All directions","IEMIP","All Main Irish Ports","Number","102379"
"TBQ04C03","Loaded Units (Number)","20172","2017Q2","-","All directions","IEDUB","Dublin","Number","74485"
"TBQ04C03","Loaded Units (Number)","20172","2017Q2","-","All directions","IEORK","Cork","Number","24228"
"TBQ04C03","Loaded Units (Number)","20172","2017Q2","-","All directions","IEWAT","Waterford","Number","3666"
"TBQ04C03","Loaded Units (Number)","20172","2017Q2","-","All directions","IEFOV","Shannon Foynes","Number",""
"TBQ04C03","Loaded Units (Number)","20172","2017Q2","1","Inward","IEMIP","All Main Irish Ports","Number","59011"
"TBQ04C03","Loaded Units (Number)","20172","2017Q2","1","Inward","IEDUB","Dublin","Number","45879"
"TBQ04C03","Loaded Units (Number)","20172","2017Q2","1","Inward","IEORK","Cork","Number","11604"
"TBQ04C03","Loaded Units (Number)","20172","2017Q2","1","Inward","IEWAT","Waterford","Number","1528"
"TBQ04C03","Loaded Units (Number)","20172","2017Q2","1","Inward","IEFOV","Shannon Foynes","Number",""
"TBQ04C03","Loaded Units (Number)","20172","2017Q2","2","Outward","IEMIP","All Main Irish Ports","Number","43368"
"TBQ04C03","Loaded Units (Number)","20172","2017Q2","2","Outward","IEDUB","Dublin","Number","28606"
"TBQ04C03","Loaded Units (Number)","20172","2017Q2","2","Outward","IEORK","Cork","Number","12624"
"TBQ04C03","Loaded Units (Number)","20172","2017Q2","2","Outward","IEWAT","Waterford","Number","2138"
"TBQ04C03","Loaded Units (Number)","20172","2017Q2","2","Outward","IEFOV","Shannon Foynes","Number",""
"TBQ04C03","Loaded Units (Number)","20173","2017Q3","-","All directions","IEMIP","All Main Irish Ports","Number","103443"
"TBQ04C03","Loaded Units (Number)","20173","2017Q3","-","All directions","IEDUB","Dublin","Number","76017"
"TBQ04C03","Loaded Units (Number)","20173","2017Q3","-","All directions","IEORK","Cork","Number","23515"
"TBQ04C03","Loaded Units (Number)","20173","2017Q3","-","All directions","IEWAT","Waterford","Number","3911"
"TBQ04C03","Loaded Units (Number)","20173","2017Q3","-","All directions","IEFOV","Shannon Foynes","Number",""
"TBQ04C03","Loaded Units (Number)","20173","2017Q3","1","Inward","IEMIP","All Main Irish Ports","Number","60080"
"TBQ04C03","Loaded Units (Number)","20173","2017Q3","1","Inward","IEDUB","Dublin","Number","46962"
"TBQ04C03","Loaded Units (Number)","20173","2017Q3","1","Inward","IEORK","Cork","Number","11473"
"TBQ04C03","Loaded Units (Number)","20173","2017Q3","1","Inward","IEWAT","Waterford","Number","1645"
"TBQ04C03","Loaded Units (Number)","20173","2017Q3","1","Inward","IEFOV","Shannon Foynes","Number",""
"TBQ04C03","Loaded Units (Number)","20173","2017Q3","2","Outward","IEMIP","All Main Irish Ports","Number","43363"
"TBQ04C03","Loaded Units (Number)","20173","2017Q3","2","Outward","IEDUB","Dublin","Number","29055"
"TBQ04C03","Loaded Units (Number)","20173","2017Q3","2","Outward","IEORK","Cork","Number","12042"
"TBQ04C03","Loaded Units (Number)","20173","2017Q3","2","Outward","IEWAT","Waterford","Number","2266"
"TBQ04C03","Loaded Units (Number)","20173","2017Q3","2","Outward","IEFOV","Shannon Foynes","Number",""
"TBQ04C03","Loaded Units (Number)","20174","2017Q4","-","All directions","IEMIP","All Main Irish Ports","Number","101674"
"TBQ04C03","Loaded Units (Number)","20174","2017Q4","-","All directions","IEDUB","Dublin","Number","74960"
"TBQ04C03","Loaded Units (Number)","20174","2017Q4","-","All directions","IEORK","Cork","Number","23274"
"TBQ04C03","Loaded Units (Number)","20174","2017Q4","-","All directions","IEWAT","Waterford","Number","3440"
"TBQ04C03","Loaded Units (Number)","20174","2017Q4","-","All directions","IEFOV","Shannon Foynes","Number",""
"TBQ04C03","Loaded Units (Number)","20174","2017Q4","1","Inward","IEMIP","All Main Irish Ports","Number","58358"
"TBQ04C03","Loaded Units (Number)","20174","2017Q4","1","Inward","IEDUB","Dublin","Number","45733"
"TBQ04C03","Loaded Units (Number)","20174","2017Q4","1","Inward","IEORK","Cork","Number","11031"
"TBQ04C03","Loaded Units (Number)","20174","2017Q4","1","Inward","IEWAT","Waterford","Number","1594"
"TBQ04C03","Loaded Units (Number)","20174","2017Q4","1","Inward","IEFOV","Shannon Foynes","Number",""
"TBQ04C03","Loaded Units (Number)","20174","2017Q4","2","Outward","IEMIP","All Main Irish Ports","Number","43316"
"TBQ04C03","Loaded Units (Number)","20174","2017Q4","2","Outward","IEDUB","Dublin","Number","29227"
"TBQ04C03","Loaded Units (Number)","20174","2017Q4","2","Outward","IEORK","Cork","Number","12243"
"TBQ04C03","Loaded Units (Number)","20174","2017Q4","2","Outward","IEWAT","Waterford","Number","1846"
"TBQ04C03","Loaded Units (Number)","20174","2017Q4","2","Outward","IEFOV","Shannon Foynes","Number",""
"TBQ04C03","Loaded Units (Number)","20181","2018Q1","-","All directions","IEMIP","All Main Irish Ports","Number","101754"
"TBQ04C03","Loaded Units (Number)","20181","2018Q1","-","All directions","IEDUB","Dublin","Number","74820"
"TBQ04C03","Loaded Units (Number)","20181","2018Q1","-","All directions","IEORK","Cork","Number","23615"
"TBQ04C03","Loaded Units (Number)","20181","2018Q1","-","All directions","IEWAT","Waterford","Number","3319"
"TBQ04C03","Loaded Units (Number)","20181","2018Q1","-","All directions","IEFOV","Shannon Foynes","Number",""
"TBQ04C03","Loaded Units (Number)","20181","2018Q1","1","Inward","IEMIP","All Main Irish Ports","Number","59826"
"TBQ04C03","Loaded Units (Number)","20181","2018Q1","1","Inward","IEDUB","Dublin","Number","46198"
"TBQ04C03","Loaded Units (Number)","20181","2018Q1","1","Inward","IEORK","Cork","Number","11933"
"TBQ04C03","Loaded Units (Number)","20181","2018Q1","1","Inward","IEWAT","Waterford","Number","1695"
"TBQ04C03","Loaded Units (Number)","20181","2018Q1","1","Inward","IEFOV","Shannon Foynes","Number",""
"TBQ04C03","Loaded Units (Number)","20181","2018Q1","2","Outward","IEMIP","All Main Irish Ports","Number","41928"
"TBQ04C03","Loaded Units (Number)","20181","2018Q1","2","Outward","IEDUB","Dublin","Number","28622"
"TBQ04C03","Loaded Units (Number)","20181","2018Q1","2","Outward","IEORK","Cork","Number","11682"
"TBQ04C03","Loaded Units (Number)","20181","2018Q1","2","Outward","IEWAT","Waterford","Number","1624"
"TBQ04C03","Loaded Units (Number)","20181","2018Q1","2","Outward","IEFOV","Shannon Foynes","Number",""
"TBQ04C03","Loaded Units (Number)","20182","2018Q2","-","All directions","IEMIP","All Main Irish Ports","Number","105558"
"TBQ04C03","Loaded Units (Number)","20182","2018Q2","-","All directions","IEDUB","Dublin","Number","76865"
"TBQ04C03","Loaded Units (Number)","20182","2018Q2","-","All directions","IEORK","Cork","Number","24720"
"TBQ04C03","Loaded Units (Number)","20182","2018Q2","-","All directions","IEWAT","Waterford","Number","3973"
"TBQ04C03","Loaded Units (Number)","20182","2018Q2","-","All directions","IEFOV","Shannon Foynes","Number",""
"TBQ04C03","Loaded Units (Number)","20182","2018Q2","1","Inward","IEMIP","All Main Irish Ports","Number","59865"
"TBQ04C03","Loaded Units (Number)","20182","2018Q2","1","Inward","IEDUB","Dublin","Number","46263"
"TBQ04C03","Loaded Units (Number)","20182","2018Q2","1","Inward","IEORK","Cork","Number","11899"
"TBQ04C03","Loaded Units (Number)","20182","2018Q2","1","Inward","IEWAT","Waterford","Number","1703"
"TBQ04C03","Loaded Units (Number)","20182","2018Q2","1","Inward","IEFOV","Shannon Foynes","Number",""
"TBQ04C03","Loaded Units (Number)","20182","2018Q2","2","Outward","IEMIP","All Main Irish Ports","Number","45693"
"TBQ04C03","Loaded Units (Number)","20182","2018Q2","2","Outward","IEDUB","Dublin","Number","30602"
"TBQ04C03","Loaded Units (Number)","20182","2018Q2","2","Outward","IEORK","Cork","Number","12821"
"TBQ04C03","Loaded Units (Number)","20182","2018Q2","2","Outward","IEWAT","Waterford","Number","2270"
"TBQ04C03","Loaded Units (Number)","20182","2018Q2","2","Outward","IEFOV","Shannon Foynes","Number",""
"TBQ04C03","Loaded Units (Number)","20183","2018Q3","-","All directions","IEMIP","All Main Irish Ports","Number","108762"
"TBQ04C03","Loaded Units (Number)","20183","2018Q3","-","All directions","IEDUB","Dublin","Number","80764"
"TBQ04C03","Loaded Units (Number)","20183","2018Q3","-","All directions","IEORK","Cork","Number","24388"
"TBQ04C03","Loaded Units (Number)","20183","2018Q3","-","All directions","IEWAT","Waterford","Number","3610"
"TBQ04C03","Loaded Units (Number)","20183","2018Q3","-","All directions","IEFOV","Shannon Foynes","Number",""
"TBQ04C03","Loaded Units (Number)","20183","2018Q3","1","Inward","IEMIP","All Main Irish Ports","Number","64956"
"TBQ04C03","Loaded Units (Number)","20183","2018Q3","1","Inward","IEDUB","Dublin","Number","51475"
"TBQ04C03","Loaded Units (Number)","20183","2018Q3","1","Inward","IEORK","Cork","Number","11967"
"TBQ04C03","Loaded Units (Number)","20183","2018Q3","1","Inward","IEWAT","Waterford","Number","1514"
"TBQ04C03","Loaded Units (Number)","20183","2018Q3","1","Inward","IEFOV","Shannon Foynes","Number",""
"TBQ04C03","Loaded Units (Number)","20183","2018Q3","2","Outward","IEMIP","All Main Irish Ports","Number","43806"
"TBQ04C03","Loaded Units (Number)","20183","2018Q3","2","Outward","IEDUB","Dublin","Number","29289"
"TBQ04C03","Loaded Units (Number)","20183","2018Q3","2","Outward","IEORK","Cork","Number","12421"
"TBQ04C03","Loaded Units (Number)","20183","2018Q3","2","Outward","IEWAT","Waterford","Number","2096"
"TBQ04C03","Loaded Units (Number)","20183","2018Q3","2","Outward","IEFOV","Shannon Foynes","Number",""
"TBQ04C03","Loaded Units (Number)","20184","2018Q4","-","All directions","IEMIP","All Main Irish Ports","Number","105814"
"TBQ04C03","Loaded Units (Number)","20184","2018Q4","-","All directions","IEDUB","Dublin","Number","76861"
"TBQ04C03","Loaded Units (Number)","20184","2018Q4","-","All directions","IEORK","Cork","Number","25250"
"TBQ04C03","Loaded Units (Number)","20184","2018Q4","-","All directions","IEWAT","Waterford","Number","3703"
"TBQ04C03","Loaded Units (Number)","20184","2018Q4","-","All directions","IEFOV","Shannon Foynes","Number",""
"TBQ04C03","Loaded Units (Number)","20184","2018Q4","1","Inward","IEMIP","All Main Irish Ports","Number","62338"
"TBQ04C03","Loaded Units (Number)","20184","2018Q4","1","Inward","IEDUB","Dublin","Number","48363"
"TBQ04C03","Loaded Units (Number)","20184","2018Q4","1","Inward","IEORK","Cork","Number","12504"
"TBQ04C03","Loaded Units (Number)","20184","2018Q4","1","Inward","IEWAT","Waterford","Number","1471"
"TBQ04C03","Loaded Units (Number)","20184","2018Q4","1","Inward","IEFOV","Shannon Foynes","Number",""
"TBQ04C03","Loaded Units (Number)","20184","2018Q4","2","Outward","IEMIP","All Main Irish Ports","Number","43476"
"TBQ04C03","Loaded Units (Number)","20184","2018Q4","2","Outward","IEDUB","Dublin","Number","28498"
"TBQ04C03","Loaded Units (Number)","20184","2018Q4","2","Outward","IEORK","Cork","Number","12746"
"TBQ04C03","Loaded Units (Number)","20184","2018Q4","2","Outward","IEWAT","Waterford","Number","2232"
"TBQ04C03","Loaded Units (Number)","20184","2018Q4","2","Outward","IEFOV","Shannon Foynes","Number",""
"TBQ04C03","Loaded Units (Number)","20191","2019Q1","-","All directions","IEMIP","All Main Irish Ports","Number","108620"
"TBQ04C03","Loaded Units (Number)","20191","2019Q1","-","All directions","IEDUB","Dublin","Number","80232"
"TBQ04C03","Loaded Units (Number)","20191","2019Q1","-","All directions","IEORK","Cork","Number","24812"
"TBQ04C03","Loaded Units (Number)","20191","2019Q1","-","All directions","IEWAT","Waterford","Number","3576"
"TBQ04C03","Loaded Units (Number)","20191","2019Q1","-","All directions","IEFOV","Shannon Foynes","Number",""
"TBQ04C03","Loaded Units (Number)","20191","2019Q1","1","Inward","IEMIP","All Main Irish Ports","Number","64174"
"TBQ04C03","Loaded Units (Number)","20191","2019Q1","1","Inward","IEDUB","Dublin","Number","50007"
"TBQ04C03","Loaded Units (Number)","20191","2019Q1","1","Inward","IEORK","Cork","Number","12559"
"TBQ04C03","Loaded Units (Number)","20191","2019Q1","1","Inward","IEWAT","Waterford","Number","1608"
"TBQ04C03","Loaded Units (Number)","20191","2019Q1","1","Inward","IEFOV","Shannon Foynes","Number",""
"TBQ04C03","Loaded Units (Number)","20191","2019Q1","2","Outward","IEMIP","All Main Irish Ports","Number","44446"
"TBQ04C03","Loaded Units (Number)","20191","2019Q1","2","Outward","IEDUB","Dublin","Number","30225"
"TBQ04C03","Loaded Units (Number)","20191","2019Q1","2","Outward","IEORK","Cork","Number","12253"
"TBQ04C03","Loaded Units (Number)","20191","2019Q1","2","Outward","IEWAT","Waterford","Number","1968"
"TBQ04C03","Loaded Units (Number)","20191","2019Q1","2","Outward","IEFOV","Shannon Foynes","Number",""
"TBQ04C03","Loaded Units (Number)","20192","2019Q2","-","All directions","IEMIP","All Main Irish Ports","Number","115658"
"TBQ04C03","Loaded Units (Number)","20192","2019Q2","-","All directions","IEDUB","Dublin","Number","84856"
"TBQ04C03","Loaded Units (Number)","20192","2019Q2","-","All directions","IEORK","Cork","Number","26843"
"TBQ04C03","Loaded Units (Number)","20192","2019Q2","-","All directions","IEWAT","Waterford","Number","3959"
"TBQ04C03","Loaded Units (Number)","20192","2019Q2","-","All directions","IEFOV","Shannon Foynes","Number",""
"TBQ04C03","Loaded Units (Number)","20192","2019Q2","1","Inward","IEMIP","All Main Irish Ports","Number","66443"
"TBQ04C03","Loaded Units (Number)","20192","2019Q2","1","Inward","IEDUB","Dublin","Number","51883"
"TBQ04C03","Loaded Units (Number)","20192","2019Q2","1","Inward","IEORK","Cork","Number","13047"
"TBQ04C03","Loaded Units (Number)","20192","2019Q2","1","Inward","IEWAT","Waterford","Number","1513"
"TBQ04C03","Loaded Units (Number)","20192","2019Q2","1","Inward","IEFOV","Shannon Foynes","Number",""
"TBQ04C03","Loaded Units (Number)","20192","2019Q2","2","Outward","IEMIP","All Main Irish Ports","Number","49215"
"TBQ04C03","Loaded Units (Number)","20192","2019Q2","2","Outward","IEDUB","Dublin","Number","32973"
"TBQ04C03","Loaded Units (Number)","20192","2019Q2","2","Outward","IEORK","Cork","Number","13796"
"TBQ04C03","Loaded Units (Number)","20192","2019Q2","2","Outward","IEWAT","Waterford","Number","2446"
"TBQ04C03","Loaded Units (Number)","20192","2019Q2","2","Outward","IEFOV","Shannon Foynes","Number",""
"TBQ04C03","Loaded Units (Number)","20193","2019Q3","-","All directions","IEMIP","All Main Irish Ports","Number","112558"
"TBQ04C03","Loaded Units (Number)","20193","2019Q3","-","All directions","IEDUB","Dublin","Number","82657"
"TBQ04C03","Loaded Units (Number)","20193","2019Q3","-","All directions","IEORK","Cork","Number","25926"
"TBQ04C03","Loaded Units (Number)","20193","2019Q3","-","All directions","IEWAT","Waterford","Number","3975"
"TBQ04C03","Loaded Units (Number)","20193","2019Q3","-","All directions","IEFOV","Shannon Foynes","Number",""
"TBQ04C03","Loaded Units (Number)","20193","2019Q3","1","Inward","IEMIP","All Main Irish Ports","Number","65248"
"TBQ04C03","Loaded Units (Number)","20193","2019Q3","1","Inward","IEDUB","Dublin","Number","51632"
"TBQ04C03","Loaded Units (Number)","20193","2019Q3","1","Inward","IEORK","Cork","Number","12221"
"TBQ04C03","Loaded Units (Number)","20193","2019Q3","1","Inward","IEWAT","Waterford","Number","1395"
"TBQ04C03","Loaded Units (Number)","20193","2019Q3","1","Inward","IEFOV","Shannon Foynes","Number",""
"TBQ04C03","Loaded Units (Number)","20193","2019Q3","2","Outward","IEMIP","All Main Irish Ports","Number","47310"
"TBQ04C03","Loaded Units (Number)","20193","2019Q3","2","Outward","IEDUB","Dublin","Number","31025"
"TBQ04C03","Loaded Units (Number)","20193","2019Q3","2","Outward","IEORK","Cork","Number","13705"
"TBQ04C03","Loaded Units (Number)","20193","2019Q3","2","Outward","IEWAT","Waterford","Number","2580"
"TBQ04C03","Loaded Units (Number)","20193","2019Q3","2","Outward","IEFOV","Shannon Foynes","Number",""
"TBQ04C03","Loaded Units (Number)","20194","2019Q4","-","All directions","IEMIP","All Main Irish Ports","Number","108279"
"TBQ04C03","Loaded Units (Number)","20194","2019Q4","-","All directions","IEDUB","Dublin","Number","78545"
"TBQ04C03","Loaded Units (Number)","20194","2019Q4","-","All directions","IEORK","Cork","Number","25411"
"TBQ04C03","Loaded Units (Number)","20194","2019Q4","-","All directions","IEWAT","Waterford","Number","4323"
"TBQ04C03","Loaded Units (Number)","20194","2019Q4","-","All directions","IEFOV","Shannon Foynes","Number",""
"TBQ04C03","Loaded Units (Number)","20194","2019Q4","1","Inward","IEMIP","All Main Irish Ports","Number","62150"
"TBQ04C03","Loaded Units (Number)","20194","2019Q4","1","Inward","IEDUB","Dublin","Number","48261"
"TBQ04C03","Loaded Units (Number)","20194","2019Q4","1","Inward","IEORK","Cork","Number","12183"
"TBQ04C03","Loaded Units (Number)","20194","2019Q4","1","Inward","IEWAT","Waterford","Number","1706"
"TBQ04C03","Loaded Units (Number)","20194","2019Q4","1","Inward","IEFOV","Shannon Foynes","Number",""
"TBQ04C03","Loaded Units (Number)","20194","2019Q4","2","Outward","IEMIP","All Main Irish Ports","Number","46129"
"TBQ04C03","Loaded Units (Number)","20194","2019Q4","2","Outward","IEDUB","Dublin","Number","30284"
"TBQ04C03","Loaded Units (Number)","20194","2019Q4","2","Outward","IEORK","Cork","Number","13228"
"TBQ04C03","Loaded Units (Number)","20194","2019Q4","2","Outward","IEWAT","Waterford","Number","2617"
"TBQ04C03","Loaded Units (Number)","20194","2019Q4","2","Outward","IEFOV","Shannon Foynes","Number",""
"TBQ04C03","Loaded Units (Number)","20201","2020Q1","-","All directions","IEMIP","All Main Irish Ports","Number","107229"
"TBQ04C03","Loaded Units (Number)","20201","2020Q1","-","All directions","IEDUB","Dublin","Number","79235"
"TBQ04C03","Loaded Units (Number)","20201","2020Q1","-","All directions","IEORK","Cork","Number","23587"
"TBQ04C03","Loaded Units (Number)","20201","2020Q1","-","All directions","IEWAT","Waterford","Number","4407"
"TBQ04C03","Loaded Units (Number)","20201","2020Q1","-","All directions","IEFOV","Shannon Foynes","Number",""
"TBQ04C03","Loaded Units (Number)","20201","2020Q1","1","Inward","IEMIP","All Main Irish Ports","Number","63392"
"TBQ04C03","Loaded Units (Number)","20201","2020Q1","1","Inward","IEDUB","Dublin","Number","49317"
"TBQ04C03","Loaded Units (Number)","20201","2020Q1","1","Inward","IEORK","Cork","Number","12082"
"TBQ04C03","Loaded Units (Number)","20201","2020Q1","1","Inward","IEWAT","Waterford","Number","1993"
"TBQ04C03","Loaded Units (Number)","20201","2020Q1","1","Inward","IEFOV","Shannon Foynes","Number",""
"TBQ04C03","Loaded Units (Number)","20201","2020Q1","2","Outward","IEMIP","All Main Irish Ports","Number","43837"
"TBQ04C03","Loaded Units (Number)","20201","2020Q1","2","Outward","IEDUB","Dublin","Number","29918"
"TBQ04C03","Loaded Units (Number)","20201","2020Q1","2","Outward","IEORK","Cork","Number","11505"
"TBQ04C03","Loaded Units (Number)","20201","2020Q1","2","Outward","IEWAT","Waterford","Number","2414"
"TBQ04C03","Loaded Units (Number)","20201","2020Q1","2","Outward","IEFOV","Shannon Foynes","Number",""
"TBQ04C03","Loaded Units (Number)","20202","2020Q2","-","All directions","IEMIP","All Main Irish Ports","Number","102561"
"TBQ04C03","Loaded Units (Number)","20202","2020Q2","-","All directions","IEDUB","Dublin","Number","71787"
"TBQ04C03","Loaded Units (Number)","20202","2020Q2","-","All directions","IEORK","Cork","Number","26656"
"TBQ04C03","Loaded Units (Number)","20202","2020Q2","-","All directions","IEWAT","Waterford","Number","4118"
"TBQ04C03","Loaded Units (Number)","20202","2020Q2","-","All directions","IEFOV","Shannon Foynes","Number",""
"TBQ04C03","Loaded Units (Number)","20202","2020Q2","1","Inward","IEMIP","All Main Irish Ports","Number","56509"
"TBQ04C03","Loaded Units (Number)","20202","2020Q2","1","Inward","IEDUB","Dublin","Number","42310"
"TBQ04C03","Loaded Units (Number)","20202","2020Q2","1","Inward","IEORK","Cork","Number","12376"
"TBQ04C03","Loaded Units (Number)","20202","2020Q2","1","Inward","IEWAT","Waterford","Number","1823"
"TBQ04C03","Loaded Units (Number)","20202","2020Q2","1","Inward","IEFOV","Shannon Foynes","Number",""
"TBQ04C03","Loaded Units (Number)","20202","2020Q2","2","Outward","IEMIP","All Main Irish Ports","Number","46052"
"TBQ04C03","Loaded Units (Number)","20202","2020Q2","2","Outward","IEDUB","Dublin","Number","29477"
"TBQ04C03","Loaded Units (Number)","20202","2020Q2","2","Outward","IEORK","Cork","Number","14280"
"TBQ04C03","Loaded Units (Number)","20202","2020Q2","2","Outward","IEWAT","Waterford","Number","2295"
"TBQ04C03","Loaded Units (Number)","20202","2020Q2","2","Outward","IEFOV","Shannon Foynes","Number",""
"TBQ04C03","Loaded Units (Number)","20203","2020Q3","-","All directions","IEMIP","All Main Irish Ports","Number","114744"
"TBQ04C03","Loaded Units (Number)","20203","2020Q3","-","All directions","IEDUB","Dublin","Number","82462"
"TBQ04C03","Loaded Units (Number)","20203","2020Q3","-","All directions","IEORK","Cork","Number","27464"
"TBQ04C03","Loaded Units (Number)","20203","2020Q3","-","All directions","IEWAT","Waterford","Number","4818"
"TBQ04C03","Loaded Units (Number)","20203","2020Q3","-","All directions","IEFOV","Shannon Foynes","Number",""
"TBQ04C03","Loaded Units (Number)","20203","2020Q3","1","Inward","IEMIP","All Main Irish Ports","Number","67670"
"TBQ04C03","Loaded Units (Number)","20203","2020Q3","1","Inward","IEDUB","Dublin","Number","52507"
"TBQ04C03","Loaded Units (Number)","20203","2020Q3","1","Inward","IEORK","Cork","Number","13155"
"TBQ04C03","Loaded Units (Number)","20203","2020Q3","1","Inward","IEWAT","Waterford","Number","2008"
"TBQ04C03","Loaded Units (Number)","20203","2020Q3","1","Inward","IEFOV","Shannon Foynes","Number",""
"TBQ04C03","Loaded Units (Number)","20203","2020Q3","2","Outward","IEMIP","All Main Irish Ports","Number","47074"
"TBQ04C03","Loaded Units (Number)","20203","2020Q3","2","Outward","IEDUB","Dublin","Number","29955"
"TBQ04C03","Loaded Units (Number)","20203","2020Q3","2","Outward","IEORK","Cork","Number","14309"
"TBQ04C03","Loaded Units (Number)","20203","2020Q3","2","Outward","IEWAT","Waterford","Number","2810"
"TBQ04C03","Loaded Units (Number)","20203","2020Q3","2","Outward","IEFOV","Shannon Foynes","Number",""
"TBQ04C03","Loaded Units (Number)","20204","2020Q4","-","All directions","IEMIP","All Main Irish Ports","Number","115975"
"TBQ04C03","Loaded Units (Number)","20204","2020Q4","-","All directions","IEDUB","Dublin","Number","84019"
"TBQ04C03","Loaded Units (Number)","20204","2020Q4","-","All directions","IEORK","Cork","Number","28187"
"TBQ04C03","Loaded Units (Number)","20204","2020Q4","-","All directions","IEWAT","Waterford","Number","3769"
"TBQ04C03","Loaded Units (Number)","20204","2020Q4","-","All directions","IEFOV","Shannon Foynes","Number",""
"TBQ04C03","Loaded Units (Number)","20204","2020Q4","1","Inward","IEMIP","All Main Irish Ports","Number","70141"
"TBQ04C03","Loaded Units (Number)","20204","2020Q4","1","Inward","IEDUB","Dublin","Number","54487"
"TBQ04C03","Loaded Units (Number)","20204","2020Q4","1","Inward","IEORK","Cork","Number","14091"
"TBQ04C03","Loaded Units (Number)","20204","2020Q4","1","Inward","IEWAT","Waterford","Number","1563"
"TBQ04C03","Loaded Units (Number)","20204","2020Q4","1","Inward","IEFOV","Shannon Foynes","Number",""
"TBQ04C03","Loaded Units (Number)","20204","2020Q4","2","Outward","IEMIP","All Main Irish Ports","Number","45834"
"TBQ04C03","Loaded Units (Number)","20204","2020Q4","2","Outward","IEDUB","Dublin","Number","29532"
"TBQ04C03","Loaded Units (Number)","20204","2020Q4","2","Outward","IEORK","Cork","Number","14096"
"TBQ04C03","Loaded Units (Number)","20204","2020Q4","2","Outward","IEWAT","Waterford","Number","2206"
"TBQ04C03","Loaded Units (Number)","20204","2020Q4","2","Outward","IEFOV","Shannon Foynes","Number",""
"TBQ04C03","Loaded Units (Number)","20211","2021Q1","-","All directions","IEMIP","All Main Irish Ports","Number","117256"
"TBQ04C03","Loaded Units (Number)","20211","2021Q1","-","All directions","IEDUB","Dublin","Number","86390"
"TBQ04C03","Loaded Units (Number)","20211","2021Q1","-","All directions","IEORK","Cork","Number","26708"
"TBQ04C03","Loaded Units (Number)","20211","2021Q1","-","All directions","IEWAT","Waterford","Number","4158"
"TBQ04C03","Loaded Units (Number)","20211","2021Q1","-","All directions","IEFOV","Shannon Foynes","Number",""
"TBQ04C03","Loaded Units (Number)","20211","2021Q1","1","Inward","IEMIP","All Main Irish Ports","Number","71197"
"TBQ04C03","Loaded Units (Number)","20211","2021Q1","1","Inward","IEDUB","Dublin","Number","55416"
"TBQ04C03","Loaded Units (Number)","20211","2021Q1","1","Inward","IEORK","Cork","Number","14010"
"TBQ04C03","Loaded Units (Number)","20211","2021Q1","1","Inward","IEWAT","Waterford","Number","1771"
"TBQ04C03","Loaded Units (Number)","20211","2021Q1","1","Inward","IEFOV","Shannon Foynes","Number",""
"TBQ04C03","Loaded Units (Number)","20211","2021Q1","2","Outward","IEMIP","All Main Irish Ports","Number","46059"
"TBQ04C03","Loaded Units (Number)","20211","2021Q1","2","Outward","IEDUB","Dublin","Number","30974"
"TBQ04C03","Loaded Units (Number)","20211","2021Q1","2","Outward","IEORK","Cork","Number","12698"
"TBQ04C03","Loaded Units (Number)","20211","2021Q1","2","Outward","IEWAT","Waterford","Number","2387"
"TBQ04C03","Loaded Units (Number)","20211","2021Q1","2","Outward","IEFOV","Shannon Foynes","Number",""
"TBQ04C03","Loaded Units (Number)","20212","2021Q2","-","All directions","IEMIP","All Main Irish Ports","Number","126131"
"TBQ04C03","Loaded Units (Number)","20212","2021Q2","-","All directions","IEDUB","Dublin","Number","90792"
"TBQ04C03","Loaded Units (Number)","20212","2021Q2","-","All directions","IEORK","Cork","Number","31067"
"TBQ04C03","Loaded Units (Number)","20212","2021Q2","-","All directions","IEWAT","Waterford","Number","4272"
"TBQ04C03","Loaded Units (Number)","20212","2021Q2","-","All directions","IEFOV","Shannon Foynes","Number",""
"TBQ04C03","Loaded Units (Number)","20212","2021Q2","1","Inward","IEMIP","All Main Irish Ports","Number","74788"
"TBQ04C03","Loaded Units (Number)","20212","2021Q2","1","Inward","IEDUB","Dublin","Number","57417"
"TBQ04C03","Loaded Units (Number)","20212","2021Q2","1","Inward","IEORK","Cork","Number","15440"
"TBQ04C03","Loaded Units (Number)","20212","2021Q2","1","Inward","IEWAT","Waterford","Number","1931"
"TBQ04C03","Loaded Units (Number)","20212","2021Q2","1","Inward","IEFOV","Shannon Foynes","Number",""
"TBQ04C03","Loaded Units (Number)","20212","2021Q2","2","Outward","IEMIP","All Main Irish Ports","Number","51343"
"TBQ04C03","Loaded Units (Number)","20212","2021Q2","2","Outward","IEDUB","Dublin","Number","33375"
"TBQ04C03","Loaded Units (Number)","20212","2021Q2","2","Outward","IEORK","Cork","Number","15627"
"TBQ04C03","Loaded Units (Number)","20212","2021Q2","2","Outward","IEWAT","Waterford","Number","2341"
"TBQ04C03","Loaded Units (Number)","20212","2021Q2","2","Outward","IEFOV","Shannon Foynes","Number",""
"TBQ04C03","Loaded Units (Number)","20213","2021Q3","-","All directions","IEMIP","All Main Irish Ports","Number","124911"
"TBQ04C03","Loaded Units (Number)","20213","2021Q3","-","All directions","IEDUB","Dublin","Number","89855"
"TBQ04C03","Loaded Units (Number)","20213","2021Q3","-","All directions","IEORK","Cork","Number","30786"
"TBQ04C03","Loaded Units (Number)","20213","2021Q3","-","All directions","IEWAT","Waterford","Number","4270"
"TBQ04C03","Loaded Units (Number)","20213","2021Q3","-","All directions","IEFOV","Shannon Foynes","Number",""
"TBQ04C03","Loaded Units (Number)","20213","2021Q3","1","Inward","IEMIP","All Main Irish Ports","Number","75376"
"TBQ04C03","Loaded Units (Number)","20213","2021Q3","1","Inward","IEDUB","Dublin","Number","57790"
"TBQ04C03","Loaded Units (Number)","20213","2021Q3","1","Inward","IEORK","Cork","Number","15759"
"TBQ04C03","Loaded Units (Number)","20213","2021Q3","1","Inward","IEWAT","Waterford","Number","1827"
"TBQ04C03","Loaded Units (Number)","20213","2021Q3","1","Inward","IEFOV","Shannon Foynes","Number",""
"TBQ04C03","Loaded Units (Number)","20213","2021Q3","2","Outward","IEMIP","All Main Irish Ports","Number","49535"
"TBQ04C03","Loaded Units (Number)","20213","2021Q3","2","Outward","IEDUB","Dublin","Number","32065"
"TBQ04C03","Loaded Units (Number)","20213","2021Q3","2","Outward","IEORK","Cork","Number","15027"
"TBQ04C03","Loaded Units (Number)","20213","2021Q3","2","Outward","IEWAT","Waterford","Number","2443"
"TBQ04C03","Loaded Units (Number)","20213","2021Q3","2","Outward","IEFOV","Shannon Foynes","Number",""
"TBQ04C03","Loaded Units (Number)","20214","2021Q4","-","All directions","IEMIP","All Main Irish Ports","Number","119521"
"TBQ04C03","Loaded Units (Number)","20214","2021Q4","-","All directions","IEDUB","Dublin","Number","86300"
"TBQ04C03","Loaded Units (Number)","20214","2021Q4","-","All directions","IEORK","Cork","Number","29206"
"TBQ04C03","Loaded Units (Number)","20214","2021Q4","-","All directions","IEWAT","Waterford","Number","4015"
"TBQ04C03","Loaded Units (Number)","20214","2021Q4","-","All directions","IEFOV","Shannon Foynes","Number",""
"TBQ04C03","Loaded Units (Number)","20214","2021Q4","1","Inward","IEMIP","All Main Irish Ports","Number","72587"
"TBQ04C03","Loaded Units (Number)","20214","2021Q4","1","Inward","IEDUB","Dublin","Number","55931"
"TBQ04C03","Loaded Units (Number)","20214","2021Q4","1","Inward","IEORK","Cork","Number","15038"
"TBQ04C03","Loaded Units (Number)","20214","2021Q4","1","Inward","IEWAT","Waterford","Number","1618"
"TBQ04C03","Loaded Units (Number)","20214","2021Q4","1","Inward","IEFOV","Shannon Foynes","Number",""
"TBQ04C03","Loaded Units (Number)","20214","2021Q4","2","Outward","IEMIP","All Main Irish Ports","Number","46934"
"TBQ04C03","Loaded Units (Number)","20214","2021Q4","2","Outward","IEDUB","Dublin","Number","30369"
"TBQ04C03","Loaded Units (Number)","20214","2021Q4","2","Outward","IEORK","Cork","Number","14168"
"TBQ04C03","Loaded Units (Number)","20214","2021Q4","2","Outward","IEWAT","Waterford","Number","2397"
"TBQ04C03","Loaded Units (Number)","20214","2021Q4","2","Outward","IEFOV","Shannon Foynes","Number",""
"TBQ04C03","Loaded Units (Number)","20221","2022Q1","-","All directions","IEMIP","All Main Irish Ports","Number","114823"
"TBQ04C03","Loaded Units (Number)","20221","2022Q1","-","All directions","IEDUB","Dublin","Number","81866"
"TBQ04C03","Loaded Units (Number)","20221","2022Q1","-","All directions","IEORK","Cork","Number","28987"
"TBQ04C03","Loaded Units (Number)","20221","2022Q1","-","All directions","IEWAT","Waterford","Number","3970"
"TBQ04C03","Loaded Units (Number)","20221","2022Q1","-","All directions","IEFOV","Shannon Foynes","Number",""
"TBQ04C03","Loaded Units (Number)","20221","2022Q1","1","Inward","IEMIP","All Main Irish Ports","Number","71225"
"TBQ04C03","Loaded Units (Number)","20221","2022Q1","1","Inward","IEDUB","Dublin","Number","53360"
"TBQ04C03","Loaded Units (Number)","20221","2022Q1","1","Inward","IEORK","Cork","Number","15889"
"TBQ04C03","Loaded Units (Number)","20221","2022Q1","1","Inward","IEWAT","Waterford","Number","1976"
"TBQ04C03","Loaded Units (Number)","20221","2022Q1","1","Inward","IEFOV","Shannon Foynes","Number",""
"TBQ04C03","Loaded Units (Number)","20221","2022Q1","2","Outward","IEMIP","All Main Irish Ports","Number","43598"
"TBQ04C03","Loaded Units (Number)","20221","2022Q1","2","Outward","IEDUB","Dublin","Number","28506"
"TBQ04C03","Loaded Units (Number)","20221","2022Q1","2","Outward","IEORK","Cork","Number","13098"
"TBQ04C03","Loaded Units (Number)","20221","2022Q1","2","Outward","IEWAT","Waterford","Number","1994"
"TBQ04C03","Loaded Units (Number)","20221","2022Q1","2","Outward","IEFOV","Shannon Foynes","Number",""
"TBQ04C03","Loaded Units (Number)","20222","2022Q2","-","All directions","IEMIP","All Main Irish Ports","Number","127860"
"TBQ04C03","Loaded Units (Number)","20222","2022Q2","-","All directions","IEDUB","Dublin","Number","92182"
"TBQ04C03","Loaded Units (Number)","20222","2022Q2","-","All directions","IEORK","Cork","Number","30860"
"TBQ04C03","Loaded Units (Number)","20222","2022Q2","-","All directions","IEWAT","Waterford","Number","4818"
"TBQ04C03","Loaded Units (Number)","20222","2022Q2","-","All directions","IEFOV","Shannon Foynes","Number",""
"TBQ04C03","Loaded Units (Number)","20222","2022Q2","1","Inward","IEMIP","All Main Irish Ports","Number","76168"
"TBQ04C03","Loaded Units (Number)","20222","2022Q2","1","Inward","IEDUB","Dublin","Number","58221"
"TBQ04C03","Loaded Units (Number)","20222","2022Q2","1","Inward","IEORK","Cork","Number","15844"
"TBQ04C03","Loaded Units (Number)","20222","2022Q2","1","Inward","IEWAT","Waterford","Number","2103"
"TBQ04C03","Loaded Units (Number)","20222","2022Q2","1","Inward","IEFOV","Shannon Foynes","Number",""
"TBQ04C03","Loaded Units (Number)","20222","2022Q2","2","Outward","IEMIP","All Main Irish Ports","Number","51692"
"TBQ04C03","Loaded Units (Number)","20222","2022Q2","2","Outward","IEDUB","Dublin","Number","33961"
"TBQ04C03","Loaded Units (Number)","20222","2022Q2","2","Outward","IEORK","Cork","Number","15016"
"TBQ04C03","Loaded Units (Number)","20222","2022Q2","2","Outward","IEWAT","Waterford","Number","2715"
"TBQ04C03","Loaded Units (Number)","20222","2022Q2","2","Outward","IEFOV","Shannon Foynes","Number",""
"TBQ04C03","Loaded Units (Number)","20223","2022Q3","-","All directions","IEMIP","All Main Irish Ports","Number","119291"
"TBQ04C03","Loaded Units (Number)","20223","2022Q3","-","All directions","IEDUB","Dublin","Number","86585"
"TBQ04C03","Loaded Units (Number)","20223","2022Q3","-","All directions","IEORK","Cork","Number","28678"
"TBQ04C03","Loaded Units (Number)","20223","2022Q3","-","All directions","IEWAT","Waterford","Number","4028"
"TBQ04C03","Loaded Units (Number)","20223","2022Q3","-","All directions","IEFOV","Shannon Foynes","Number",""
"TBQ04C03","Loaded Units (Number)","20223","2022Q3","1","Inward","IEMIP","All Main Irish Ports","Number","71279"
"TBQ04C03","Loaded Units (Number)","20223","2022Q3","1","Inward","IEDUB","Dublin","Number","55006"
"TBQ04C03","Loaded Units (Number)","20223","2022Q3","1","Inward","IEORK","Cork","Number","14583"
"TBQ04C03","Loaded Units (Number)","20223","2022Q3","1","Inward","IEWAT","Waterford","Number","1690"
"TBQ04C03","Loaded Units (Number)","20223","2022Q3","1","Inward","IEFOV","Shannon Foynes","Number",""
"TBQ04C03","Loaded Units (Number)","20223","2022Q3","2","Outward","IEMIP","All Main Irish Ports","Number","48012"
"TBQ04C03","Loaded Units (Number)","20223","2022Q3","2","Outward","IEDUB","Dublin","Number","31579"
"TBQ04C03","Loaded Units (Number)","20223","2022Q3","2","Outward","IEORK","Cork","Number","14095"
"TBQ04C03","Loaded Units (Number)","20223","2022Q3","2","Outward","IEWAT","Waterford","Number","2338"
"TBQ04C03","Loaded Units (Number)","20223","2022Q3","2","Outward","IEFOV","Shannon Foynes","Number",""
"TBQ04C03","Loaded Units (Number)","20224","2022Q4","-","All directions","IEMIP","All Main Irish Ports","Number","110074"
"TBQ04C03","Loaded Units (Number)","20224","2022Q4","-","All directions","IEDUB","Dublin","Number","78655"
"TBQ04C03","Loaded Units (Number)","20224","2022Q4","-","All directions","IEORK","Cork","Number","27494"
"TBQ04C03","Loaded Units (Number)","20224","2022Q4","-","All directions","IEWAT","Waterford","Number","3925"
"TBQ04C03","Loaded Units (Number)","20224","2022Q4","-","All directions","IEFOV","Shannon Foynes","Number",""
"TBQ04C03","Loaded Units (Number)","20224","2022Q4","1","Inward","IEMIP","All Main Irish Ports","Number","64326"
"TBQ04C03","Loaded Units (Number)","20224","2022Q4","1","Inward","IEDUB","Dublin","Number","48619"
"TBQ04C03","Loaded Units (Number)","20224","2022Q4","1","Inward","IEORK","Cork","Number","14068"
"TBQ04C03","Loaded Units (Number)","20224","2022Q4","1","Inward","IEWAT","Waterford","Number","1639"
"TBQ04C03","Loaded Units (Number)","20224","2022Q4","1","Inward","IEFOV","Shannon Foynes","Number",""
"TBQ04C03","Loaded Units (Number)","20224","2022Q4","2","Outward","IEMIP","All Main Irish Ports","Number","45748"
"TBQ04C03","Loaded Units (Number)","20224","2022Q4","2","Outward","IEDUB","Dublin","Number","30036"
"TBQ04C03","Loaded Units (Number)","20224","2022Q4","2","Outward","IEORK","Cork","Number","13426"
"TBQ04C03","Loaded Units (Number)","20224","2022Q4","2","Outward","IEWAT","Waterford","Number","2286"
"TBQ04C03","Loaded Units (Number)","20224","2022Q4","2","Outward","IEFOV","Shannon Foynes","Number",""
"TBQ04C03","Loaded Units (Number)","20231","2023Q1","-","All directions","IEMIP","All Main Irish Ports","Number","107665"
"TBQ04C03","Loaded Units (Number)","20231","2023Q1","-","All directions","IEDUB","Dublin","Number","78282"
"TBQ04C03","Loaded Units (Number)","20231","2023Q1","-","All directions","IEORK","Cork","Number","26370"
"TBQ04C03","Loaded Units (Number)","20231","2023Q1","-","All directions","IEWAT","Waterford","Number","3013"
"TBQ04C03","Loaded Units (Number)","20231","2023Q1","-","All directions","IEFOV","Shannon Foynes","Number",""
"TBQ04C03","Loaded Units (Number)","20231","2023Q1","1","Inward","IEMIP","All Main Irish Ports","Number","65935"
"TBQ04C03","Loaded Units (Number)","20231","2023Q1","1","Inward","IEDUB","Dublin","Number","49901"
"TBQ04C03","Loaded Units (Number)","20231","2023Q1","1","Inward","IEORK","Cork","Number","14527"
"TBQ04C03","Loaded Units (Number)","20231","2023Q1","1","Inward","IEWAT","Waterford","Number","1507"
"TBQ04C03","Loaded Units (Number)","20231","2023Q1","1","Inward","IEFOV","Shannon Foynes","Number",""
"TBQ04C03","Loaded Units (Number)","20231","2023Q1","2","Outward","IEMIP","All Main Irish Ports","Number","41730"
"TBQ04C03","Loaded Units (Number)","20231","2023Q1","2","Outward","IEDUB","Dublin","Number","28381"
"TBQ04C03","Loaded Units (Number)","20231","2023Q1","2","Outward","IEORK","Cork","Number","11843"
"TBQ04C03","Loaded Units (Number)","20231","2023Q1","2","Outward","IEWAT","Waterford","Number","1506"
"TBQ04C03","Loaded Units (Number)","20231","2023Q1","2","Outward","IEFOV","Shannon Foynes","Number",""
"TBQ04C03","Loaded Units (Number)","20232","2023Q2","-","All directions","IEMIP","All Main Irish Ports","Number","115837"
"TBQ04C03","Loaded Units (Number)","20232","2023Q2","-","All directions","IEDUB","Dublin","Number","83976"
"TBQ04C03","Loaded Units (Number)","20232","2023Q2","-","All directions","IEORK","Cork","Number","28230"
"TBQ04C03","Loaded Units (Number)","20232","2023Q2","-","All directions","IEWAT","Waterford","Number","3631"
"TBQ04C03","Loaded Units (Number)","20232","2023Q2","-","All directions","IEFOV","Shannon Foynes","Number",""
"TBQ04C03","Loaded Units (Number)","20232","2023Q2","1","Inward","IEMIP","All Main Irish Ports","Number","69886"
"TBQ04C03","Loaded Units (Number)","20232","2023Q2","1","Inward","IEDUB","Dublin","Number","54352"
"TBQ04C03","Loaded Units (Number)","20232","2023Q2","1","Inward","IEORK","Cork","Number","14045"
"TBQ04C03","Loaded Units (Number)","20232","2023Q2","1","Inward","IEWAT","Waterford","Number","1489"
"TBQ04C03","Loaded Units (Number)","20232","2023Q2","1","Inward","IEFOV","Shannon Foynes","Number",""
"TBQ04C03","Loaded Units (Number)","20232","2023Q2","2","Outward","IEMIP","All Main Irish Ports","Number","45951"
"TBQ04C03","Loaded Units (Number)","20232","2023Q2","2","Outward","IEDUB","Dublin","Number","29624"
"TBQ04C03","Loaded Units (Number)","20232","2023Q2","2","Outward","IEORK","Cork","Number","14185"
"TBQ04C03","Loaded Units (Number)","20232","2023Q2","2","Outward","IEWAT","Waterford","Number","2142"
"TBQ04C03","Loaded Units (Number)","20232","2023Q2","2","Outward","IEFOV","Shannon Foynes","Number",""
"TBQ04C03","Loaded Units (Number)","20233","2023Q3","-","All directions","IEMIP","All Main Irish Ports","Number","101256"
"TBQ04C03","Loaded Units (Number)","20233","2023Q3","-","All directions","IEDUB","Dublin","Number","70869"
"TBQ04C03","Loaded Units (Number)","20233","2023Q3","-","All directions","IEORK","Cork","Number","27156"
"TBQ04C03","Loaded Units (Number)","20233","2023Q3","-","All directions","IEWAT","Waterford","Number","3231"
"TBQ04C03","Loaded Units (Number)","20233","2023Q3","-","All directions","IEFOV","Shannon Foynes","Number",""
"TBQ04C03","Loaded Units (Number)","20233","2023Q3","1","Inward","IEMIP","All Main Irish Ports","Number","70133"
"TBQ04C03","Loaded Units (Number)","20233","2023Q3","1","Inward","IEDUB","Dublin","Number","55181"
"TBQ04C03","Loaded Units (Number)","20233","2023Q3","1","Inward","IEORK","Cork","Number","13600"
"TBQ04C03","Loaded Units (Number)","20233","2023Q3","1","Inward","IEWAT","Waterford","Number","1352"
"TBQ04C03","Loaded Units (Number)","20233","2023Q3","1","Inward","IEFOV","Shannon Foynes","Number",""
"TBQ04C03","Loaded Units (Number)","20233","2023Q3","2","Outward","IEMIP","All Main Irish Ports","Number","31123"
"TBQ04C03","Loaded Units (Number)","20233","2023Q3","2","Outward","IEDUB","Dublin","Number","15688"
"TBQ04C03","Loaded Units (Number)","20233","2023Q3","2","Outward","IEORK","Cork","Number","13556"
"TBQ04C03","Loaded Units (Number)","20233","2023Q3","2","Outward","IEWAT","Waterford","Number","1879"
"TBQ04C03","Loaded Units (Number)","20233","2023Q3","2","Outward","IEFOV","Shannon Foynes","Number",""
"TBQ04C03","Loaded Units (Number)","20234","2023Q4","-","All directions","IEMIP","All Main Irish Ports","Number","115046"
"TBQ04C03","Loaded Units (Number)","20234","2023Q4","-","All directions","IEDUB","Dublin","Number","84459"
"TBQ04C03","Loaded Units (Number)","20234","2023Q4","-","All directions","IEORK","Cork","Number","27682"
"TBQ04C03","Loaded Units (Number)","20234","2023Q4","-","All directions","IEWAT","Waterford","Number","2905"
"TBQ04C03","Loaded Units (Number)","20234","2023Q4","-","All directions","IEFOV","Shannon Foynes","Number",""
"TBQ04C03","Loaded Units (Number)","20234","2023Q4","1","Inward","IEMIP","All Main Irish Ports","Number","69681"
"TBQ04C03","Loaded Units (Number)","20234","2023Q4","1","Inward","IEDUB","Dublin","Number","54581"
"TBQ04C03","Loaded Units (Number)","20234","2023Q4","1","Inward","IEORK","Cork","Number","13841"
"TBQ04C03","Loaded Units (Number)","20234","2023Q4","1","Inward","IEWAT","Waterford","Number","1259"
"TBQ04C03","Loaded Units (Number)","20234","2023Q4","1","Inward","IEFOV","Shannon Foynes","Number",""
"TBQ04C03","Loaded Units (Number)","20234","2023Q4","2","Outward","IEMIP","All Main Irish Ports","Number","45365"
"TBQ04C03","Loaded Units (Number)","20234","2023Q4","2","Outward","IEDUB","Dublin","Number","29878"
"TBQ04C03","Loaded Units (Number)","20234","2023Q4","2","Outward","IEORK","Cork","Number","13841"
"TBQ04C03","Loaded Units (Number)","20234","2023Q4","2","Outward","IEWAT","Waterford","Number","1646"
"TBQ04C03","Loaded Units (Number)","20234","2023Q4","2","Outward","IEFOV","Shannon Foynes","Number",""
"TBQ04C03","Loaded Units (Number)","20241","2024Q1","-","All directions","IEMIP","All Main Irish Ports","Number","115090"
"TBQ04C03","Loaded Units (Number)","20241","2024Q1","-","All directions","IEDUB","Dublin","Number","84643"
"TBQ04C03","Loaded Units (Number)","20241","2024Q1","-","All directions","IEORK","Cork","Number","27716"
"TBQ04C03","Loaded Units (Number)","20241","2024Q1","-","All directions","IEWAT","Waterford","Number","2731"
"TBQ04C03","Loaded Units (Number)","20241","2024Q1","-","All directions","IEFOV","Shannon Foynes","Number",""
"TBQ04C03","Loaded Units (Number)","20241","2024Q1","1","Inward","IEMIP","All Main Irish Ports","Number","71214"
"TBQ04C03","Loaded Units (Number)","20241","2024Q1","1","Inward","IEDUB","Dublin","Number","54829"
"TBQ04C03","Loaded Units (Number)","20241","2024Q1","1","Inward","IEORK","Cork","Number","15129"
"TBQ04C03","Loaded Units (Number)","20241","2024Q1","1","Inward","IEWAT","Waterford","Number","1256"
"TBQ04C03","Loaded Units (Number)","20241","2024Q1","1","Inward","IEFOV","Shannon Foynes","Number",""
"TBQ04C03","Loaded Units (Number)","20241","2024Q1","2","Outward","IEMIP","All Main Irish Ports","Number","43876"
"TBQ04C03","Loaded Units (Number)","20241","2024Q1","2","Outward","IEDUB","Dublin","Number","29814"
"TBQ04C03","Loaded Units (Number)","20241","2024Q1","2","Outward","IEORK","Cork","Number","12587"
"TBQ04C03","Loaded Units (Number)","20241","2024Q1","2","Outward","IEWAT","Waterford","Number","1475"
"TBQ04C03","Loaded Units (Number)","20241","2024Q1","2","Outward","IEFOV","Shannon Foynes","Number",""
"TBQ04C03","Loaded Units (Number)","20242","2024Q2","-","All directions","IEMIP","All Main Irish Ports","Number","124535"
"TBQ04C03","Loaded Units (Number)","20242","2024Q2","-","All directions","IEDUB","Dublin","Number","91396"
"TBQ04C03","Loaded Units (Number)","20242","2024Q2","-","All directions","IEORK","Cork","Number","29275"
"TBQ04C03","Loaded Units (Number)","20242","2024Q2","-","All directions","IEWAT","Waterford","Number","3864"
"TBQ04C03","Loaded Units (Number)","20242","2024Q2","-","All directions","IEFOV","Shannon Foynes","Number",""
"TBQ04C03","Loaded Units (Number)","20242","2024Q2","1","Inward","IEMIP","All Main Irish Ports","Number","75452"
"TBQ04C03","Loaded Units (Number)","20242","2024Q2","1","Inward","IEDUB","Dublin","Number","59074"
"TBQ04C03","Loaded Units (Number)","20242","2024Q2","1","Inward","IEORK","Cork","Number","14924"
"TBQ04C03","Loaded Units (Number)","20242","2024Q2","1","Inward","IEWAT","Waterford","Number","1454"
"TBQ04C03","Loaded Units (Number)","20242","2024Q2","1","Inward","IEFOV","Shannon Foynes","Number",""
"TBQ04C03","Loaded Units (Number)","20242","2024Q2","2","Outward","IEMIP","All Main Irish Ports","Number","49083"
"TBQ04C03","Loaded Units (Number)","20242","2024Q2","2","Outward","IEDUB","Dublin","Number","32322"
"TBQ04C03","Loaded Units (Number)","20242","2024Q2","2","Outward","IEORK","Cork","Number","14351"
"TBQ04C03","Loaded Units (Number)","20242","2024Q2","2","Outward","IEWAT","Waterford","Number","2410"
"TBQ04C03","Loaded Units (Number)","20242","2024Q2","2","Outward","IEFOV","Shannon Foynes","Number",""
"TBQ04C03","Loaded Units (Number)","20243","2024Q3","-","All directions","IEMIP","All Main Irish Ports","Number","129321"
"TBQ04C03","Loaded Units (Number)","20243","2024Q3","-","All directions","IEDUB","Dublin","Number","95431"
"TBQ04C03","Loaded Units (Number)","20243","2024Q3","-","All directions","IEORK","Cork","Number","29712"
"TBQ04C03","Loaded Units (Number)","20243","2024Q3","-","All directions","IEWAT","Waterford","Number","4178"
"TBQ04C03","Loaded Units (Number)","20243","2024Q3","-","All directions","IEFOV","Shannon Foynes","Number",""
"TBQ04C03","Loaded Units (Number)","20243","2024Q3","1","Inward","IEMIP","All Main Irish Ports","Number","80086"
"TBQ04C03","Loaded Units (Number)","20243","2024Q3","1","Inward","IEDUB","Dublin","Number","63037"
"TBQ04C03","Loaded Units (Number)","20243","2024Q3","1","Inward","IEORK","Cork","Number","15405"
"TBQ04C03","Loaded Units (Number)","20243","2024Q3","1","Inward","IEWAT","Waterford","Number","1644"
"TBQ04C03","Loaded Units (Number)","20243","2024Q3","1","Inward","IEFOV","Shannon Foynes","Number",""
"TBQ04C03","Loaded Units (Number)","20243","2024Q3","2","Outward","IEMIP","All Main Irish Ports","Number","49235"
"TBQ04C03","Loaded Units (Number)","20243","2024Q3","2","Outward","IEDUB","Dublin","Number","32394"
"TBQ04C03","Loaded Units (Number)","20243","2024Q3","2","Outward","IEORK","Cork","Number","14307"
"TBQ04C03","Loaded Units (Number)","20243","2024Q3","2","Outward","IEWAT","Waterford","Number","2534"
"TBQ04C03","Loaded Units (Number)","20243","2024Q3","2","Outward","IEFOV","Shannon Foynes","Number",""
"TBQ04C03","Loaded Units (Number)","20244","2024Q4","-","All directions","IEMIP","All Main Irish Ports","Number","123167"
"TBQ04C03","Loaded Units (Number)","20244","2024Q4","-","All directions","IEDUB","Dublin","Number","90569"
"TBQ04C03","Loaded Units (Number)","20244","2024Q4","-","All directions","IEORK","Cork","Number","28720"
"TBQ04C03","Loaded Units (Number)","20244","2024Q4","-","All directions","IEWAT","Waterford","Number","3878"
"TBQ04C03","Loaded Units (Number)","20244","2024Q4","-","All directions","IEFOV","Shannon Foynes","Number",""
"TBQ04C03","Loaded Units (Number)","20244","2024Q4","1","Inward","IEMIP","All Main Irish Ports","Number","76332"
"TBQ04C03","Loaded Units (Number)","20244","2024Q4","1","Inward","IEDUB","Dublin","Number","60367"
"TBQ04C03","Loaded Units (Number)","20244","2024Q4","1","Inward","IEORK","Cork","Number","14540"
"TBQ04C03","Loaded Units (Number)","20244","2024Q4","1","Inward","IEWAT","Waterford","Number","1425"
"TBQ04C03","Loaded Units (Number)","20244","2024Q4","1","Inward","IEFOV","Shannon Foynes","Number",""
"TBQ04C03","Loaded Units (Number)","20244","2024Q4","2","Outward","IEMIP","All Main Irish Ports","Number","46835"
"TBQ04C03","Loaded Units (Number)","20244","2024Q4","2","Outward","IEDUB","Dublin","Number","30202"
"TBQ04C03","Loaded Units (Number)","20244","2024Q4","2","Outward","IEORK","Cork","Number","14180"
"TBQ04C03","Loaded Units (Number)","20244","2024Q4","2","Outward","IEWAT","Waterford","Number","2453"
"TBQ04C03","Loaded Units (Number)","20244","2024Q4","2","Outward","IEFOV","Shannon Foynes","Number",""
"TBQ04C03","Loaded Units (Number)","20251","2025Q1","-","All directions","IEMIP","All Main Irish Ports","Number","122921"
"TBQ04C03","Loaded Units (Number)","20251","2025Q1","-","All directions","IEDUB","Dublin","Number","90022"
"TBQ04C03","Loaded Units (Number)","20251","2025Q1","-","All directions","IEORK","Cork","Number","28731"
"TBQ04C03","Loaded Units (Number)","20251","2025Q1","-","All directions","IEWAT","Waterford","Number","3166"
"TBQ04C03","Loaded Units (Number)","20251","2025Q1","-","All directions","IEFOV","Shannon Foynes","Number","1002"
"TBQ04C03","Loaded Units (Number)","20251","2025Q1","1","Inward","IEMIP","All Main Irish Ports","Number","76681"
"TBQ04C03","Loaded Units (Number)","20251","2025Q1","1","Inward","IEDUB","Dublin","Number","60117"
"TBQ04C03","Loaded Units (Number)","20251","2025Q1","1","Inward","IEORK","Cork","Number","15170"
"TBQ04C03","Loaded Units (Number)","20251","2025Q1","1","Inward","IEWAT","Waterford","Number","1394"
"TBQ04C03","Loaded Units (Number)","20251","2025Q1","1","Inward","IEFOV","Shannon Foynes","Number","0"
"TBQ04C03","Loaded Units (Number)","20251","2025Q1","2","Outward","IEMIP","All Main Irish Ports","Number","46240"
"TBQ04C03","Loaded Units (Number)","20251","2025Q1","2","Outward","IEDUB","Dublin","Number","29905"
"TBQ04C03","Loaded Units (Number)","20251","2025Q1","2","Outward","IEORK","Cork","Number","13561"
"TBQ04C03","Loaded Units (Number)","20251","2025Q1","2","Outward","IEWAT","Waterford","Number","1772"
"TBQ04C03","Loaded Units (Number)","20251","2025Q1","2","Outward","IEFOV","Shannon Foynes","Number","1002"
"TBQ04C03","Loaded Units (Number)","20252","2025Q2","-","All directions","IEMIP","All Main Irish Ports","Number","135628"
"TBQ04C03","Loaded Units (Number)","20252","2025Q2","-","All directions","IEDUB","Dublin","Number","100460"
"TBQ04C03","Loaded Units (Number)","20252","2025Q2","-","All directions","IEORK","Cork","Number","30737"
"TBQ04C03","Loaded Units (Number)","20252","2025Q2","-","All directions","IEWAT","Waterford","Number","4325"
"TBQ04C03","Loaded Units (Number)","20252","2025Q2","-","All directions","IEFOV","Shannon Foynes","Number","106"
"TBQ04C03","Loaded Units (Number)","20252","2025Q2","1","Inward","IEMIP","All Main Irish Ports","Number","83583"
"TBQ04C03","Loaded Units (Number)","20252","2025Q2","1","Inward","IEDUB","Dublin","Number","66188"
"TBQ04C03","Loaded Units (Number)","20252","2025Q2","1","Inward","IEORK","Cork","Number","15843"
"TBQ04C03","Loaded Units (Number)","20252","2025Q2","1","Inward","IEWAT","Waterford","Number","1552"
"TBQ04C03","Loaded Units (Number)","20252","2025Q2","1","Inward","IEFOV","Shannon Foynes","Number","0"
"TBQ04C03","Loaded Units (Number)","20252","2025Q2","2","Outward","IEMIP","All Main Irish Ports","Number","52045"
"TBQ04C03","Loaded Units (Number)","20252","2025Q2","2","Outward","IEDUB","Dublin","Number","34272"
"TBQ04C03","Loaded Units (Number)","20252","2025Q2","2","Outward","IEORK","Cork","Number","14894"
"TBQ04C03","Loaded Units (Number)","20252","2025Q2","2","Outward","IEWAT","Waterford","Number","2773"
"TBQ04C03","Loaded Units (Number)","20252","2025Q2","2","Outward","IEFOV","Shannon Foynes","Number","106"
"TBQ04C03","Loaded Units (Number)","20253","2025Q3","-","All directions","IEMIP","All Main Irish Ports","Number","133951"
"TBQ04C03","Loaded Units (Number)","20253","2025Q3","-","All directions","IEDUB","Dublin","Number","98917"
"TBQ04C03","Loaded Units (Number)","20253","2025Q3","-","All directions","IEORK","Cork","Number","30668"
"TBQ04C03","Loaded Units (Number)","20253","2025Q3","-","All directions","IEWAT","Waterford","Number","4142"
"TBQ04C03","Loaded Units (Number)","20253","2025Q3","-","All directions","IEFOV","Shannon Foynes","Number","224"
"TBQ04C03","Loaded Units (Number)","20253","2025Q3","1","Inward","IEMIP","All Main Irish Ports","Number","82153"
"TBQ04C03","Loaded Units (Number)","20253","2025Q3","1","Inward","IEDUB","Dublin","Number","65511"
"TBQ04C03","Loaded Units (Number)","20253","2025Q3","1","Inward","IEORK","Cork","Number","15082"
"TBQ04C03","Loaded Units (Number)","20253","2025Q3","1","Inward","IEWAT","Waterford","Number","1560"
"TBQ04C03","Loaded Units (Number)","20253","2025Q3","1","Inward","IEFOV","Shannon Foynes","Number","0"
"TBQ04C03","Loaded Units (Number)","20253","2025Q3","2","Outward","IEMIP","All Main Irish Ports","Number","51798"
"TBQ04C03","Loaded Units (Number)","20253","2025Q3","2","Outward","IEDUB","Dublin","Number","33406"
"TBQ04C03","Loaded Units (Number)","20253","2025Q3","2","Outward","IEORK","Cork","Number","15586"
"TBQ04C03","Loaded Units (Number)","20253","2025Q3","2","Outward","IEWAT","Waterford","Number","2582"
"TBQ04C03","Loaded Units (Number)","20253","2025Q3","2","Outward","IEFOV","Shannon Foynes","Number","224"
"TBQ04C03","Loaded Units (Number)","20254","2025Q4","-","All directions","IEMIP","All Main Irish Ports","Number","134384"
"TBQ04C03","Loaded Units (Number)","20254","2025Q4","-","All directions","IEDUB","Dublin","Number","100085"
"TBQ04C03","Loaded Units (Number)","20254","2025Q4","-","All directions","IEORK","Cork","Number","30517"
"TBQ04C03","Loaded Units (Number)","20254","2025Q4","-","All directions","IEWAT","Waterford","Number","3446"
"TBQ04C03","Loaded Units (Number)","20254","2025Q4","-","All directions","IEFOV","Shannon Foynes","Number","336"
"TBQ04C03","Loaded Units (Number)","20254","2025Q4","1","Inward","IEMIP","All Main Irish Ports","Number","82027"
"TBQ04C03","Loaded Units (Number)","20254","2025Q4","1","Inward","IEDUB","Dublin","Number","65355"
"TBQ04C03","Loaded Units (Number)","20254","2025Q4","1","Inward","IEORK","Cork","Number","15173"
"TBQ04C03","Loaded Units (Number)","20254","2025Q4","1","Inward","IEWAT","Waterford","Number","1499"
"TBQ04C03","Loaded Units (Number)","20254","2025Q4","1","Inward","IEFOV","Shannon Foynes","Number","0"
"TBQ04C03","Loaded Units (Number)","20254","2025Q4","2","Outward","IEMIP","All Main Irish Ports","Number","52357"
"TBQ04C03","Loaded Units (Number)","20254","2025Q4","2","Outward","IEDUB","Dublin","Number","34730"
"TBQ04C03","Loaded Units (Number)","20254","2025Q4","2","Outward","IEORK","Cork","Number","15344"
"TBQ04C03","Loaded Units (Number)","20254","2025Q4","2","Outward","IEWAT","Waterford","Number","1947"
"TBQ04C03","Loaded Units (Number)","20254","2025Q4","2","Outward","IEFOV","Shannon Foynes","Number","336"
"TBQ04C03","Loaded Units (Number)","20261","2026Q1","-","All directions","IEMIP","All Main Irish Ports","Number","126304"
"TBQ04C03","Loaded Units (Number)","20261","2026Q1","-","All directions","IEDUB","Dublin","Number","94059"
"TBQ04C03","Loaded Units (Number)","20261","2026Q1","-","All directions","IEORK","Cork","Number","29012"
"TBQ04C03","Loaded Units (Number)","20261","2026Q1","-","All directions","IEWAT","Waterford","Number","2785"
"TBQ04C03","Loaded Units (Number)","20261","2026Q1","-","All directions","IEFOV","Shannon Foynes","Number","448"
"TBQ04C03","Loaded Units (Number)","20261","2026Q1","1","Inward","IEMIP","All Main Irish Ports","Number","78821"
"TBQ04C03","Loaded Units (Number)","20261","2026Q1","1","Inward","IEDUB","Dublin","Number","62418"
"TBQ04C03","Loaded Units (Number)","20261","2026Q1","1","Inward","IEORK","Cork","Number","15166"
"TBQ04C03","Loaded Units (Number)","20261","2026Q1","1","Inward","IEWAT","Waterford","Number","1237"
"TBQ04C03","Loaded Units (Number)","20261","2026Q1","1","Inward","IEFOV","Shannon Foynes","Number",""
"TBQ04C03","Loaded Units (Number)","20261","2026Q1","2","Outward","IEMIP","All Main Irish Ports","Number","47483"
"TBQ04C03","Loaded Units (Number)","20261","2026Q1","2","Outward","IEDUB","Dublin","Number","31641"
"TBQ04C03","Loaded Units (Number)","20261","2026Q1","2","Outward","IEORK","Cork","Number","13846"
"TBQ04C03","Loaded Units (Number)","20261","2026Q1","2","Outward","IEWAT","Waterford","Number","1548"
"TBQ04C03","Loaded Units (Number)","20261","2026Q1","2","Outward","IEFOV","Shannon Foynes","Number","448"
"TBQ04C04","Loaded Units (TEU Twenty-foot Equivalent)","20171","2017Q1","-","All directions","IEMIP","All Main Irish Ports","TEU Twenty-foot Equivalent","174254"
"TBQ04C04","Loaded Units (TEU Twenty-foot Equivalent)","20171","2017Q1","-","All directions","IEDUB","Dublin","TEU Twenty-foot Equivalent","125373"
"TBQ04C04","Loaded Units (TEU Twenty-foot Equivalent)","20171","2017Q1","-","All directions","IEORK","Cork","TEU Twenty-foot Equivalent","41883"
"TBQ04C04","Loaded Units (TEU Twenty-foot Equivalent)","20171","2017Q1","-","All directions","IEWAT","Waterford","TEU Twenty-foot Equivalent","6998"
"TBQ04C04","Loaded Units (TEU Twenty-foot Equivalent)","20171","2017Q1","-","All directions","IEFOV","Shannon Foynes","TEU Twenty-foot Equivalent",""
"TBQ04C04","Loaded Units (TEU Twenty-foot Equivalent)","20171","2017Q1","1","Inward","IEMIP","All Main Irish Ports","TEU Twenty-foot Equivalent","99764"
"TBQ04C04","Loaded Units (TEU Twenty-foot Equivalent)","20171","2017Q1","1","Inward","IEDUB","Dublin","TEU Twenty-foot Equivalent","76238"
"TBQ04C04","Loaded Units (TEU Twenty-foot Equivalent)","20171","2017Q1","1","Inward","IEORK","Cork","TEU Twenty-foot Equivalent","20600"
"TBQ04C04","Loaded Units (TEU Twenty-foot Equivalent)","20171","2017Q1","1","Inward","IEWAT","Waterford","TEU Twenty-foot Equivalent","2926"
"TBQ04C04","Loaded Units (TEU Twenty-foot Equivalent)","20171","2017Q1","1","Inward","IEFOV","Shannon Foynes","TEU Twenty-foot Equivalent",""
"TBQ04C04","Loaded Units (TEU Twenty-foot Equivalent)","20171","2017Q1","2","Outward","IEMIP","All Main Irish Ports","TEU Twenty-foot Equivalent","74490"
"TBQ04C04","Loaded Units (TEU Twenty-foot Equivalent)","20171","2017Q1","2","Outward","IEDUB","Dublin","TEU Twenty-foot Equivalent","49135"
"TBQ04C04","Loaded Units (TEU Twenty-foot Equivalent)","20171","2017Q1","2","Outward","IEORK","Cork","TEU Twenty-foot Equivalent","21283"
"TBQ04C04","Loaded Units (TEU Twenty-foot Equivalent)","20171","2017Q1","2","Outward","IEWAT","Waterford","TEU Twenty-foot Equivalent","4073"
"TBQ04C04","Loaded Units (TEU Twenty-foot Equivalent)","20171","2017Q1","2","Outward","IEFOV","Shannon Foynes","TEU Twenty-foot Equivalent",""
"TBQ04C04","Loaded Units (TEU Twenty-foot Equivalent)","20172","2017Q2","-","All directions","IEMIP","All Main Irish Ports","TEU Twenty-foot Equivalent","184862"
"TBQ04C04","Loaded Units (TEU Twenty-foot Equivalent)","20172","2017Q2","-","All directions","IEDUB","Dublin","TEU Twenty-foot Equivalent","133222"
"TBQ04C04","Loaded Units (TEU Twenty-foot Equivalent)","20172","2017Q2","-","All directions","IEORK","Cork","TEU Twenty-foot Equivalent","43968"
"TBQ04C04","Loaded Units (TEU Twenty-foot Equivalent)","20172","2017Q2","-","All directions","IEWAT","Waterford","TEU Twenty-foot Equivalent","7672"
"TBQ04C04","Loaded Units (TEU Twenty-foot Equivalent)","20172","2017Q2","-","All directions","IEFOV","Shannon Foynes","TEU Twenty-foot Equivalent",""
"TBQ04C04","Loaded Units (TEU Twenty-foot Equivalent)","20172","2017Q2","1","Inward","IEMIP","All Main Irish Ports","TEU Twenty-foot Equivalent","103402"
"TBQ04C04","Loaded Units (TEU Twenty-foot Equivalent)","20172","2017Q2","1","Inward","IEDUB","Dublin","TEU Twenty-foot Equivalent","80385"
"TBQ04C04","Loaded Units (TEU Twenty-foot Equivalent)","20172","2017Q2","1","Inward","IEORK","Cork","TEU Twenty-foot Equivalent","20056"
"TBQ04C04","Loaded Units (TEU Twenty-foot Equivalent)","20172","2017Q2","1","Inward","IEWAT","Waterford","TEU Twenty-foot Equivalent","2961"
"TBQ04C04","Loaded Units (TEU Twenty-foot Equivalent)","20172","2017Q2","1","Inward","IEFOV","Shannon Foynes","TEU Twenty-foot Equivalent",""
"TBQ04C04","Loaded Units (TEU Twenty-foot Equivalent)","20172","2017Q2","2","Outward","IEMIP","All Main Irish Ports","TEU Twenty-foot Equivalent","81460"
"TBQ04C04","Loaded Units (TEU Twenty-foot Equivalent)","20172","2017Q2","2","Outward","IEDUB","Dublin","TEU Twenty-foot Equivalent","52837"
"TBQ04C04","Loaded Units (TEU Twenty-foot Equivalent)","20172","2017Q2","2","Outward","IEORK","Cork","TEU Twenty-foot Equivalent","23912"
"TBQ04C04","Loaded Units (TEU Twenty-foot Equivalent)","20172","2017Q2","2","Outward","IEWAT","Waterford","TEU Twenty-foot Equivalent","4711"
"TBQ04C04","Loaded Units (TEU Twenty-foot Equivalent)","20172","2017Q2","2","Outward","IEFOV","Shannon Foynes","TEU Twenty-foot Equivalent",""
"TBQ04C04","Loaded Units (TEU Twenty-foot Equivalent)","20173","2017Q3","-","All directions","IEMIP","All Main Irish Ports","TEU Twenty-foot Equivalent","187235"
"TBQ04C04","Loaded Units (TEU Twenty-foot Equivalent)","20173","2017Q3","-","All directions","IEDUB","Dublin","TEU Twenty-foot Equivalent","136266"
"TBQ04C04","Loaded Units (TEU Twenty-foot Equivalent)","20173","2017Q3","-","All directions","IEORK","Cork","TEU Twenty-foot Equivalent","42714"
"TBQ04C04","Loaded Units (TEU Twenty-foot Equivalent)","20173","2017Q3","-","All directions","IEWAT","Waterford","TEU Twenty-foot Equivalent","8255"
"TBQ04C04","Loaded Units (TEU Twenty-foot Equivalent)","20173","2017Q3","-","All directions","IEFOV","Shannon Foynes","TEU Twenty-foot Equivalent",""
"TBQ04C04","Loaded Units (TEU Twenty-foot Equivalent)","20173","2017Q3","1","Inward","IEMIP","All Main Irish Ports","TEU Twenty-foot Equivalent","105884"
"TBQ04C04","Loaded Units (TEU Twenty-foot Equivalent)","20173","2017Q3","1","Inward","IEDUB","Dublin","TEU Twenty-foot Equivalent","82893"
"TBQ04C04","Loaded Units (TEU Twenty-foot Equivalent)","20173","2017Q3","1","Inward","IEORK","Cork","TEU Twenty-foot Equivalent","19771"
"TBQ04C04","Loaded Units (TEU Twenty-foot Equivalent)","20173","2017Q3","1","Inward","IEWAT","Waterford","TEU Twenty-foot Equivalent","3220"
"TBQ04C04","Loaded Units (TEU Twenty-foot Equivalent)","20173","2017Q3","1","Inward","IEFOV","Shannon Foynes","TEU Twenty-foot Equivalent",""
"TBQ04C04","Loaded Units (TEU Twenty-foot Equivalent)","20173","2017Q3","2","Outward","IEMIP","All Main Irish Ports","TEU Twenty-foot Equivalent","81351"
"TBQ04C04","Loaded Units (TEU Twenty-foot Equivalent)","20173","2017Q3","2","Outward","IEDUB","Dublin","TEU Twenty-foot Equivalent","53374"
"TBQ04C04","Loaded Units (TEU Twenty-foot Equivalent)","20173","2017Q3","2","Outward","IEORK","Cork","TEU Twenty-foot Equivalent","22943"
"TBQ04C04","Loaded Units (TEU Twenty-foot Equivalent)","20173","2017Q3","2","Outward","IEWAT","Waterford","TEU Twenty-foot Equivalent","5035"
"TBQ04C04","Loaded Units (TEU Twenty-foot Equivalent)","20173","2017Q3","2","Outward","IEFOV","Shannon Foynes","TEU Twenty-foot Equivalent",""
"TBQ04C04","Loaded Units (TEU Twenty-foot Equivalent)","20174","2017Q4","-","All directions","IEMIP","All Main Irish Ports","TEU Twenty-foot Equivalent","184242"
"TBQ04C04","Loaded Units (TEU Twenty-foot Equivalent)","20174","2017Q4","-","All directions","IEDUB","Dublin","TEU Twenty-foot Equivalent","134703"
"TBQ04C04","Loaded Units (TEU Twenty-foot Equivalent)","20174","2017Q4","-","All directions","IEORK","Cork","TEU Twenty-foot Equivalent","42265"
"TBQ04C04","Loaded Units (TEU Twenty-foot Equivalent)","20174","2017Q4","-","All directions","IEWAT","Waterford","TEU Twenty-foot Equivalent","7275"
"TBQ04C04","Loaded Units (TEU Twenty-foot Equivalent)","20174","2017Q4","-","All directions","IEFOV","Shannon Foynes","TEU Twenty-foot Equivalent",""
"TBQ04C04","Loaded Units (TEU Twenty-foot Equivalent)","20174","2017Q4","1","Inward","IEMIP","All Main Irish Ports","TEU Twenty-foot Equivalent","102830"
"TBQ04C04","Loaded Units (TEU Twenty-foot Equivalent)","20174","2017Q4","1","Inward","IEDUB","Dublin","TEU Twenty-foot Equivalent","80632"
"TBQ04C04","Loaded Units (TEU Twenty-foot Equivalent)","20174","2017Q4","1","Inward","IEORK","Cork","TEU Twenty-foot Equivalent","19018"
"TBQ04C04","Loaded Units (TEU Twenty-foot Equivalent)","20174","2017Q4","1","Inward","IEWAT","Waterford","TEU Twenty-foot Equivalent","3180"
"TBQ04C04","Loaded Units (TEU Twenty-foot Equivalent)","20174","2017Q4","1","Inward","IEFOV","Shannon Foynes","TEU Twenty-foot Equivalent",""
"TBQ04C04","Loaded Units (TEU Twenty-foot Equivalent)","20174","2017Q4","2","Outward","IEMIP","All Main Irish Ports","TEU Twenty-foot Equivalent","81413"
"TBQ04C04","Loaded Units (TEU Twenty-foot Equivalent)","20174","2017Q4","2","Outward","IEDUB","Dublin","TEU Twenty-foot Equivalent","54071"
"TBQ04C04","Loaded Units (TEU Twenty-foot Equivalent)","20174","2017Q4","2","Outward","IEORK","Cork","TEU Twenty-foot Equivalent","23248"
"TBQ04C04","Loaded Units (TEU Twenty-foot Equivalent)","20174","2017Q4","2","Outward","IEWAT","Waterford","TEU Twenty-foot Equivalent","4095"
"TBQ04C04","Loaded Units (TEU Twenty-foot Equivalent)","20174","2017Q4","2","Outward","IEFOV","Shannon Foynes","TEU Twenty-foot Equivalent",""
"TBQ04C04","Loaded Units (TEU Twenty-foot Equivalent)","20181","2018Q1","-","All directions","IEMIP","All Main Irish Ports","TEU Twenty-foot Equivalent","184270"
"TBQ04C04","Loaded Units (TEU Twenty-foot Equivalent)","20181","2018Q1","-","All directions","IEDUB","Dublin","TEU Twenty-foot Equivalent","134661"
"TBQ04C04","Loaded Units (TEU Twenty-foot Equivalent)","20181","2018Q1","-","All directions","IEORK","Cork","TEU Twenty-foot Equivalent","42667"
"TBQ04C04","Loaded Units (TEU Twenty-foot Equivalent)","20181","2018Q1","-","All directions","IEWAT","Waterford","TEU Twenty-foot Equivalent","6943"
"TBQ04C04","Loaded Units (TEU Twenty-foot Equivalent)","20181","2018Q1","-","All directions","IEFOV","Shannon Foynes","TEU Twenty-foot Equivalent",""
"TBQ04C04","Loaded Units (TEU Twenty-foot Equivalent)","20181","2018Q1","1","Inward","IEMIP","All Main Irish Ports","TEU Twenty-foot Equivalent","105441"
"TBQ04C04","Loaded Units (TEU Twenty-foot Equivalent)","20181","2018Q1","1","Inward","IEDUB","Dublin","TEU Twenty-foot Equivalent","81621"
"TBQ04C04","Loaded Units (TEU Twenty-foot Equivalent)","20181","2018Q1","1","Inward","IEORK","Cork","TEU Twenty-foot Equivalent","20462"
"TBQ04C04","Loaded Units (TEU Twenty-foot Equivalent)","20181","2018Q1","1","Inward","IEWAT","Waterford","TEU Twenty-foot Equivalent","3358"
"TBQ04C04","Loaded Units (TEU Twenty-foot Equivalent)","20181","2018Q1","1","Inward","IEFOV","Shannon Foynes","TEU Twenty-foot Equivalent",""
"TBQ04C04","Loaded Units (TEU Twenty-foot Equivalent)","20181","2018Q1","2","Outward","IEMIP","All Main Irish Ports","TEU Twenty-foot Equivalent","78830"
"TBQ04C04","Loaded Units (TEU Twenty-foot Equivalent)","20181","2018Q1","2","Outward","IEDUB","Dublin","TEU Twenty-foot Equivalent","53040"
"TBQ04C04","Loaded Units (TEU Twenty-foot Equivalent)","20181","2018Q1","2","Outward","IEORK","Cork","TEU Twenty-foot Equivalent","22205"
"TBQ04C04","Loaded Units (TEU Twenty-foot Equivalent)","20181","2018Q1","2","Outward","IEWAT","Waterford","TEU Twenty-foot Equivalent","3585"
"TBQ04C04","Loaded Units (TEU Twenty-foot Equivalent)","20181","2018Q1","2","Outward","IEFOV","Shannon Foynes","TEU Twenty-foot Equivalent",""
"TBQ04C04","Loaded Units (TEU Twenty-foot Equivalent)","20182","2018Q2","-","All directions","IEMIP","All Main Irish Ports","TEU Twenty-foot Equivalent","191555"
"TBQ04C04","Loaded Units (TEU Twenty-foot Equivalent)","20182","2018Q2","-","All directions","IEDUB","Dublin","TEU Twenty-foot Equivalent","138514"
"TBQ04C04","Loaded Units (TEU Twenty-foot Equivalent)","20182","2018Q2","-","All directions","IEORK","Cork","TEU Twenty-foot Equivalent","44681"
"TBQ04C04","Loaded Units (TEU Twenty-foot Equivalent)","20182","2018Q2","-","All directions","IEWAT","Waterford","TEU Twenty-foot Equivalent","8360"
"TBQ04C04","Loaded Units (TEU Twenty-foot Equivalent)","20182","2018Q2","-","All directions","IEFOV","Shannon Foynes","TEU Twenty-foot Equivalent",""
"TBQ04C04","Loaded Units (TEU Twenty-foot Equivalent)","20182","2018Q2","1","Inward","IEMIP","All Main Irish Ports","TEU Twenty-foot Equivalent","105709"
"TBQ04C04","Loaded Units (TEU Twenty-foot Equivalent)","20182","2018Q2","1","Inward","IEDUB","Dublin","TEU Twenty-foot Equivalent","81951"
"TBQ04C04","Loaded Units (TEU Twenty-foot Equivalent)","20182","2018Q2","1","Inward","IEORK","Cork","TEU Twenty-foot Equivalent","20449"
"TBQ04C04","Loaded Units (TEU Twenty-foot Equivalent)","20182","2018Q2","1","Inward","IEWAT","Waterford","TEU Twenty-foot Equivalent","3309"
"TBQ04C04","Loaded Units (TEU Twenty-foot Equivalent)","20182","2018Q2","1","Inward","IEFOV","Shannon Foynes","TEU Twenty-foot Equivalent",""
"TBQ04C04","Loaded Units (TEU Twenty-foot Equivalent)","20182","2018Q2","2","Outward","IEMIP","All Main Irish Ports","TEU Twenty-foot Equivalent","85847"
"TBQ04C04","Loaded Units (TEU Twenty-foot Equivalent)","20182","2018Q2","2","Outward","IEDUB","Dublin","TEU Twenty-foot Equivalent","56563"
"TBQ04C04","Loaded Units (TEU Twenty-foot Equivalent)","20182","2018Q2","2","Outward","IEORK","Cork","TEU Twenty-foot Equivalent","24232"
"TBQ04C04","Loaded Units (TEU Twenty-foot Equivalent)","20182","2018Q2","2","Outward","IEWAT","Waterford","TEU Twenty-foot Equivalent","5052"
"TBQ04C04","Loaded Units (TEU Twenty-foot Equivalent)","20182","2018Q2","2","Outward","IEFOV","Shannon Foynes","TEU Twenty-foot Equivalent",""
"TBQ04C04","Loaded Units (TEU Twenty-foot Equivalent)","20183","2018Q3","-","All directions","IEMIP","All Main Irish Ports","TEU Twenty-foot Equivalent","196358"
"TBQ04C04","Loaded Units (TEU Twenty-foot Equivalent)","20183","2018Q3","-","All directions","IEDUB","Dublin","TEU Twenty-foot Equivalent","144721"
"TBQ04C04","Loaded Units (TEU Twenty-foot Equivalent)","20183","2018Q3","-","All directions","IEORK","Cork","TEU Twenty-foot Equivalent","43977"
"TBQ04C04","Loaded Units (TEU Twenty-foot Equivalent)","20183","2018Q3","-","All directions","IEWAT","Waterford","TEU Twenty-foot Equivalent","7659"
"TBQ04C04","Loaded Units (TEU Twenty-foot Equivalent)","20183","2018Q3","-","All directions","IEFOV","Shannon Foynes","TEU Twenty-foot Equivalent",""
"TBQ04C04","Loaded Units (TEU Twenty-foot Equivalent)","20183","2018Q3","1","Inward","IEMIP","All Main Irish Ports","TEU Twenty-foot Equivalent","114418"
"TBQ04C04","Loaded Units (TEU Twenty-foot Equivalent)","20183","2018Q3","1","Inward","IEDUB","Dublin","TEU Twenty-foot Equivalent","91014"
"TBQ04C04","Loaded Units (TEU Twenty-foot Equivalent)","20183","2018Q3","1","Inward","IEORK","Cork","TEU Twenty-foot Equivalent","20412"
"TBQ04C04","Loaded Units (TEU Twenty-foot Equivalent)","20183","2018Q3","1","Inward","IEWAT","Waterford","TEU Twenty-foot Equivalent","2993"
"TBQ04C04","Loaded Units (TEU Twenty-foot Equivalent)","20183","2018Q3","1","Inward","IEFOV","Shannon Foynes","TEU Twenty-foot Equivalent",""
"TBQ04C04","Loaded Units (TEU Twenty-foot Equivalent)","20183","2018Q3","2","Outward","IEMIP","All Main Irish Ports","TEU Twenty-foot Equivalent","81940"
"TBQ04C04","Loaded Units (TEU Twenty-foot Equivalent)","20183","2018Q3","2","Outward","IEDUB","Dublin","TEU Twenty-foot Equivalent","53708"
"TBQ04C04","Loaded Units (TEU Twenty-foot Equivalent)","20183","2018Q3","2","Outward","IEORK","Cork","TEU Twenty-foot Equivalent","23566"
"TBQ04C04","Loaded Units (TEU Twenty-foot Equivalent)","20183","2018Q3","2","Outward","IEWAT","Waterford","TEU Twenty-foot Equivalent","4667"
"TBQ04C04","Loaded Units (TEU Twenty-foot Equivalent)","20183","2018Q3","2","Outward","IEFOV","Shannon Foynes","TEU Twenty-foot Equivalent",""
"TBQ04C04","Loaded Units (TEU Twenty-foot Equivalent)","20184","2018Q4","-","All directions","IEMIP","All Main Irish Ports","TEU Twenty-foot Equivalent","191843"
"TBQ04C04","Loaded Units (TEU Twenty-foot Equivalent)","20184","2018Q4","-","All directions","IEDUB","Dublin","TEU Twenty-foot Equivalent","137986"
"TBQ04C04","Loaded Units (TEU Twenty-foot Equivalent)","20184","2018Q4","-","All directions","IEORK","Cork","TEU Twenty-foot Equivalent","46021"
"TBQ04C04","Loaded Units (TEU Twenty-foot Equivalent)","20184","2018Q4","-","All directions","IEWAT","Waterford","TEU Twenty-foot Equivalent","7836"
"TBQ04C04","Loaded Units (TEU Twenty-foot Equivalent)","20184","2018Q4","-","All directions","IEFOV","Shannon Foynes","TEU Twenty-foot Equivalent",""
"TBQ04C04","Loaded Units (TEU Twenty-foot Equivalent)","20184","2018Q4","1","Inward","IEMIP","All Main Irish Ports","TEU Twenty-foot Equivalent","110048"
"TBQ04C04","Loaded Units (TEU Twenty-foot Equivalent)","20184","2018Q4","1","Inward","IEDUB","Dublin","TEU Twenty-foot Equivalent","85367"
"TBQ04C04","Loaded Units (TEU Twenty-foot Equivalent)","20184","2018Q4","1","Inward","IEORK","Cork","TEU Twenty-foot Equivalent","21817"
"TBQ04C04","Loaded Units (TEU Twenty-foot Equivalent)","20184","2018Q4","1","Inward","IEWAT","Waterford","TEU Twenty-foot Equivalent","2865"
"TBQ04C04","Loaded Units (TEU Twenty-foot Equivalent)","20184","2018Q4","1","Inward","IEFOV","Shannon Foynes","TEU Twenty-foot Equivalent",""
"TBQ04C04","Loaded Units (TEU Twenty-foot Equivalent)","20184","2018Q4","2","Outward","IEMIP","All Main Irish Ports","TEU Twenty-foot Equivalent","81795"
"TBQ04C04","Loaded Units (TEU Twenty-foot Equivalent)","20184","2018Q4","2","Outward","IEDUB","Dublin","TEU Twenty-foot Equivalent","52620"
"TBQ04C04","Loaded Units (TEU Twenty-foot Equivalent)","20184","2018Q4","2","Outward","IEORK","Cork","TEU Twenty-foot Equivalent","24204"
"TBQ04C04","Loaded Units (TEU Twenty-foot Equivalent)","20184","2018Q4","2","Outward","IEWAT","Waterford","TEU Twenty-foot Equivalent","4972"
"TBQ04C04","Loaded Units (TEU Twenty-foot Equivalent)","20184","2018Q4","2","Outward","IEFOV","Shannon Foynes","TEU Twenty-foot Equivalent",""
"TBQ04C04","Loaded Units (TEU Twenty-foot Equivalent)","20191","2019Q1","-","All directions","IEMIP","All Main Irish Ports","TEU Twenty-foot Equivalent","197364"
"TBQ04C04","Loaded Units (TEU Twenty-foot Equivalent)","20191","2019Q1","-","All directions","IEDUB","Dublin","TEU Twenty-foot Equivalent","145120"
"TBQ04C04","Loaded Units (TEU Twenty-foot Equivalent)","20191","2019Q1","-","All directions","IEORK","Cork","TEU Twenty-foot Equivalent","44839"
"TBQ04C04","Loaded Units (TEU Twenty-foot Equivalent)","20191","2019Q1","-","All directions","IEWAT","Waterford","TEU Twenty-foot Equivalent","7405"
"TBQ04C04","Loaded Units (TEU Twenty-foot Equivalent)","20191","2019Q1","-","All directions","IEFOV","Shannon Foynes","TEU Twenty-foot Equivalent",""
"TBQ04C04","Loaded Units (TEU Twenty-foot Equivalent)","20191","2019Q1","1","Inward","IEMIP","All Main Irish Ports","TEU Twenty-foot Equivalent","113410"
"TBQ04C04","Loaded Units (TEU Twenty-foot Equivalent)","20191","2019Q1","1","Inward","IEDUB","Dublin","TEU Twenty-foot Equivalent","88631"
"TBQ04C04","Loaded Units (TEU Twenty-foot Equivalent)","20191","2019Q1","1","Inward","IEORK","Cork","TEU Twenty-foot Equivalent","21703"
"TBQ04C04","Loaded Units (TEU Twenty-foot Equivalent)","20191","2019Q1","1","Inward","IEWAT","Waterford","TEU Twenty-foot Equivalent","3077"
"TBQ04C04","Loaded Units (TEU Twenty-foot Equivalent)","20191","2019Q1","1","Inward","IEFOV","Shannon Foynes","TEU Twenty-foot Equivalent",""
"TBQ04C04","Loaded Units (TEU Twenty-foot Equivalent)","20191","2019Q1","2","Outward","IEMIP","All Main Irish Ports","TEU Twenty-foot Equivalent","83955"
"TBQ04C04","Loaded Units (TEU Twenty-foot Equivalent)","20191","2019Q1","2","Outward","IEDUB","Dublin","TEU Twenty-foot Equivalent","56490"
"TBQ04C04","Loaded Units (TEU Twenty-foot Equivalent)","20191","2019Q1","2","Outward","IEORK","Cork","TEU Twenty-foot Equivalent","23137"
"TBQ04C04","Loaded Units (TEU Twenty-foot Equivalent)","20191","2019Q1","2","Outward","IEWAT","Waterford","TEU Twenty-foot Equivalent","4329"
"TBQ04C04","Loaded Units (TEU Twenty-foot Equivalent)","20191","2019Q1","2","Outward","IEFOV","Shannon Foynes","TEU Twenty-foot Equivalent",""
"TBQ04C04","Loaded Units (TEU Twenty-foot Equivalent)","20192","2019Q2","-","All directions","IEMIP","All Main Irish Ports","TEU Twenty-foot Equivalent","210055"
"TBQ04C04","Loaded Units (TEU Twenty-foot Equivalent)","20192","2019Q2","-","All directions","IEDUB","Dublin","TEU Twenty-foot Equivalent","153170"
"TBQ04C04","Loaded Units (TEU Twenty-foot Equivalent)","20192","2019Q2","-","All directions","IEORK","Cork","TEU Twenty-foot Equivalent","48699"
"TBQ04C04","Loaded Units (TEU Twenty-foot Equivalent)","20192","2019Q2","-","All directions","IEWAT","Waterford","TEU Twenty-foot Equivalent","8187"
"TBQ04C04","Loaded Units (TEU Twenty-foot Equivalent)","20192","2019Q2","-","All directions","IEFOV","Shannon Foynes","TEU Twenty-foot Equivalent",""
"TBQ04C04","Loaded Units (TEU Twenty-foot Equivalent)","20192","2019Q2","1","Inward","IEMIP","All Main Irish Ports","TEU Twenty-foot Equivalent","116746"
"TBQ04C04","Loaded Units (TEU Twenty-foot Equivalent)","20192","2019Q2","1","Inward","IEDUB","Dublin","TEU Twenty-foot Equivalent","91545"
"TBQ04C04","Loaded Units (TEU Twenty-foot Equivalent)","20192","2019Q2","1","Inward","IEORK","Cork","TEU Twenty-foot Equivalent","22421"
"TBQ04C04","Loaded Units (TEU Twenty-foot Equivalent)","20192","2019Q2","1","Inward","IEWAT","Waterford","TEU Twenty-foot Equivalent","2781"
"TBQ04C04","Loaded Units (TEU Twenty-foot Equivalent)","20192","2019Q2","1","Inward","IEFOV","Shannon Foynes","TEU Twenty-foot Equivalent",""
"TBQ04C04","Loaded Units (TEU Twenty-foot Equivalent)","20192","2019Q2","2","Outward","IEMIP","All Main Irish Ports","TEU Twenty-foot Equivalent","93309"
"TBQ04C04","Loaded Units (TEU Twenty-foot Equivalent)","20192","2019Q2","2","Outward","IEDUB","Dublin","TEU Twenty-foot Equivalent","61626"
"TBQ04C04","Loaded Units (TEU Twenty-foot Equivalent)","20192","2019Q2","2","Outward","IEORK","Cork","TEU Twenty-foot Equivalent","26278"
"TBQ04C04","Loaded Units (TEU Twenty-foot Equivalent)","20192","2019Q2","2","Outward","IEWAT","Waterford","TEU Twenty-foot Equivalent","5406"
"TBQ04C04","Loaded Units (TEU Twenty-foot Equivalent)","20192","2019Q2","2","Outward","IEFOV","Shannon Foynes","TEU Twenty-foot Equivalent",""
"TBQ04C04","Loaded Units (TEU Twenty-foot Equivalent)","20193","2019Q3","-","All directions","IEMIP","All Main Irish Ports","TEU Twenty-foot Equivalent","204080"
"TBQ04C04","Loaded Units (TEU Twenty-foot Equivalent)","20193","2019Q3","-","All directions","IEDUB","Dublin","TEU Twenty-foot Equivalent","148875"
"TBQ04C04","Loaded Units (TEU Twenty-foot Equivalent)","20193","2019Q3","-","All directions","IEORK","Cork","TEU Twenty-foot Equivalent","47112"
"TBQ04C04","Loaded Units (TEU Twenty-foot Equivalent)","20193","2019Q3","-","All directions","IEWAT","Waterford","TEU Twenty-foot Equivalent","8094"
"TBQ04C04","Loaded Units (TEU Twenty-foot Equivalent)","20193","2019Q3","-","All directions","IEFOV","Shannon Foynes","TEU Twenty-foot Equivalent",""
"TBQ04C04","Loaded Units (TEU Twenty-foot Equivalent)","20193","2019Q3","1","Inward","IEMIP","All Main Irish Ports","TEU Twenty-foot Equivalent","114722"
"TBQ04C04","Loaded Units (TEU Twenty-foot Equivalent)","20193","2019Q3","1","Inward","IEDUB","Dublin","TEU Twenty-foot Equivalent","91410"
"TBQ04C04","Loaded Units (TEU Twenty-foot Equivalent)","20193","2019Q3","1","Inward","IEORK","Cork","TEU Twenty-foot Equivalent","20851"
"TBQ04C04","Loaded Units (TEU Twenty-foot Equivalent)","20193","2019Q3","1","Inward","IEWAT","Waterford","TEU Twenty-foot Equivalent","2462"
"TBQ04C04","Loaded Units (TEU Twenty-foot Equivalent)","20193","2019Q3","1","Inward","IEFOV","Shannon Foynes","TEU Twenty-foot Equivalent",""
"TBQ04C04","Loaded Units (TEU Twenty-foot Equivalent)","20193","2019Q3","2","Outward","IEMIP","All Main Irish Ports","TEU Twenty-foot Equivalent","89358"
"TBQ04C04","Loaded Units (TEU Twenty-foot Equivalent)","20193","2019Q3","2","Outward","IEDUB","Dublin","TEU Twenty-foot Equivalent","57465"
"TBQ04C04","Loaded Units (TEU Twenty-foot Equivalent)","20193","2019Q3","2","Outward","IEORK","Cork","TEU Twenty-foot Equivalent","26261"
"TBQ04C04","Loaded Units (TEU Twenty-foot Equivalent)","20193","2019Q3","2","Outward","IEWAT","Waterford","TEU Twenty-foot Equivalent","5632"
"TBQ04C04","Loaded Units (TEU Twenty-foot Equivalent)","20193","2019Q3","2","Outward","IEFOV","Shannon Foynes","TEU Twenty-foot Equivalent",""
"TBQ04C04","Loaded Units (TEU Twenty-foot Equivalent)","20194","2019Q4","-","All directions","IEMIP","All Main Irish Ports","TEU Twenty-foot Equivalent","196910"
"TBQ04C04","Loaded Units (TEU Twenty-foot Equivalent)","20194","2019Q4","-","All directions","IEDUB","Dublin","TEU Twenty-foot Equivalent","141814"
"TBQ04C04","Loaded Units (TEU Twenty-foot Equivalent)","20194","2019Q4","-","All directions","IEORK","Cork","TEU Twenty-foot Equivalent","46163"
"TBQ04C04","Loaded Units (TEU Twenty-foot Equivalent)","20194","2019Q4","-","All directions","IEWAT","Waterford","TEU Twenty-foot Equivalent","8933"
"TBQ04C04","Loaded Units (TEU Twenty-foot Equivalent)","20194","2019Q4","-","All directions","IEFOV","Shannon Foynes","TEU Twenty-foot Equivalent",""
"TBQ04C04","Loaded Units (TEU Twenty-foot Equivalent)","20194","2019Q4","1","Inward","IEMIP","All Main Irish Ports","TEU Twenty-foot Equivalent","109903"
"TBQ04C04","Loaded Units (TEU Twenty-foot Equivalent)","20194","2019Q4","1","Inward","IEDUB","Dublin","TEU Twenty-foot Equivalent","85584"
"TBQ04C04","Loaded Units (TEU Twenty-foot Equivalent)","20194","2019Q4","1","Inward","IEORK","Cork","TEU Twenty-foot Equivalent","21096"
"TBQ04C04","Loaded Units (TEU Twenty-foot Equivalent)","20194","2019Q4","1","Inward","IEWAT","Waterford","TEU Twenty-foot Equivalent","3223"
"TBQ04C04","Loaded Units (TEU Twenty-foot Equivalent)","20194","2019Q4","1","Inward","IEFOV","Shannon Foynes","TEU Twenty-foot Equivalent",""
"TBQ04C04","Loaded Units (TEU Twenty-foot Equivalent)","20194","2019Q4","2","Outward","IEMIP","All Main Irish Ports","TEU Twenty-foot Equivalent","87007"
"TBQ04C04","Loaded Units (TEU Twenty-foot Equivalent)","20194","2019Q4","2","Outward","IEDUB","Dublin","TEU Twenty-foot Equivalent","56230"
"TBQ04C04","Loaded Units (TEU Twenty-foot Equivalent)","20194","2019Q4","2","Outward","IEORK","Cork","TEU Twenty-foot Equivalent","25068"
"TBQ04C04","Loaded Units (TEU Twenty-foot Equivalent)","20194","2019Q4","2","Outward","IEWAT","Waterford","TEU Twenty-foot Equivalent","5710"
"TBQ04C04","Loaded Units (TEU Twenty-foot Equivalent)","20194","2019Q4","2","Outward","IEFOV","Shannon Foynes","TEU Twenty-foot Equivalent",""
"TBQ04C04","Loaded Units (TEU Twenty-foot Equivalent)","20201","2020Q1","-","All directions","IEMIP","All Main Irish Ports","TEU Twenty-foot Equivalent","194393"
"TBQ04C04","Loaded Units (TEU Twenty-foot Equivalent)","20201","2020Q1","-","All directions","IEDUB","Dublin","TEU Twenty-foot Equivalent","142928"
"TBQ04C04","Loaded Units (TEU Twenty-foot Equivalent)","20201","2020Q1","-","All directions","IEORK","Cork","TEU Twenty-foot Equivalent","42491"
"TBQ04C04","Loaded Units (TEU Twenty-foot Equivalent)","20201","2020Q1","-","All directions","IEWAT","Waterford","TEU Twenty-foot Equivalent","8975"
"TBQ04C04","Loaded Units (TEU Twenty-foot Equivalent)","20201","2020Q1","-","All directions","IEFOV","Shannon Foynes","TEU Twenty-foot Equivalent",""
"TBQ04C04","Loaded Units (TEU Twenty-foot Equivalent)","20201","2020Q1","1","Inward","IEMIP","All Main Irish Ports","TEU Twenty-foot Equivalent","111921"
"TBQ04C04","Loaded Units (TEU Twenty-foot Equivalent)","20201","2020Q1","1","Inward","IEDUB","Dublin","TEU Twenty-foot Equivalent","87383"
"TBQ04C04","Loaded Units (TEU Twenty-foot Equivalent)","20201","2020Q1","1","Inward","IEORK","Cork","TEU Twenty-foot Equivalent","20815"
"TBQ04C04","Loaded Units (TEU Twenty-foot Equivalent)","20201","2020Q1","1","Inward","IEWAT","Waterford","TEU Twenty-foot Equivalent","3724"
"TBQ04C04","Loaded Units (TEU Twenty-foot Equivalent)","20201","2020Q1","1","Inward","IEFOV","Shannon Foynes","TEU Twenty-foot Equivalent",""
"TBQ04C04","Loaded Units (TEU Twenty-foot Equivalent)","20201","2020Q1","2","Outward","IEMIP","All Main Irish Ports","TEU Twenty-foot Equivalent","82473"
"TBQ04C04","Loaded Units (TEU Twenty-foot Equivalent)","20201","2020Q1","2","Outward","IEDUB","Dublin","TEU Twenty-foot Equivalent","55545"
"TBQ04C04","Loaded Units (TEU Twenty-foot Equivalent)","20201","2020Q1","2","Outward","IEORK","Cork","TEU Twenty-foot Equivalent","21676"
"TBQ04C04","Loaded Units (TEU Twenty-foot Equivalent)","20201","2020Q1","2","Outward","IEWAT","Waterford","TEU Twenty-foot Equivalent","5252"
"TBQ04C04","Loaded Units (TEU Twenty-foot Equivalent)","20201","2020Q1","2","Outward","IEFOV","Shannon Foynes","TEU Twenty-foot Equivalent",""
"TBQ04C04","Loaded Units (TEU Twenty-foot Equivalent)","20202","2020Q2","-","All directions","IEMIP","All Main Irish Ports","TEU Twenty-foot Equivalent","187131"
"TBQ04C04","Loaded Units (TEU Twenty-foot Equivalent)","20202","2020Q2","-","All directions","IEDUB","Dublin","TEU Twenty-foot Equivalent","130049"
"TBQ04C04","Loaded Units (TEU Twenty-foot Equivalent)","20202","2020Q2","-","All directions","IEORK","Cork","TEU Twenty-foot Equivalent","48617"
"TBQ04C04","Loaded Units (TEU Twenty-foot Equivalent)","20202","2020Q2","-","All directions","IEWAT","Waterford","TEU Twenty-foot Equivalent","8465"
"TBQ04C04","Loaded Units (TEU Twenty-foot Equivalent)","20202","2020Q2","-","All directions","IEFOV","Shannon Foynes","TEU Twenty-foot Equivalent",""
"TBQ04C04","Loaded Units (TEU Twenty-foot Equivalent)","20202","2020Q2","1","Inward","IEMIP","All Main Irish Ports","TEU Twenty-foot Equivalent","99959"
"TBQ04C04","Loaded Units (TEU Twenty-foot Equivalent)","20202","2020Q2","1","Inward","IEDUB","Dublin","TEU Twenty-foot Equivalent","75063"
"TBQ04C04","Loaded Units (TEU Twenty-foot Equivalent)","20202","2020Q2","1","Inward","IEORK","Cork","TEU Twenty-foot Equivalent","21482"
"TBQ04C04","Loaded Units (TEU Twenty-foot Equivalent)","20202","2020Q2","1","Inward","IEWAT","Waterford","TEU Twenty-foot Equivalent","3415"
"TBQ04C04","Loaded Units (TEU Twenty-foot Equivalent)","20202","2020Q2","1","Inward","IEFOV","Shannon Foynes","TEU Twenty-foot Equivalent",""
"TBQ04C04","Loaded Units (TEU Twenty-foot Equivalent)","20202","2020Q2","2","Outward","IEMIP","All Main Irish Ports","TEU Twenty-foot Equivalent","87172"
"TBQ04C04","Loaded Units (TEU Twenty-foot Equivalent)","20202","2020Q2","2","Outward","IEDUB","Dublin","TEU Twenty-foot Equivalent","54987"
"TBQ04C04","Loaded Units (TEU Twenty-foot Equivalent)","20202","2020Q2","2","Outward","IEORK","Cork","TEU Twenty-foot Equivalent","27136"
"TBQ04C04","Loaded Units (TEU Twenty-foot Equivalent)","20202","2020Q2","2","Outward","IEWAT","Waterford","TEU Twenty-foot Equivalent","5050"
"TBQ04C04","Loaded Units (TEU Twenty-foot Equivalent)","20202","2020Q2","2","Outward","IEFOV","Shannon Foynes","TEU Twenty-foot Equivalent",""
"TBQ04C04","Loaded Units (TEU Twenty-foot Equivalent)","20203","2020Q3","-","All directions","IEMIP","All Main Irish Ports","TEU Twenty-foot Equivalent","207872"
"TBQ04C04","Loaded Units (TEU Twenty-foot Equivalent)","20203","2020Q3","-","All directions","IEDUB","Dublin","TEU Twenty-foot Equivalent","147882"
"TBQ04C04","Loaded Units (TEU Twenty-foot Equivalent)","20203","2020Q3","-","All directions","IEORK","Cork","TEU Twenty-foot Equivalent","50065"
"TBQ04C04","Loaded Units (TEU Twenty-foot Equivalent)","20203","2020Q3","-","All directions","IEWAT","Waterford","TEU Twenty-foot Equivalent","9925"
"TBQ04C04","Loaded Units (TEU Twenty-foot Equivalent)","20203","2020Q3","-","All directions","IEFOV","Shannon Foynes","TEU Twenty-foot Equivalent",""
"TBQ04C04","Loaded Units (TEU Twenty-foot Equivalent)","20203","2020Q3","1","Inward","IEMIP","All Main Irish Ports","TEU Twenty-foot Equivalent","119107"
"TBQ04C04","Loaded Units (TEU Twenty-foot Equivalent)","20203","2020Q3","1","Inward","IEDUB","Dublin","TEU Twenty-foot Equivalent","92293"
"TBQ04C04","Loaded Units (TEU Twenty-foot Equivalent)","20203","2020Q3","1","Inward","IEORK","Cork","TEU Twenty-foot Equivalent","23020"
"TBQ04C04","Loaded Units (TEU Twenty-foot Equivalent)","20203","2020Q3","1","Inward","IEWAT","Waterford","TEU Twenty-foot Equivalent","3795"
"TBQ04C04","Loaded Units (TEU Twenty-foot Equivalent)","20203","2020Q3","1","Inward","IEFOV","Shannon Foynes","TEU Twenty-foot Equivalent",""
"TBQ04C04","Loaded Units (TEU Twenty-foot Equivalent)","20203","2020Q3","2","Outward","IEMIP","All Main Irish Ports","TEU Twenty-foot Equivalent","88764"
"TBQ04C04","Loaded Units (TEU Twenty-foot Equivalent)","20203","2020Q3","2","Outward","IEDUB","Dublin","TEU Twenty-foot Equivalent","55589"
"TBQ04C04","Loaded Units (TEU Twenty-foot Equivalent)","20203","2020Q3","2","Outward","IEORK","Cork","TEU Twenty-foot Equivalent","27046"
"TBQ04C04","Loaded Units (TEU Twenty-foot Equivalent)","20203","2020Q3","2","Outward","IEWAT","Waterford","TEU Twenty-foot Equivalent","6130"
"TBQ04C04","Loaded Units (TEU Twenty-foot Equivalent)","20203","2020Q3","2","Outward","IEFOV","Shannon Foynes","TEU Twenty-foot Equivalent",""
"TBQ04C04","Loaded Units (TEU Twenty-foot Equivalent)","20204","2020Q4","-","All directions","IEMIP","All Main Irish Ports","TEU Twenty-foot Equivalent","210504"
"TBQ04C04","Loaded Units (TEU Twenty-foot Equivalent)","20204","2020Q4","-","All directions","IEDUB","Dublin","TEU Twenty-foot Equivalent","150933"
"TBQ04C04","Loaded Units (TEU Twenty-foot Equivalent)","20204","2020Q4","-","All directions","IEORK","Cork","TEU Twenty-foot Equivalent","51790"
"TBQ04C04","Loaded Units (TEU Twenty-foot Equivalent)","20204","2020Q4","-","All directions","IEWAT","Waterford","TEU Twenty-foot Equivalent","7781"
"TBQ04C04","Loaded Units (TEU Twenty-foot Equivalent)","20204","2020Q4","-","All directions","IEFOV","Shannon Foynes","TEU Twenty-foot Equivalent",""
"TBQ04C04","Loaded Units (TEU Twenty-foot Equivalent)","20204","2020Q4","1","Inward","IEMIP","All Main Irish Ports","TEU Twenty-foot Equivalent","124313"
"TBQ04C04","Loaded Units (TEU Twenty-foot Equivalent)","20204","2020Q4","1","Inward","IEDUB","Dublin","TEU Twenty-foot Equivalent","96380"
"TBQ04C04","Loaded Units (TEU Twenty-foot Equivalent)","20204","2020Q4","1","Inward","IEORK","Cork","TEU Twenty-foot Equivalent","24981"
"TBQ04C04","Loaded Units (TEU Twenty-foot Equivalent)","20204","2020Q4","1","Inward","IEWAT","Waterford","TEU Twenty-foot Equivalent","2952"
"TBQ04C04","Loaded Units (TEU Twenty-foot Equivalent)","20204","2020Q4","1","Inward","IEFOV","Shannon Foynes","TEU Twenty-foot Equivalent",""
"TBQ04C04","Loaded Units (TEU Twenty-foot Equivalent)","20204","2020Q4","2","Outward","IEMIP","All Main Irish Ports","TEU Twenty-foot Equivalent","86191"
"TBQ04C04","Loaded Units (TEU Twenty-foot Equivalent)","20204","2020Q4","2","Outward","IEDUB","Dublin","TEU Twenty-foot Equivalent","54553"
"TBQ04C04","Loaded Units (TEU Twenty-foot Equivalent)","20204","2020Q4","2","Outward","IEORK","Cork","TEU Twenty-foot Equivalent","26809"
"TBQ04C04","Loaded Units (TEU Twenty-foot Equivalent)","20204","2020Q4","2","Outward","IEWAT","Waterford","TEU Twenty-foot Equivalent","4829"
"TBQ04C04","Loaded Units (TEU Twenty-foot Equivalent)","20204","2020Q4","2","Outward","IEFOV","Shannon Foynes","TEU Twenty-foot Equivalent",""
"TBQ04C04","Loaded Units (TEU Twenty-foot Equivalent)","20211","2021Q1","-","All directions","IEMIP","All Main Irish Ports","TEU Twenty-foot Equivalent","214226"
"TBQ04C04","Loaded Units (TEU Twenty-foot Equivalent)","20211","2021Q1","-","All directions","IEDUB","Dublin","TEU Twenty-foot Equivalent","156984"
"TBQ04C04","Loaded Units (TEU Twenty-foot Equivalent)","20211","2021Q1","-","All directions","IEORK","Cork","TEU Twenty-foot Equivalent","48887"
"TBQ04C04","Loaded Units (TEU Twenty-foot Equivalent)","20211","2021Q1","-","All directions","IEWAT","Waterford","TEU Twenty-foot Equivalent","8356"
"TBQ04C04","Loaded Units (TEU Twenty-foot Equivalent)","20211","2021Q1","-","All directions","IEFOV","Shannon Foynes","TEU Twenty-foot Equivalent",""
"TBQ04C04","Loaded Units (TEU Twenty-foot Equivalent)","20211","2021Q1","1","Inward","IEMIP","All Main Irish Ports","TEU Twenty-foot Equivalent","127456"
"TBQ04C04","Loaded Units (TEU Twenty-foot Equivalent)","20211","2021Q1","1","Inward","IEDUB","Dublin","TEU Twenty-foot Equivalent","99320"
"TBQ04C04","Loaded Units (TEU Twenty-foot Equivalent)","20211","2021Q1","1","Inward","IEORK","Cork","TEU Twenty-foot Equivalent","24772"
"TBQ04C04","Loaded Units (TEU Twenty-foot Equivalent)","20211","2021Q1","1","Inward","IEWAT","Waterford","TEU Twenty-foot Equivalent","3365"
"TBQ04C04","Loaded Units (TEU Twenty-foot Equivalent)","20211","2021Q1","1","Inward","IEFOV","Shannon Foynes","TEU Twenty-foot Equivalent",""
"TBQ04C04","Loaded Units (TEU Twenty-foot Equivalent)","20211","2021Q1","2","Outward","IEMIP","All Main Irish Ports","TEU Twenty-foot Equivalent","86770"
"TBQ04C04","Loaded Units (TEU Twenty-foot Equivalent)","20211","2021Q1","2","Outward","IEDUB","Dublin","TEU Twenty-foot Equivalent","57665"
"TBQ04C04","Loaded Units (TEU Twenty-foot Equivalent)","20211","2021Q1","2","Outward","IEORK","Cork","TEU Twenty-foot Equivalent","24115"
"TBQ04C04","Loaded Units (TEU Twenty-foot Equivalent)","20211","2021Q1","2","Outward","IEWAT","Waterford","TEU Twenty-foot Equivalent","4991"
"TBQ04C04","Loaded Units (TEU Twenty-foot Equivalent)","20211","2021Q1","2","Outward","IEFOV","Shannon Foynes","TEU Twenty-foot Equivalent",""
"TBQ04C04","Loaded Units (TEU Twenty-foot Equivalent)","20212","2021Q2","-","All directions","IEMIP","All Main Irish Ports","TEU Twenty-foot Equivalent","231973"
"TBQ04C04","Loaded Units (TEU Twenty-foot Equivalent)","20212","2021Q2","-","All directions","IEDUB","Dublin","TEU Twenty-foot Equivalent","165735"
"TBQ04C04","Loaded Units (TEU Twenty-foot Equivalent)","20212","2021Q2","-","All directions","IEORK","Cork","TEU Twenty-foot Equivalent","57390"
"TBQ04C04","Loaded Units (TEU Twenty-foot Equivalent)","20212","2021Q2","-","All directions","IEWAT","Waterford","TEU Twenty-foot Equivalent","8848"
"TBQ04C04","Loaded Units (TEU Twenty-foot Equivalent)","20212","2021Q2","-","All directions","IEFOV","Shannon Foynes","TEU Twenty-foot Equivalent",""
"TBQ04C04","Loaded Units (TEU Twenty-foot Equivalent)","20212","2021Q2","1","Inward","IEMIP","All Main Irish Ports","TEU Twenty-foot Equivalent","134560"
"TBQ04C04","Loaded Units (TEU Twenty-foot Equivalent)","20212","2021Q2","1","Inward","IEDUB","Dublin","TEU Twenty-foot Equivalent","103157"
"TBQ04C04","Loaded Units (TEU Twenty-foot Equivalent)","20212","2021Q2","1","Inward","IEORK","Cork","TEU Twenty-foot Equivalent","27642"
"TBQ04C04","Loaded Units (TEU Twenty-foot Equivalent)","20212","2021Q2","1","Inward","IEWAT","Waterford","TEU Twenty-foot Equivalent","3761"
"TBQ04C04","Loaded Units (TEU Twenty-foot Equivalent)","20212","2021Q2","1","Inward","IEFOV","Shannon Foynes","TEU Twenty-foot Equivalent",""
"TBQ04C04","Loaded Units (TEU Twenty-foot Equivalent)","20212","2021Q2","2","Outward","IEMIP","All Main Irish Ports","TEU Twenty-foot Equivalent","97413"
"TBQ04C04","Loaded Units (TEU Twenty-foot Equivalent)","20212","2021Q2","2","Outward","IEDUB","Dublin","TEU Twenty-foot Equivalent","62578"
"TBQ04C04","Loaded Units (TEU Twenty-foot Equivalent)","20212","2021Q2","2","Outward","IEORK","Cork","TEU Twenty-foot Equivalent","29748"
"TBQ04C04","Loaded Units (TEU Twenty-foot Equivalent)","20212","2021Q2","2","Outward","IEWAT","Waterford","TEU Twenty-foot Equivalent","5087"
"TBQ04C04","Loaded Units (TEU Twenty-foot Equivalent)","20212","2021Q2","2","Outward","IEFOV","Shannon Foynes","TEU Twenty-foot Equivalent",""
"TBQ04C04","Loaded Units (TEU Twenty-foot Equivalent)","20213","2021Q3","-","All directions","IEMIP","All Main Irish Ports","TEU Twenty-foot Equivalent","227576"
"TBQ04C04","Loaded Units (TEU Twenty-foot Equivalent)","20213","2021Q3","-","All directions","IEDUB","Dublin","TEU Twenty-foot Equivalent","162453"
"TBQ04C04","Loaded Units (TEU Twenty-foot Equivalent)","20213","2021Q3","-","All directions","IEORK","Cork","TEU Twenty-foot Equivalent","56317"
"TBQ04C04","Loaded Units (TEU Twenty-foot Equivalent)","20213","2021Q3","-","All directions","IEWAT","Waterford","TEU Twenty-foot Equivalent","8807"
"TBQ04C04","Loaded Units (TEU Twenty-foot Equivalent)","20213","2021Q3","-","All directions","IEFOV","Shannon Foynes","TEU Twenty-foot Equivalent",""
"TBQ04C04","Loaded Units (TEU Twenty-foot Equivalent)","20213","2021Q3","1","Inward","IEMIP","All Main Irish Ports","TEU Twenty-foot Equivalent","134161"
"TBQ04C04","Loaded Units (TEU Twenty-foot Equivalent)","20213","2021Q3","1","Inward","IEDUB","Dublin","TEU Twenty-foot Equivalent","102914"
"TBQ04C04","Loaded Units (TEU Twenty-foot Equivalent)","20213","2021Q3","1","Inward","IEORK","Cork","TEU Twenty-foot Equivalent","27771"
"TBQ04C04","Loaded Units (TEU Twenty-foot Equivalent)","20213","2021Q3","1","Inward","IEWAT","Waterford","TEU Twenty-foot Equivalent","3475"
"TBQ04C04","Loaded Units (TEU Twenty-foot Equivalent)","20213","2021Q3","1","Inward","IEFOV","Shannon Foynes","TEU Twenty-foot Equivalent",""
"TBQ04C04","Loaded Units (TEU Twenty-foot Equivalent)","20213","2021Q3","2","Outward","IEMIP","All Main Irish Ports","TEU Twenty-foot Equivalent","93416"
"TBQ04C04","Loaded Units (TEU Twenty-foot Equivalent)","20213","2021Q3","2","Outward","IEDUB","Dublin","TEU Twenty-foot Equivalent","59539"
"TBQ04C04","Loaded Units (TEU Twenty-foot Equivalent)","20213","2021Q3","2","Outward","IEORK","Cork","TEU Twenty-foot Equivalent","28545"
"TBQ04C04","Loaded Units (TEU Twenty-foot Equivalent)","20213","2021Q3","2","Outward","IEWAT","Waterford","TEU Twenty-foot Equivalent","5331"
"TBQ04C04","Loaded Units (TEU Twenty-foot Equivalent)","20213","2021Q3","2","Outward","IEFOV","Shannon Foynes","TEU Twenty-foot Equivalent",""
"TBQ04C04","Loaded Units (TEU Twenty-foot Equivalent)","20214","2021Q4","-","All directions","IEMIP","All Main Irish Ports","TEU Twenty-foot Equivalent","219453"
"TBQ04C04","Loaded Units (TEU Twenty-foot Equivalent)","20214","2021Q4","-","All directions","IEDUB","Dublin","TEU Twenty-foot Equivalent","156435"
"TBQ04C04","Loaded Units (TEU Twenty-foot Equivalent)","20214","2021Q4","-","All directions","IEORK","Cork","TEU Twenty-foot Equivalent","54531"
"TBQ04C04","Loaded Units (TEU Twenty-foot Equivalent)","20214","2021Q4","-","All directions","IEWAT","Waterford","TEU Twenty-foot Equivalent","8488"
"TBQ04C04","Loaded Units (TEU Twenty-foot Equivalent)","20214","2021Q4","-","All directions","IEFOV","Shannon Foynes","TEU Twenty-foot Equivalent",""
"TBQ04C04","Loaded Units (TEU Twenty-foot Equivalent)","20214","2021Q4","1","Inward","IEMIP","All Main Irish Ports","TEU Twenty-foot Equivalent","130722"
"TBQ04C04","Loaded Units (TEU Twenty-foot Equivalent)","20214","2021Q4","1","Inward","IEDUB","Dublin","TEU Twenty-foot Equivalent","100166"
"TBQ04C04","Loaded Units (TEU Twenty-foot Equivalent)","20214","2021Q4","1","Inward","IEORK","Cork","TEU Twenty-foot Equivalent","27353"
"TBQ04C04","Loaded Units (TEU Twenty-foot Equivalent)","20214","2021Q4","1","Inward","IEWAT","Waterford","TEU Twenty-foot Equivalent","3204"
"TBQ04C04","Loaded Units (TEU Twenty-foot Equivalent)","20214","2021Q4","1","Inward","IEFOV","Shannon Foynes","TEU Twenty-foot Equivalent",""
"TBQ04C04","Loaded Units (TEU Twenty-foot Equivalent)","20214","2021Q4","2","Outward","IEMIP","All Main Irish Ports","TEU Twenty-foot Equivalent","88731"
"TBQ04C04","Loaded Units (TEU Twenty-foot Equivalent)","20214","2021Q4","2","Outward","IEDUB","Dublin","TEU Twenty-foot Equivalent","56269"
"TBQ04C04","Loaded Units (TEU Twenty-foot Equivalent)","20214","2021Q4","2","Outward","IEORK","Cork","TEU Twenty-foot Equivalent","27178"
"TBQ04C04","Loaded Units (TEU Twenty-foot Equivalent)","20214","2021Q4","2","Outward","IEWAT","Waterford","TEU Twenty-foot Equivalent","5284"
"TBQ04C04","Loaded Units (TEU Twenty-foot Equivalent)","20214","2021Q4","2","Outward","IEFOV","Shannon Foynes","TEU Twenty-foot Equivalent",""
"TBQ04C04","Loaded Units (TEU Twenty-foot Equivalent)","20221","2022Q1","-","All directions","IEMIP","All Main Irish Ports","TEU Twenty-foot Equivalent","209680"
"TBQ04C04","Loaded Units (TEU Twenty-foot Equivalent)","20221","2022Q1","-","All directions","IEDUB","Dublin","TEU Twenty-foot Equivalent","148005"
"TBQ04C04","Loaded Units (TEU Twenty-foot Equivalent)","20221","2022Q1","-","All directions","IEORK","Cork","TEU Twenty-foot Equivalent","53409"
"TBQ04C04","Loaded Units (TEU Twenty-foot Equivalent)","20221","2022Q1","-","All directions","IEWAT","Waterford","TEU Twenty-foot Equivalent","8266"
"TBQ04C04","Loaded Units (TEU Twenty-foot Equivalent)","20221","2022Q1","-","All directions","IEFOV","Shannon Foynes","TEU Twenty-foot Equivalent",""
"TBQ04C04","Loaded Units (TEU Twenty-foot Equivalent)","20221","2022Q1","1","Inward","IEMIP","All Main Irish Ports","TEU Twenty-foot Equivalent","127824"
"TBQ04C04","Loaded Units (TEU Twenty-foot Equivalent)","20221","2022Q1","1","Inward","IEDUB","Dublin","TEU Twenty-foot Equivalent","95256"
"TBQ04C04","Loaded Units (TEU Twenty-foot Equivalent)","20221","2022Q1","1","Inward","IEORK","Cork","TEU Twenty-foot Equivalent","28656"
"TBQ04C04","Loaded Units (TEU Twenty-foot Equivalent)","20221","2022Q1","1","Inward","IEWAT","Waterford","TEU Twenty-foot Equivalent","3912"
"TBQ04C04","Loaded Units (TEU Twenty-foot Equivalent)","20221","2022Q1","1","Inward","IEFOV","Shannon Foynes","TEU Twenty-foot Equivalent",""
"TBQ04C04","Loaded Units (TEU Twenty-foot Equivalent)","20221","2022Q1","2","Outward","IEMIP","All Main Irish Ports","TEU Twenty-foot Equivalent","81856"
"TBQ04C04","Loaded Units (TEU Twenty-foot Equivalent)","20221","2022Q1","2","Outward","IEDUB","Dublin","TEU Twenty-foot Equivalent","52749"
"TBQ04C04","Loaded Units (TEU Twenty-foot Equivalent)","20221","2022Q1","2","Outward","IEORK","Cork","TEU Twenty-foot Equivalent","24753"
"TBQ04C04","Loaded Units (TEU Twenty-foot Equivalent)","20221","2022Q1","2","Outward","IEWAT","Waterford","TEU Twenty-foot Equivalent","4354"
"TBQ04C04","Loaded Units (TEU Twenty-foot Equivalent)","20221","2022Q1","2","Outward","IEFOV","Shannon Foynes","TEU Twenty-foot Equivalent",""
"TBQ04C04","Loaded Units (TEU Twenty-foot Equivalent)","20222","2022Q2","-","All directions","IEMIP","All Main Irish Ports","TEU Twenty-foot Equivalent","233790"
"TBQ04C04","Loaded Units (TEU Twenty-foot Equivalent)","20222","2022Q2","-","All directions","IEDUB","Dublin","TEU Twenty-foot Equivalent","167124"
"TBQ04C04","Loaded Units (TEU Twenty-foot Equivalent)","20222","2022Q2","-","All directions","IEORK","Cork","TEU Twenty-foot Equivalent","56970"
"TBQ04C04","Loaded Units (TEU Twenty-foot Equivalent)","20222","2022Q2","-","All directions","IEWAT","Waterford","TEU Twenty-foot Equivalent","9696"
"TBQ04C04","Loaded Units (TEU Twenty-foot Equivalent)","20222","2022Q2","-","All directions","IEFOV","Shannon Foynes","TEU Twenty-foot Equivalent",""
"TBQ04C04","Loaded Units (TEU Twenty-foot Equivalent)","20222","2022Q2","1","Inward","IEMIP","All Main Irish Ports","TEU Twenty-foot Equivalent","135986"
"TBQ04C04","Loaded Units (TEU Twenty-foot Equivalent)","20222","2022Q2","1","Inward","IEDUB","Dublin","TEU Twenty-foot Equivalent","103690"
"TBQ04C04","Loaded Units (TEU Twenty-foot Equivalent)","20222","2022Q2","1","Inward","IEORK","Cork","TEU Twenty-foot Equivalent","28376"
"TBQ04C04","Loaded Units (TEU Twenty-foot Equivalent)","20222","2022Q2","1","Inward","IEWAT","Waterford","TEU Twenty-foot Equivalent","3919"
"TBQ04C04","Loaded Units (TEU Twenty-foot Equivalent)","20222","2022Q2","1","Inward","IEFOV","Shannon Foynes","TEU Twenty-foot Equivalent",""
"TBQ04C04","Loaded Units (TEU Twenty-foot Equivalent)","20222","2022Q2","2","Outward","IEMIP","All Main Irish Ports","TEU Twenty-foot Equivalent","97805"
"TBQ04C04","Loaded Units (TEU Twenty-foot Equivalent)","20222","2022Q2","2","Outward","IEDUB","Dublin","TEU Twenty-foot Equivalent","63434"
"TBQ04C04","Loaded Units (TEU Twenty-foot Equivalent)","20222","2022Q2","2","Outward","IEORK","Cork","TEU Twenty-foot Equivalent","28594"
"TBQ04C04","Loaded Units (TEU Twenty-foot Equivalent)","20222","2022Q2","2","Outward","IEWAT","Waterford","TEU Twenty-foot Equivalent","5777"
"TBQ04C04","Loaded Units (TEU Twenty-foot Equivalent)","20222","2022Q2","2","Outward","IEFOV","Shannon Foynes","TEU Twenty-foot Equivalent",""
"TBQ04C04","Loaded Units (TEU Twenty-foot Equivalent)","20223","2022Q3","-","All directions","IEMIP","All Main Irish Ports","TEU Twenty-foot Equivalent","218337"
"TBQ04C04","Loaded Units (TEU Twenty-foot Equivalent)","20223","2022Q3","-","All directions","IEDUB","Dublin","TEU Twenty-foot Equivalent","156863"
"TBQ04C04","Loaded Units (TEU Twenty-foot Equivalent)","20223","2022Q3","-","All directions","IEORK","Cork","TEU Twenty-foot Equivalent","53109"
"TBQ04C04","Loaded Units (TEU Twenty-foot Equivalent)","20223","2022Q3","-","All directions","IEWAT","Waterford","TEU Twenty-foot Equivalent","8366"
"TBQ04C04","Loaded Units (TEU Twenty-foot Equivalent)","20223","2022Q3","-","All directions","IEFOV","Shannon Foynes","TEU Twenty-foot Equivalent",""
"TBQ04C04","Loaded Units (TEU Twenty-foot Equivalent)","20223","2022Q3","1","Inward","IEMIP","All Main Irish Ports","TEU Twenty-foot Equivalent","128244"
"TBQ04C04","Loaded Units (TEU Twenty-foot Equivalent)","20223","2022Q3","1","Inward","IEDUB","Dublin","TEU Twenty-foot Equivalent","98860"
"TBQ04C04","Loaded Units (TEU Twenty-foot Equivalent)","20223","2022Q3","1","Inward","IEORK","Cork","TEU Twenty-foot Equivalent","26181"
"TBQ04C04","Loaded Units (TEU Twenty-foot Equivalent)","20223","2022Q3","1","Inward","IEWAT","Waterford","TEU Twenty-foot Equivalent","3203"
"TBQ04C04","Loaded Units (TEU Twenty-foot Equivalent)","20223","2022Q3","1","Inward","IEFOV","Shannon Foynes","TEU Twenty-foot Equivalent",""
"TBQ04C04","Loaded Units (TEU Twenty-foot Equivalent)","20223","2022Q3","2","Outward","IEMIP","All Main Irish Ports","TEU Twenty-foot Equivalent","90094"
"TBQ04C04","Loaded Units (TEU Twenty-foot Equivalent)","20223","2022Q3","2","Outward","IEDUB","Dublin","TEU Twenty-foot Equivalent","58003"
"TBQ04C04","Loaded Units (TEU Twenty-foot Equivalent)","20223","2022Q3","2","Outward","IEORK","Cork","TEU Twenty-foot Equivalent","26929"
"TBQ04C04","Loaded Units (TEU Twenty-foot Equivalent)","20223","2022Q3","2","Outward","IEWAT","Waterford","TEU Twenty-foot Equivalent","5162"
"TBQ04C04","Loaded Units (TEU Twenty-foot Equivalent)","20223","2022Q3","2","Outward","IEFOV","Shannon Foynes","TEU Twenty-foot Equivalent",""
"TBQ04C04","Loaded Units (TEU Twenty-foot Equivalent)","20224","2022Q4","-","All directions","IEMIP","All Main Irish Ports","TEU Twenty-foot Equivalent","202210"
"TBQ04C04","Loaded Units (TEU Twenty-foot Equivalent)","20224","2022Q4","-","All directions","IEDUB","Dublin","TEU Twenty-foot Equivalent","143241"
"TBQ04C04","Loaded Units (TEU Twenty-foot Equivalent)","20224","2022Q4","-","All directions","IEORK","Cork","TEU Twenty-foot Equivalent","50864"
"TBQ04C04","Loaded Units (TEU Twenty-foot Equivalent)","20224","2022Q4","-","All directions","IEWAT","Waterford","TEU Twenty-foot Equivalent","8106"
"TBQ04C04","Loaded Units (TEU Twenty-foot Equivalent)","20224","2022Q4","-","All directions","IEFOV","Shannon Foynes","TEU Twenty-foot Equivalent",""
"TBQ04C04","Loaded Units (TEU Twenty-foot Equivalent)","20224","2022Q4","1","Inward","IEMIP","All Main Irish Ports","TEU Twenty-foot Equivalent","116076"
"TBQ04C04","Loaded Units (TEU Twenty-foot Equivalent)","20224","2022Q4","1","Inward","IEDUB","Dublin","TEU Twenty-foot Equivalent","87591"
"TBQ04C04","Loaded Units (TEU Twenty-foot Equivalent)","20224","2022Q4","1","Inward","IEORK","Cork","TEU Twenty-foot Equivalent","25379"
"TBQ04C04","Loaded Units (TEU Twenty-foot Equivalent)","20224","2022Q4","1","Inward","IEWAT","Waterford","TEU Twenty-foot Equivalent","3106"
"TBQ04C04","Loaded Units (TEU Twenty-foot Equivalent)","20224","2022Q4","1","Inward","IEFOV","Shannon Foynes","TEU Twenty-foot Equivalent",""
"TBQ04C04","Loaded Units (TEU Twenty-foot Equivalent)","20224","2022Q4","2","Outward","IEMIP","All Main Irish Ports","TEU Twenty-foot Equivalent","86135"
"TBQ04C04","Loaded Units (TEU Twenty-foot Equivalent)","20224","2022Q4","2","Outward","IEDUB","Dublin","TEU Twenty-foot Equivalent","55651"
"TBQ04C04","Loaded Units (TEU Twenty-foot Equivalent)","20224","2022Q4","2","Outward","IEORK","Cork","TEU Twenty-foot Equivalent","25485"
"TBQ04C04","Loaded Units (TEU Twenty-foot Equivalent)","20224","2022Q4","2","Outward","IEWAT","Waterford","TEU Twenty-foot Equivalent","5000"
"TBQ04C04","Loaded Units (TEU Twenty-foot Equivalent)","20224","2022Q4","2","Outward","IEFOV","Shannon Foynes","TEU Twenty-foot Equivalent",""
"TBQ04C04","Loaded Units (TEU Twenty-foot Equivalent)","20231","2023Q1","-","All directions","IEMIP","All Main Irish Ports","TEU Twenty-foot Equivalent","196639"
"TBQ04C04","Loaded Units (TEU Twenty-foot Equivalent)","20231","2023Q1","-","All directions","IEDUB","Dublin","TEU Twenty-foot Equivalent","141841"
"TBQ04C04","Loaded Units (TEU Twenty-foot Equivalent)","20231","2023Q1","-","All directions","IEORK","Cork","TEU Twenty-foot Equivalent","48624"
"TBQ04C04","Loaded Units (TEU Twenty-foot Equivalent)","20231","2023Q1","-","All directions","IEWAT","Waterford","TEU Twenty-foot Equivalent","6175"
"TBQ04C04","Loaded Units (TEU Twenty-foot Equivalent)","20231","2023Q1","-","All directions","IEFOV","Shannon Foynes","TEU Twenty-foot Equivalent",""
"TBQ04C04","Loaded Units (TEU Twenty-foot Equivalent)","20231","2023Q1","1","Inward","IEMIP","All Main Irish Ports","TEU Twenty-foot Equivalent","118466"
"TBQ04C04","Loaded Units (TEU Twenty-foot Equivalent)","20231","2023Q1","1","Inward","IEDUB","Dublin","TEU Twenty-foot Equivalent","89495"
"TBQ04C04","Loaded Units (TEU Twenty-foot Equivalent)","20231","2023Q1","1","Inward","IEORK","Cork","TEU Twenty-foot Equivalent","26065"
"TBQ04C04","Loaded Units (TEU Twenty-foot Equivalent)","20231","2023Q1","1","Inward","IEWAT","Waterford","TEU Twenty-foot Equivalent","2907"
"TBQ04C04","Loaded Units (TEU Twenty-foot Equivalent)","20231","2023Q1","1","Inward","IEFOV","Shannon Foynes","TEU Twenty-foot Equivalent",""
"TBQ04C04","Loaded Units (TEU Twenty-foot Equivalent)","20231","2023Q1","2","Outward","IEMIP","All Main Irish Ports","TEU Twenty-foot Equivalent","78173"
"TBQ04C04","Loaded Units (TEU Twenty-foot Equivalent)","20231","2023Q1","2","Outward","IEDUB","Dublin","TEU Twenty-foot Equivalent","52346"
"TBQ04C04","Loaded Units (TEU Twenty-foot Equivalent)","20231","2023Q1","2","Outward","IEORK","Cork","TEU Twenty-foot Equivalent","22559"
"TBQ04C04","Loaded Units (TEU Twenty-foot Equivalent)","20231","2023Q1","2","Outward","IEWAT","Waterford","TEU Twenty-foot Equivalent","3268"
"TBQ04C04","Loaded Units (TEU Twenty-foot Equivalent)","20231","2023Q1","2","Outward","IEFOV","Shannon Foynes","TEU Twenty-foot Equivalent",""
"TBQ04C04","Loaded Units (TEU Twenty-foot Equivalent)","20232","2023Q2","-","All directions","IEMIP","All Main Irish Ports","TEU Twenty-foot Equivalent","212497"
"TBQ04C04","Loaded Units (TEU Twenty-foot Equivalent)","20232","2023Q2","-","All directions","IEDUB","Dublin","TEU Twenty-foot Equivalent","152636"
"TBQ04C04","Loaded Units (TEU Twenty-foot Equivalent)","20232","2023Q2","-","All directions","IEORK","Cork","TEU Twenty-foot Equivalent","52288"
"TBQ04C04","Loaded Units (TEU Twenty-foot Equivalent)","20232","2023Q2","-","All directions","IEWAT","Waterford","TEU Twenty-foot Equivalent","7574"
"TBQ04C04","Loaded Units (TEU Twenty-foot Equivalent)","20232","2023Q2","-","All directions","IEFOV","Shannon Foynes","TEU Twenty-foot Equivalent",""
"TBQ04C04","Loaded Units (TEU Twenty-foot Equivalent)","20232","2023Q2","1","Inward","IEMIP","All Main Irish Ports","TEU Twenty-foot Equivalent","125510"
"TBQ04C04","Loaded Units (TEU Twenty-foot Equivalent)","20232","2023Q2","1","Inward","IEDUB","Dublin","TEU Twenty-foot Equivalent","97537"
"TBQ04C04","Loaded Units (TEU Twenty-foot Equivalent)","20232","2023Q2","1","Inward","IEORK","Cork","TEU Twenty-foot Equivalent","25098"
"TBQ04C04","Loaded Units (TEU Twenty-foot Equivalent)","20232","2023Q2","1","Inward","IEWAT","Waterford","TEU Twenty-foot Equivalent","2875"
"TBQ04C04","Loaded Units (TEU Twenty-foot Equivalent)","20232","2023Q2","1","Inward","IEFOV","Shannon Foynes","TEU Twenty-foot Equivalent",""
"TBQ04C04","Loaded Units (TEU Twenty-foot Equivalent)","20232","2023Q2","2","Outward","IEMIP","All Main Irish Ports","TEU Twenty-foot Equivalent","86987"
"TBQ04C04","Loaded Units (TEU Twenty-foot Equivalent)","20232","2023Q2","2","Outward","IEDUB","Dublin","TEU Twenty-foot Equivalent","55099"
"TBQ04C04","Loaded Units (TEU Twenty-foot Equivalent)","20232","2023Q2","2","Outward","IEORK","Cork","TEU Twenty-foot Equivalent","27189"
"TBQ04C04","Loaded Units (TEU Twenty-foot Equivalent)","20232","2023Q2","2","Outward","IEWAT","Waterford","TEU Twenty-foot Equivalent","4699"
"TBQ04C04","Loaded Units (TEU Twenty-foot Equivalent)","20232","2023Q2","2","Outward","IEFOV","Shannon Foynes","TEU Twenty-foot Equivalent",""
"TBQ04C04","Loaded Units (TEU Twenty-foot Equivalent)","20233","2023Q3","-","All directions","IEMIP","All Main Irish Ports","TEU Twenty-foot Equivalent","182116"
"TBQ04C04","Loaded Units (TEU Twenty-foot Equivalent)","20233","2023Q3","-","All directions","IEDUB","Dublin","TEU Twenty-foot Equivalent","125196"
"TBQ04C04","Loaded Units (TEU Twenty-foot Equivalent)","20233","2023Q3","-","All directions","IEORK","Cork","TEU Twenty-foot Equivalent","50127"
"TBQ04C04","Loaded Units (TEU Twenty-foot Equivalent)","20233","2023Q3","-","All directions","IEWAT","Waterford","TEU Twenty-foot Equivalent","6793"
"TBQ04C04","Loaded Units (TEU Twenty-foot Equivalent)","20233","2023Q3","-","All directions","IEFOV","Shannon Foynes","TEU Twenty-foot Equivalent",""
"TBQ04C04","Loaded Units (TEU Twenty-foot Equivalent)","20233","2023Q3","1","Inward","IEMIP","All Main Irish Ports","TEU Twenty-foot Equivalent","125160"
"TBQ04C04","Loaded Units (TEU Twenty-foot Equivalent)","20233","2023Q3","1","Inward","IEDUB","Dublin","TEU Twenty-foot Equivalent","98445"
"TBQ04C04","Loaded Units (TEU Twenty-foot Equivalent)","20233","2023Q3","1","Inward","IEORK","Cork","TEU Twenty-foot Equivalent","24083"
"TBQ04C04","Loaded Units (TEU Twenty-foot Equivalent)","20233","2023Q3","1","Inward","IEWAT","Waterford","TEU Twenty-foot Equivalent","2633"
"TBQ04C04","Loaded Units (TEU Twenty-foot Equivalent)","20233","2023Q3","1","Inward","IEFOV","Shannon Foynes","TEU Twenty-foot Equivalent",""
"TBQ04C04","Loaded Units (TEU Twenty-foot Equivalent)","20233","2023Q3","2","Outward","IEMIP","All Main Irish Ports","TEU Twenty-foot Equivalent","56956"
"TBQ04C04","Loaded Units (TEU Twenty-foot Equivalent)","20233","2023Q3","2","Outward","IEDUB","Dublin","TEU Twenty-foot Equivalent","26752"
"TBQ04C04","Loaded Units (TEU Twenty-foot Equivalent)","20233","2023Q3","2","Outward","IEORK","Cork","TEU Twenty-foot Equivalent","26043"
"TBQ04C04","Loaded Units (TEU Twenty-foot Equivalent)","20233","2023Q3","2","Outward","IEWAT","Waterford","TEU Twenty-foot Equivalent","4161"
"TBQ04C04","Loaded Units (TEU Twenty-foot Equivalent)","20233","2023Q3","2","Outward","IEFOV","Shannon Foynes","TEU Twenty-foot Equivalent",""
"TBQ04C04","Loaded Units (TEU Twenty-foot Equivalent)","20234","2023Q4","-","All directions","IEMIP","All Main Irish Ports","TEU Twenty-foot Equivalent","211010"
"TBQ04C04","Loaded Units (TEU Twenty-foot Equivalent)","20234","2023Q4","-","All directions","IEDUB","Dublin","TEU Twenty-foot Equivalent","153448"
"TBQ04C04","Loaded Units (TEU Twenty-foot Equivalent)","20234","2023Q4","-","All directions","IEORK","Cork","TEU Twenty-foot Equivalent","51489"
"TBQ04C04","Loaded Units (TEU Twenty-foot Equivalent)","20234","2023Q4","-","All directions","IEWAT","Waterford","TEU Twenty-foot Equivalent","6073"
"TBQ04C04","Loaded Units (TEU Twenty-foot Equivalent)","20234","2023Q4","-","All directions","IEFOV","Shannon Foynes","TEU Twenty-foot Equivalent",""
"TBQ04C04","Loaded Units (TEU Twenty-foot Equivalent)","20234","2023Q4","1","Inward","IEMIP","All Main Irish Ports","TEU Twenty-foot Equivalent","125283"
"TBQ04C04","Loaded Units (TEU Twenty-foot Equivalent)","20234","2023Q4","1","Inward","IEDUB","Dublin","TEU Twenty-foot Equivalent","97969"
"TBQ04C04","Loaded Units (TEU Twenty-foot Equivalent)","20234","2023Q4","1","Inward","IEORK","Cork","TEU Twenty-foot Equivalent","24860"
"TBQ04C04","Loaded Units (TEU Twenty-foot Equivalent)","20234","2023Q4","1","Inward","IEWAT","Waterford","TEU Twenty-foot Equivalent","2454"
"TBQ04C04","Loaded Units (TEU Twenty-foot Equivalent)","20234","2023Q4","1","Inward","IEFOV","Shannon Foynes","TEU Twenty-foot Equivalent",""
"TBQ04C04","Loaded Units (TEU Twenty-foot Equivalent)","20234","2023Q4","2","Outward","IEMIP","All Main Irish Ports","TEU Twenty-foot Equivalent","85727"
"TBQ04C04","Loaded Units (TEU Twenty-foot Equivalent)","20234","2023Q4","2","Outward","IEDUB","Dublin","TEU Twenty-foot Equivalent","55479"
"TBQ04C04","Loaded Units (TEU Twenty-foot Equivalent)","20234","2023Q4","2","Outward","IEORK","Cork","TEU Twenty-foot Equivalent","26629"
"TBQ04C04","Loaded Units (TEU Twenty-foot Equivalent)","20234","2023Q4","2","Outward","IEWAT","Waterford","TEU Twenty-foot Equivalent","3619"
"TBQ04C04","Loaded Units (TEU Twenty-foot Equivalent)","20234","2023Q4","2","Outward","IEFOV","Shannon Foynes","TEU Twenty-foot Equivalent",""
"TBQ04C04","Loaded Units (TEU Twenty-foot Equivalent)","20241","2024Q1","-","All directions","IEMIP","All Main Irish Ports","TEU Twenty-foot Equivalent","210502"
"TBQ04C04","Loaded Units (TEU Twenty-foot Equivalent)","20241","2024Q1","-","All directions","IEDUB","Dublin","TEU Twenty-foot Equivalent","153861"
"TBQ04C04","Loaded Units (TEU Twenty-foot Equivalent)","20241","2024Q1","-","All directions","IEORK","Cork","TEU Twenty-foot Equivalent","50953"
"TBQ04C04","Loaded Units (TEU Twenty-foot Equivalent)","20241","2024Q1","-","All directions","IEWAT","Waterford","TEU Twenty-foot Equivalent","5688"
"TBQ04C04","Loaded Units (TEU Twenty-foot Equivalent)","20241","2024Q1","-","All directions","IEFOV","Shannon Foynes","TEU Twenty-foot Equivalent",""
"TBQ04C04","Loaded Units (TEU Twenty-foot Equivalent)","20241","2024Q1","1","Inward","IEMIP","All Main Irish Ports","TEU Twenty-foot Equivalent","128293"
"TBQ04C04","Loaded Units (TEU Twenty-foot Equivalent)","20241","2024Q1","1","Inward","IEDUB","Dublin","TEU Twenty-foot Equivalent","98563"
"TBQ04C04","Loaded Units (TEU Twenty-foot Equivalent)","20241","2024Q1","1","Inward","IEORK","Cork","TEU Twenty-foot Equivalent","27268"
"TBQ04C04","Loaded Units (TEU Twenty-foot Equivalent)","20241","2024Q1","1","Inward","IEWAT","Waterford","TEU Twenty-foot Equivalent","2462"
"TBQ04C04","Loaded Units (TEU Twenty-foot Equivalent)","20241","2024Q1","1","Inward","IEFOV","Shannon Foynes","TEU Twenty-foot Equivalent",""
"TBQ04C04","Loaded Units (TEU Twenty-foot Equivalent)","20241","2024Q1","2","Outward","IEMIP","All Main Irish Ports","TEU Twenty-foot Equivalent","82209"
"TBQ04C04","Loaded Units (TEU Twenty-foot Equivalent)","20241","2024Q1","2","Outward","IEDUB","Dublin","TEU Twenty-foot Equivalent","55299"
"TBQ04C04","Loaded Units (TEU Twenty-foot Equivalent)","20241","2024Q1","2","Outward","IEORK","Cork","TEU Twenty-foot Equivalent","23685"
"TBQ04C04","Loaded Units (TEU Twenty-foot Equivalent)","20241","2024Q1","2","Outward","IEWAT","Waterford","TEU Twenty-foot Equivalent","3226"
"TBQ04C04","Loaded Units (TEU Twenty-foot Equivalent)","20241","2024Q1","2","Outward","IEFOV","Shannon Foynes","TEU Twenty-foot Equivalent",""
"TBQ04C04","Loaded Units (TEU Twenty-foot Equivalent)","20242","2024Q2","-","All directions","IEMIP","All Main Irish Ports","TEU Twenty-foot Equivalent","228595"
"TBQ04C04","Loaded Units (TEU Twenty-foot Equivalent)","20242","2024Q2","-","All directions","IEDUB","Dublin","TEU Twenty-foot Equivalent","166323"
"TBQ04C04","Loaded Units (TEU Twenty-foot Equivalent)","20242","2024Q2","-","All directions","IEORK","Cork","TEU Twenty-foot Equivalent","54404"
"TBQ04C04","Loaded Units (TEU Twenty-foot Equivalent)","20242","2024Q2","-","All directions","IEWAT","Waterford","TEU Twenty-foot Equivalent","7868"
"TBQ04C04","Loaded Units (TEU Twenty-foot Equivalent)","20242","2024Q2","-","All directions","IEFOV","Shannon Foynes","TEU Twenty-foot Equivalent",""
"TBQ04C04","Loaded Units (TEU Twenty-foot Equivalent)","20242","2024Q2","1","Inward","IEMIP","All Main Irish Ports","TEU Twenty-foot Equivalent","135743"
"TBQ04C04","Loaded Units (TEU Twenty-foot Equivalent)","20242","2024Q2","1","Inward","IEDUB","Dublin","TEU Twenty-foot Equivalent","105924"
"TBQ04C04","Loaded Units (TEU Twenty-foot Equivalent)","20242","2024Q2","1","Inward","IEORK","Cork","TEU Twenty-foot Equivalent","27014"
"TBQ04C04","Loaded Units (TEU Twenty-foot Equivalent)","20242","2024Q2","1","Inward","IEWAT","Waterford","TEU Twenty-foot Equivalent","2806"
"TBQ04C04","Loaded Units (TEU Twenty-foot Equivalent)","20242","2024Q2","1","Inward","IEFOV","Shannon Foynes","TEU Twenty-foot Equivalent",""
"TBQ04C04","Loaded Units (TEU Twenty-foot Equivalent)","20242","2024Q2","2","Outward","IEMIP","All Main Irish Ports","TEU Twenty-foot Equivalent","92852"
"TBQ04C04","Loaded Units (TEU Twenty-foot Equivalent)","20242","2024Q2","2","Outward","IEDUB","Dublin","TEU Twenty-foot Equivalent","60400"
"TBQ04C04","Loaded Units (TEU Twenty-foot Equivalent)","20242","2024Q2","2","Outward","IEORK","Cork","TEU Twenty-foot Equivalent","27390"
"TBQ04C04","Loaded Units (TEU Twenty-foot Equivalent)","20242","2024Q2","2","Outward","IEWAT","Waterford","TEU Twenty-foot Equivalent","5063"
"TBQ04C04","Loaded Units (TEU Twenty-foot Equivalent)","20242","2024Q2","2","Outward","IEFOV","Shannon Foynes","TEU Twenty-foot Equivalent",""
"TBQ04C04","Loaded Units (TEU Twenty-foot Equivalent)","20243","2024Q3","-","All directions","IEMIP","All Main Irish Ports","TEU Twenty-foot Equivalent","237547"
"TBQ04C04","Loaded Units (TEU Twenty-foot Equivalent)","20243","2024Q3","-","All directions","IEDUB","Dublin","TEU Twenty-foot Equivalent","173980"
"TBQ04C04","Loaded Units (TEU Twenty-foot Equivalent)","20243","2024Q3","-","All directions","IEORK","Cork","TEU Twenty-foot Equivalent","55179"
"TBQ04C04","Loaded Units (TEU Twenty-foot Equivalent)","20243","2024Q3","-","All directions","IEWAT","Waterford","TEU Twenty-foot Equivalent","8389"
"TBQ04C04","Loaded Units (TEU Twenty-foot Equivalent)","20243","2024Q3","-","All directions","IEFOV","Shannon Foynes","TEU Twenty-foot Equivalent",""
"TBQ04C04","Loaded Units (TEU Twenty-foot Equivalent)","20243","2024Q3","1","Inward","IEMIP","All Main Irish Ports","TEU Twenty-foot Equivalent","144562"
"TBQ04C04","Loaded Units (TEU Twenty-foot Equivalent)","20243","2024Q3","1","Inward","IEDUB","Dublin","TEU Twenty-foot Equivalent","113429"
"TBQ04C04","Loaded Units (TEU Twenty-foot Equivalent)","20243","2024Q3","1","Inward","IEORK","Cork","TEU Twenty-foot Equivalent","28022"
"TBQ04C04","Loaded Units (TEU Twenty-foot Equivalent)","20243","2024Q3","1","Inward","IEWAT","Waterford","TEU Twenty-foot Equivalent","3112"
"TBQ04C04","Loaded Units (TEU Twenty-foot Equivalent)","20243","2024Q3","1","Inward","IEFOV","Shannon Foynes","TEU Twenty-foot Equivalent",""
"TBQ04C04","Loaded Units (TEU Twenty-foot Equivalent)","20243","2024Q3","2","Outward","IEMIP","All Main Irish Ports","TEU Twenty-foot Equivalent","92985"
"TBQ04C04","Loaded Units (TEU Twenty-foot Equivalent)","20243","2024Q3","2","Outward","IEDUB","Dublin","TEU Twenty-foot Equivalent","60551"
"TBQ04C04","Loaded Units (TEU Twenty-foot Equivalent)","20243","2024Q3","2","Outward","IEORK","Cork","TEU Twenty-foot Equivalent","27157"
"TBQ04C04","Loaded Units (TEU Twenty-foot Equivalent)","20243","2024Q3","2","Outward","IEWAT","Waterford","TEU Twenty-foot Equivalent","5277"
"TBQ04C04","Loaded Units (TEU Twenty-foot Equivalent)","20243","2024Q3","2","Outward","IEFOV","Shannon Foynes","TEU Twenty-foot Equivalent",""
"TBQ04C04","Loaded Units (TEU Twenty-foot Equivalent)","20244","2024Q4","-","All directions","IEMIP","All Main Irish Ports","TEU Twenty-foot Equivalent","226891"
"TBQ04C04","Loaded Units (TEU Twenty-foot Equivalent)","20244","2024Q4","-","All directions","IEDUB","Dublin","TEU Twenty-foot Equivalent","165231"
"TBQ04C04","Loaded Units (TEU Twenty-foot Equivalent)","20244","2024Q4","-","All directions","IEORK","Cork","TEU Twenty-foot Equivalent","53776"
"TBQ04C04","Loaded Units (TEU Twenty-foot Equivalent)","20244","2024Q4","-","All directions","IEWAT","Waterford","TEU Twenty-foot Equivalent","7884"
"TBQ04C04","Loaded Units (TEU Twenty-foot Equivalent)","20244","2024Q4","-","All directions","IEFOV","Shannon Foynes","TEU Twenty-foot Equivalent",""
"TBQ04C04","Loaded Units (TEU Twenty-foot Equivalent)","20244","2024Q4","1","Inward","IEMIP","All Main Irish Ports","TEU Twenty-foot Equivalent","137963"
"TBQ04C04","Loaded Units (TEU Twenty-foot Equivalent)","20244","2024Q4","1","Inward","IEDUB","Dublin","TEU Twenty-foot Equivalent","108676"
"TBQ04C04","Loaded Units (TEU Twenty-foot Equivalent)","20244","2024Q4","1","Inward","IEORK","Cork","TEU Twenty-foot Equivalent","26568"
"TBQ04C04","Loaded Units (TEU Twenty-foot Equivalent)","20244","2024Q4","1","Inward","IEWAT","Waterford","TEU Twenty-foot Equivalent","2720"
"TBQ04C04","Loaded Units (TEU Twenty-foot Equivalent)","20244","2024Q4","1","Inward","IEFOV","Shannon Foynes","TEU Twenty-foot Equivalent",""
"TBQ04C04","Loaded Units (TEU Twenty-foot Equivalent)","20244","2024Q4","2","Outward","IEMIP","All Main Irish Ports","TEU Twenty-foot Equivalent","88928"
"TBQ04C04","Loaded Units (TEU Twenty-foot Equivalent)","20244","2024Q4","2","Outward","IEDUB","Dublin","TEU Twenty-foot Equivalent","56556"
"TBQ04C04","Loaded Units (TEU Twenty-foot Equivalent)","20244","2024Q4","2","Outward","IEORK","Cork","TEU Twenty-foot Equivalent","27208"
"TBQ04C04","Loaded Units (TEU Twenty-foot Equivalent)","20244","2024Q4","2","Outward","IEWAT","Waterford","TEU Twenty-foot Equivalent","5164"
"TBQ04C04","Loaded Units (TEU Twenty-foot Equivalent)","20244","2024Q4","2","Outward","IEFOV","Shannon Foynes","TEU Twenty-foot Equivalent",""
"TBQ04C04","Loaded Units (TEU Twenty-foot Equivalent)","20251","2025Q1","-","All directions","IEMIP","All Main Irish Ports","TEU Twenty-foot Equivalent","224757"
"TBQ04C04","Loaded Units (TEU Twenty-foot Equivalent)","20251","2025Q1","-","All directions","IEDUB","Dublin","TEU Twenty-foot Equivalent","163827"
"TBQ04C04","Loaded Units (TEU Twenty-foot Equivalent)","20251","2025Q1","-","All directions","IEORK","Cork","TEU Twenty-foot Equivalent","53405"
"TBQ04C04","Loaded Units (TEU Twenty-foot Equivalent)","20251","2025Q1","-","All directions","IEWAT","Waterford","TEU Twenty-foot Equivalent","6523"
"TBQ04C04","Loaded Units (TEU Twenty-foot Equivalent)","20251","2025Q1","-","All directions","IEFOV","Shannon Foynes","TEU Twenty-foot Equivalent","1002"
"TBQ04C04","Loaded Units (TEU Twenty-foot Equivalent)","20251","2025Q1","1","Inward","IEMIP","All Main Irish Ports","TEU Twenty-foot Equivalent","138497"
"TBQ04C04","Loaded Units (TEU Twenty-foot Equivalent)","20251","2025Q1","1","Inward","IEDUB","Dublin","TEU Twenty-foot Equivalent","108097"
"TBQ04C04","Loaded Units (TEU Twenty-foot Equivalent)","20251","2025Q1","1","Inward","IEORK","Cork","TEU Twenty-foot Equivalent","27693"
"TBQ04C04","Loaded Units (TEU Twenty-foot Equivalent)","20251","2025Q1","1","Inward","IEWAT","Waterford","TEU Twenty-foot Equivalent","2708"
"TBQ04C04","Loaded Units (TEU Twenty-foot Equivalent)","20251","2025Q1","1","Inward","IEFOV","Shannon Foynes","TEU Twenty-foot Equivalent","0"
"TBQ04C04","Loaded Units (TEU Twenty-foot Equivalent)","20251","2025Q1","2","Outward","IEMIP","All Main Irish Ports","TEU Twenty-foot Equivalent","86260"
"TBQ04C04","Loaded Units (TEU Twenty-foot Equivalent)","20251","2025Q1","2","Outward","IEDUB","Dublin","TEU Twenty-foot Equivalent","55730"
"TBQ04C04","Loaded Units (TEU Twenty-foot Equivalent)","20251","2025Q1","2","Outward","IEORK","Cork","TEU Twenty-foot Equivalent","25713"
"TBQ04C04","Loaded Units (TEU Twenty-foot Equivalent)","20251","2025Q1","2","Outward","IEWAT","Waterford","TEU Twenty-foot Equivalent","3815"
"TBQ04C04","Loaded Units (TEU Twenty-foot Equivalent)","20251","2025Q1","2","Outward","IEFOV","Shannon Foynes","TEU Twenty-foot Equivalent","1002"
"TBQ04C04","Loaded Units (TEU Twenty-foot Equivalent)","20252","2025Q2","-","All directions","IEMIP","All Main Irish Ports","TEU Twenty-foot Equivalent","247969"
"TBQ04C04","Loaded Units (TEU Twenty-foot Equivalent)","20252","2025Q2","-","All directions","IEDUB","Dublin","TEU Twenty-foot Equivalent","182454"
"TBQ04C04","Loaded Units (TEU Twenty-foot Equivalent)","20252","2025Q2","-","All directions","IEORK","Cork","TEU Twenty-foot Equivalent","56653"
"TBQ04C04","Loaded Units (TEU Twenty-foot Equivalent)","20252","2025Q2","-","All directions","IEWAT","Waterford","TEU Twenty-foot Equivalent","8757"
"TBQ04C04","Loaded Units (TEU Twenty-foot Equivalent)","20252","2025Q2","-","All directions","IEFOV","Shannon Foynes","TEU Twenty-foot Equivalent","106"
"TBQ04C04","Loaded Units (TEU Twenty-foot Equivalent)","20252","2025Q2","1","Inward","IEMIP","All Main Irish Ports","TEU Twenty-foot Equivalent","149690"
"TBQ04C04","Loaded Units (TEU Twenty-foot Equivalent)","20252","2025Q2","1","Inward","IEDUB","Dublin","TEU Twenty-foot Equivalent","118404"
"TBQ04C04","Loaded Units (TEU Twenty-foot Equivalent)","20252","2025Q2","1","Inward","IEORK","Cork","TEU Twenty-foot Equivalent","28329"
"TBQ04C04","Loaded Units (TEU Twenty-foot Equivalent)","20252","2025Q2","1","Inward","IEWAT","Waterford","TEU Twenty-foot Equivalent","2956"
"TBQ04C04","Loaded Units (TEU Twenty-foot Equivalent)","20252","2025Q2","1","Inward","IEFOV","Shannon Foynes","TEU Twenty-foot Equivalent","0"
"TBQ04C04","Loaded Units (TEU Twenty-foot Equivalent)","20252","2025Q2","2","Outward","IEMIP","All Main Irish Ports","TEU Twenty-foot Equivalent","98280"
"TBQ04C04","Loaded Units (TEU Twenty-foot Equivalent)","20252","2025Q2","2","Outward","IEDUB","Dublin","TEU Twenty-foot Equivalent","64050"
"TBQ04C04","Loaded Units (TEU Twenty-foot Equivalent)","20252","2025Q2","2","Outward","IEORK","Cork","TEU Twenty-foot Equivalent","28323"
"TBQ04C04","Loaded Units (TEU Twenty-foot Equivalent)","20252","2025Q2","2","Outward","IEWAT","Waterford","TEU Twenty-foot Equivalent","5801"
"TBQ04C04","Loaded Units (TEU Twenty-foot Equivalent)","20252","2025Q2","2","Outward","IEFOV","Shannon Foynes","TEU Twenty-foot Equivalent","106"
"TBQ04C04","Loaded Units (TEU Twenty-foot Equivalent)","20253","2025Q3","-","All directions","IEMIP","All Main Irish Ports","TEU Twenty-foot Equivalent","245725"
"TBQ04C04","Loaded Units (TEU Twenty-foot Equivalent)","20253","2025Q3","-","All directions","IEDUB","Dublin","TEU Twenty-foot Equivalent","180193"
"TBQ04C04","Loaded Units (TEU Twenty-foot Equivalent)","20253","2025Q3","-","All directions","IEORK","Cork","TEU Twenty-foot Equivalent","56909"
"TBQ04C04","Loaded Units (TEU Twenty-foot Equivalent)","20253","2025Q3","-","All directions","IEWAT","Waterford","TEU Twenty-foot Equivalent","8400"
"TBQ04C04","Loaded Units (TEU Twenty-foot Equivalent)","20253","2025Q3","-","All directions","IEFOV","Shannon Foynes","TEU Twenty-foot Equivalent","224"
"TBQ04C04","Loaded Units (TEU Twenty-foot Equivalent)","20253","2025Q3","1","Inward","IEMIP","All Main Irish Ports","TEU Twenty-foot Equivalent","147891"
"TBQ04C04","Loaded Units (TEU Twenty-foot Equivalent)","20253","2025Q3","1","Inward","IEDUB","Dublin","TEU Twenty-foot Equivalent","117710"
"TBQ04C04","Loaded Units (TEU Twenty-foot Equivalent)","20253","2025Q3","1","Inward","IEORK","Cork","TEU Twenty-foot Equivalent","27150"
"TBQ04C04","Loaded Units (TEU Twenty-foot Equivalent)","20253","2025Q3","1","Inward","IEWAT","Waterford","TEU Twenty-foot Equivalent","3032"
"TBQ04C04","Loaded Units (TEU Twenty-foot Equivalent)","20253","2025Q3","1","Inward","IEFOV","Shannon Foynes","TEU Twenty-foot Equivalent","0"
"TBQ04C04","Loaded Units (TEU Twenty-foot Equivalent)","20253","2025Q3","2","Outward","IEMIP","All Main Irish Ports","TEU Twenty-foot Equivalent","97834"
"TBQ04C04","Loaded Units (TEU Twenty-foot Equivalent)","20253","2025Q3","2","Outward","IEDUB","Dublin","TEU Twenty-foot Equivalent","62483"
"TBQ04C04","Loaded Units (TEU Twenty-foot Equivalent)","20253","2025Q3","2","Outward","IEORK","Cork","TEU Twenty-foot Equivalent","29759"
"TBQ04C04","Loaded Units (TEU Twenty-foot Equivalent)","20253","2025Q3","2","Outward","IEWAT","Waterford","TEU Twenty-foot Equivalent","5368"
"TBQ04C04","Loaded Units (TEU Twenty-foot Equivalent)","20253","2025Q3","2","Outward","IEFOV","Shannon Foynes","TEU Twenty-foot Equivalent","224"
"TBQ04C04","Loaded Units (TEU Twenty-foot Equivalent)","20254","2025Q4","-","All directions","IEMIP","All Main Irish Ports","TEU Twenty-foot Equivalent","245654"
"TBQ04C04","Loaded Units (TEU Twenty-foot Equivalent)","20254","2025Q4","-","All directions","IEDUB","Dublin","TEU Twenty-foot Equivalent","181532"
"TBQ04C04","Loaded Units (TEU Twenty-foot Equivalent)","20254","2025Q4","-","All directions","IEORK","Cork","TEU Twenty-foot Equivalent","56677"
"TBQ04C04","Loaded Units (TEU Twenty-foot Equivalent)","20254","2025Q4","-","All directions","IEWAT","Waterford","TEU Twenty-foot Equivalent","7110"
"TBQ04C04","Loaded Units (TEU Twenty-foot Equivalent)","20254","2025Q4","-","All directions","IEFOV","Shannon Foynes","TEU Twenty-foot Equivalent","336"
"TBQ04C04","Loaded Units (TEU Twenty-foot Equivalent)","20254","2025Q4","1","Inward","IEMIP","All Main Irish Ports","TEU Twenty-foot Equivalent","147235"
"TBQ04C04","Loaded Units (TEU Twenty-foot Equivalent)","20254","2025Q4","1","Inward","IEDUB","Dublin","TEU Twenty-foot Equivalent","116756"
"TBQ04C04","Loaded Units (TEU Twenty-foot Equivalent)","20254","2025Q4","1","Inward","IEORK","Cork","TEU Twenty-foot Equivalent","27471"
"TBQ04C04","Loaded Units (TEU Twenty-foot Equivalent)","20254","2025Q4","1","Inward","IEWAT","Waterford","TEU Twenty-foot Equivalent","3008"
"TBQ04C04","Loaded Units (TEU Twenty-foot Equivalent)","20254","2025Q4","1","Inward","IEFOV","Shannon Foynes","TEU Twenty-foot Equivalent","0"
"TBQ04C04","Loaded Units (TEU Twenty-foot Equivalent)","20254","2025Q4","2","Outward","IEMIP","All Main Irish Ports","TEU Twenty-foot Equivalent","98419"
"TBQ04C04","Loaded Units (TEU Twenty-foot Equivalent)","20254","2025Q4","2","Outward","IEDUB","Dublin","TEU Twenty-foot Equivalent","64776"
"TBQ04C04","Loaded Units (TEU Twenty-foot Equivalent)","20254","2025Q4","2","Outward","IEORK","Cork","TEU Twenty-foot Equivalent","29206"
"TBQ04C04","Loaded Units (TEU Twenty-foot Equivalent)","20254","2025Q4","2","Outward","IEWAT","Waterford","TEU Twenty-foot Equivalent","4102"
"TBQ04C04","Loaded Units (TEU Twenty-foot Equivalent)","20254","2025Q4","2","Outward","IEFOV","Shannon Foynes","TEU Twenty-foot Equivalent","336"
"TBQ04C04","Loaded Units (TEU Twenty-foot Equivalent)","20261","2026Q1","-","All directions","IEMIP","All Main Irish Ports","TEU Twenty-foot Equivalent","228577"
"TBQ04C04","Loaded Units (TEU Twenty-foot Equivalent)","20261","2026Q1","-","All directions","IEDUB","Dublin","TEU Twenty-foot Equivalent","171059"
"TBQ04C04","Loaded Units (TEU Twenty-foot Equivalent)","20261","2026Q1","-","All directions","IEORK","Cork","TEU Twenty-foot Equivalent","51251"
"TBQ04C04","Loaded Units (TEU Twenty-foot Equivalent)","20261","2026Q1","-","All directions","IEWAT","Waterford","TEU Twenty-foot Equivalent","5819"
"TBQ04C04","Loaded Units (TEU Twenty-foot Equivalent)","20261","2026Q1","-","All directions","IEFOV","Shannon Foynes","TEU Twenty-foot Equivalent","448"
"TBQ04C04","Loaded Units (TEU Twenty-foot Equivalent)","20261","2026Q1","1","Inward","IEMIP","All Main Irish Ports","TEU Twenty-foot Equivalent","141819"
"TBQ04C04","Loaded Units (TEU Twenty-foot Equivalent)","20261","2026Q1","1","Inward","IEDUB","Dublin","TEU Twenty-foot Equivalent","112032"
"TBQ04C04","Loaded Units (TEU Twenty-foot Equivalent)","20261","2026Q1","1","Inward","IEORK","Cork","TEU Twenty-foot Equivalent","27289"
"TBQ04C04","Loaded Units (TEU Twenty-foot Equivalent)","20261","2026Q1","1","Inward","IEWAT","Waterford","TEU Twenty-foot Equivalent","2498"
"TBQ04C04","Loaded Units (TEU Twenty-foot Equivalent)","20261","2026Q1","1","Inward","IEFOV","Shannon Foynes","TEU Twenty-foot Equivalent",""
"TBQ04C04","Loaded Units (TEU Twenty-foot Equivalent)","20261","2026Q1","2","Outward","IEMIP","All Main Irish Ports","TEU Twenty-foot Equivalent","86758"
"TBQ04C04","Loaded Units (TEU Twenty-foot Equivalent)","20261","2026Q1","2","Outward","IEDUB","Dublin","TEU Twenty-foot Equivalent","59027"
"TBQ04C04","Loaded Units (TEU Twenty-foot Equivalent)","20261","2026Q1","2","Outward","IEORK","Cork","TEU Twenty-foot Equivalent","23963"
"TBQ04C04","Loaded Units (TEU Twenty-foot Equivalent)","20261","2026Q1","2","Outward","IEWAT","Waterford","TEU Twenty-foot Equivalent","3321"
"TBQ04C04","Loaded Units (TEU Twenty-foot Equivalent)","20261","2026Q1","2","Outward","IEFOV","Shannon Foynes","TEU Twenty-foot Equivalent","448"
"TBQ04C05","Loaded Units (000 Tonnes)","20171","2017Q1","-","All directions","IEMIP","All Main Irish Ports","000 Tonnes","1775"
"TBQ04C05","Loaded Units (000 Tonnes)","20171","2017Q1","-","All directions","IEDUB","Dublin","000 Tonnes","1280"
"TBQ04C05","Loaded Units (000 Tonnes)","20171","2017Q1","-","All directions","IEORK","Cork","000 Tonnes","427"
"TBQ04C05","Loaded Units (000 Tonnes)","20171","2017Q1","-","All directions","IEWAT","Waterford","000 Tonnes","68"
"TBQ04C05","Loaded Units (000 Tonnes)","20171","2017Q1","-","All directions","IEFOV","Shannon Foynes","000 Tonnes",""
"TBQ04C05","Loaded Units (000 Tonnes)","20171","2017Q1","1","Inward","IEMIP","All Main Irish Ports","000 Tonnes","965"
"TBQ04C05","Loaded Units (000 Tonnes)","20171","2017Q1","1","Inward","IEDUB","Dublin","000 Tonnes","719"
"TBQ04C05","Loaded Units (000 Tonnes)","20171","2017Q1","1","Inward","IEORK","Cork","000 Tonnes","213"
"TBQ04C05","Loaded Units (000 Tonnes)","20171","2017Q1","1","Inward","IEWAT","Waterford","000 Tonnes","33"
"TBQ04C05","Loaded Units (000 Tonnes)","20171","2017Q1","1","Inward","IEFOV","Shannon Foynes","000 Tonnes",""
"TBQ04C05","Loaded Units (000 Tonnes)","20171","2017Q1","2","Outward","IEMIP","All Main Irish Ports","000 Tonnes","810"
"TBQ04C05","Loaded Units (000 Tonnes)","20171","2017Q1","2","Outward","IEDUB","Dublin","000 Tonnes","561"
"TBQ04C05","Loaded Units (000 Tonnes)","20171","2017Q1","2","Outward","IEORK","Cork","000 Tonnes","214"
"TBQ04C05","Loaded Units (000 Tonnes)","20171","2017Q1","2","Outward","IEWAT","Waterford","000 Tonnes","35"
"TBQ04C05","Loaded Units (000 Tonnes)","20171","2017Q1","2","Outward","IEFOV","Shannon Foynes","000 Tonnes",""
"TBQ04C05","Loaded Units (000 Tonnes)","20172","2017Q2","-","All directions","IEMIP","All Main Irish Ports","000 Tonnes","1887"
"TBQ04C05","Loaded Units (000 Tonnes)","20172","2017Q2","-","All directions","IEDUB","Dublin","000 Tonnes","1372"
"TBQ04C05","Loaded Units (000 Tonnes)","20172","2017Q2","-","All directions","IEORK","Cork","000 Tonnes","438"
"TBQ04C05","Loaded Units (000 Tonnes)","20172","2017Q2","-","All directions","IEWAT","Waterford","000 Tonnes","76"
"TBQ04C05","Loaded Units (000 Tonnes)","20172","2017Q2","-","All directions","IEFOV","Shannon Foynes","000 Tonnes",""
"TBQ04C05","Loaded Units (000 Tonnes)","20172","2017Q2","1","Inward","IEMIP","All Main Irish Ports","000 Tonnes","1019"
"TBQ04C05","Loaded Units (000 Tonnes)","20172","2017Q2","1","Inward","IEDUB","Dublin","000 Tonnes","783"
"TBQ04C05","Loaded Units (000 Tonnes)","20172","2017Q2","1","Inward","IEORK","Cork","000 Tonnes","203"
"TBQ04C05","Loaded Units (000 Tonnes)","20172","2017Q2","1","Inward","IEWAT","Waterford","000 Tonnes","33"
"TBQ04C05","Loaded Units (000 Tonnes)","20172","2017Q2","1","Inward","IEFOV","Shannon Foynes","000 Tonnes",""
"TBQ04C05","Loaded Units (000 Tonnes)","20172","2017Q2","2","Outward","IEMIP","All Main Irish Ports","000 Tonnes","868"
"TBQ04C05","Loaded Units (000 Tonnes)","20172","2017Q2","2","Outward","IEDUB","Dublin","000 Tonnes","590"
"TBQ04C05","Loaded Units (000 Tonnes)","20172","2017Q2","2","Outward","IEORK","Cork","000 Tonnes","236"
"TBQ04C05","Loaded Units (000 Tonnes)","20172","2017Q2","2","Outward","IEWAT","Waterford","000 Tonnes","43"
"TBQ04C05","Loaded Units (000 Tonnes)","20172","2017Q2","2","Outward","IEFOV","Shannon Foynes","000 Tonnes",""
"TBQ04C05","Loaded Units (000 Tonnes)","20173","2017Q3","-","All directions","IEMIP","All Main Irish Ports","000 Tonnes","1872"
"TBQ04C05","Loaded Units (000 Tonnes)","20173","2017Q3","-","All directions","IEDUB","Dublin","000 Tonnes","1357"
"TBQ04C05","Loaded Units (000 Tonnes)","20173","2017Q3","-","All directions","IEORK","Cork","000 Tonnes","435"
"TBQ04C05","Loaded Units (000 Tonnes)","20173","2017Q3","-","All directions","IEWAT","Waterford","000 Tonnes","79"
"TBQ04C05","Loaded Units (000 Tonnes)","20173","2017Q3","-","All directions","IEFOV","Shannon Foynes","000 Tonnes",""
"TBQ04C05","Loaded Units (000 Tonnes)","20173","2017Q3","1","Inward","IEMIP","All Main Irish Ports","000 Tonnes","1011"
"TBQ04C05","Loaded Units (000 Tonnes)","20173","2017Q3","1","Inward","IEDUB","Dublin","000 Tonnes","771"
"TBQ04C05","Loaded Units (000 Tonnes)","20173","2017Q3","1","Inward","IEORK","Cork","000 Tonnes","205"
"TBQ04C05","Loaded Units (000 Tonnes)","20173","2017Q3","1","Inward","IEWAT","Waterford","000 Tonnes","36"
"TBQ04C05","Loaded Units (000 Tonnes)","20173","2017Q3","1","Inward","IEFOV","Shannon Foynes","000 Tonnes",""
"TBQ04C05","Loaded Units (000 Tonnes)","20173","2017Q3","2","Outward","IEMIP","All Main Irish Ports","000 Tonnes","860"
"TBQ04C05","Loaded Units (000 Tonnes)","20173","2017Q3","2","Outward","IEDUB","Dublin","000 Tonnes","587"
"TBQ04C05","Loaded Units (000 Tonnes)","20173","2017Q3","2","Outward","IEORK","Cork","000 Tonnes","230"
"TBQ04C05","Loaded Units (000 Tonnes)","20173","2017Q3","2","Outward","IEWAT","Waterford","000 Tonnes","44"
"TBQ04C05","Loaded Units (000 Tonnes)","20173","2017Q3","2","Outward","IEFOV","Shannon Foynes","000 Tonnes",""
"TBQ04C05","Loaded Units (000 Tonnes)","20174","2017Q4","-","All directions","IEMIP","All Main Irish Ports","000 Tonnes","1813"
"TBQ04C05","Loaded Units (000 Tonnes)","20174","2017Q4","-","All directions","IEDUB","Dublin","000 Tonnes","1322"
"TBQ04C05","Loaded Units (000 Tonnes)","20174","2017Q4","-","All directions","IEORK","Cork","000 Tonnes","424"
"TBQ04C05","Loaded Units (000 Tonnes)","20174","2017Q4","-","All directions","IEWAT","Waterford","000 Tonnes","68"
"TBQ04C05","Loaded Units (000 Tonnes)","20174","2017Q4","-","All directions","IEFOV","Shannon Foynes","000 Tonnes",""
"TBQ04C05","Loaded Units (000 Tonnes)","20174","2017Q4","1","Inward","IEMIP","All Main Irish Ports","000 Tonnes","959"
"TBQ04C05","Loaded Units (000 Tonnes)","20174","2017Q4","1","Inward","IEDUB","Dublin","000 Tonnes","734"
"TBQ04C05","Loaded Units (000 Tonnes)","20174","2017Q4","1","Inward","IEORK","Cork","000 Tonnes","192"
"TBQ04C05","Loaded Units (000 Tonnes)","20174","2017Q4","1","Inward","IEWAT","Waterford","000 Tonnes","33"
"TBQ04C05","Loaded Units (000 Tonnes)","20174","2017Q4","1","Inward","IEFOV","Shannon Foynes","000 Tonnes",""
"TBQ04C05","Loaded Units (000 Tonnes)","20174","2017Q4","2","Outward","IEMIP","All Main Irish Ports","000 Tonnes","853"
"TBQ04C05","Loaded Units (000 Tonnes)","20174","2017Q4","2","Outward","IEDUB","Dublin","000 Tonnes","588"
"TBQ04C05","Loaded Units (000 Tonnes)","20174","2017Q4","2","Outward","IEORK","Cork","000 Tonnes","232"
"TBQ04C05","Loaded Units (000 Tonnes)","20174","2017Q4","2","Outward","IEWAT","Waterford","000 Tonnes","34"
"TBQ04C05","Loaded Units (000 Tonnes)","20174","2017Q4","2","Outward","IEFOV","Shannon Foynes","000 Tonnes",""
"TBQ04C05","Loaded Units (000 Tonnes)","20181","2018Q1","-","All directions","IEMIP","All Main Irish Ports","000 Tonnes","1838"
"TBQ04C05","Loaded Units (000 Tonnes)","20181","2018Q1","-","All directions","IEDUB","Dublin","000 Tonnes","1348"
"TBQ04C05","Loaded Units (000 Tonnes)","20181","2018Q1","-","All directions","IEORK","Cork","000 Tonnes","423"
"TBQ04C05","Loaded Units (000 Tonnes)","20181","2018Q1","-","All directions","IEWAT","Waterford","000 Tonnes","67"
"TBQ04C05","Loaded Units (000 Tonnes)","20181","2018Q1","-","All directions","IEFOV","Shannon Foynes","000 Tonnes",""
"TBQ04C05","Loaded Units (000 Tonnes)","20181","2018Q1","1","Inward","IEMIP","All Main Irish Ports","000 Tonnes","994"
"TBQ04C05","Loaded Units (000 Tonnes)","20181","2018Q1","1","Inward","IEDUB","Dublin","000 Tonnes","754"
"TBQ04C05","Loaded Units (000 Tonnes)","20181","2018Q1","1","Inward","IEORK","Cork","000 Tonnes","204"
"TBQ04C05","Loaded Units (000 Tonnes)","20181","2018Q1","1","Inward","IEWAT","Waterford","000 Tonnes","36"
"TBQ04C05","Loaded Units (000 Tonnes)","20181","2018Q1","1","Inward","IEFOV","Shannon Foynes","000 Tonnes",""
"TBQ04C05","Loaded Units (000 Tonnes)","20181","2018Q1","2","Outward","IEMIP","All Main Irish Ports","000 Tonnes","844"
"TBQ04C05","Loaded Units (000 Tonnes)","20181","2018Q1","2","Outward","IEDUB","Dublin","000 Tonnes","594"
"TBQ04C05","Loaded Units (000 Tonnes)","20181","2018Q1","2","Outward","IEORK","Cork","000 Tonnes","219"
"TBQ04C05","Loaded Units (000 Tonnes)","20181","2018Q1","2","Outward","IEWAT","Waterford","000 Tonnes","30"
"TBQ04C05","Loaded Units (000 Tonnes)","20181","2018Q1","2","Outward","IEFOV","Shannon Foynes","000 Tonnes",""
"TBQ04C05","Loaded Units (000 Tonnes)","20182","2018Q2","-","All directions","IEMIP","All Main Irish Ports","000 Tonnes","1949"
"TBQ04C05","Loaded Units (000 Tonnes)","20182","2018Q2","-","All directions","IEDUB","Dublin","000 Tonnes","1399"
"TBQ04C05","Loaded Units (000 Tonnes)","20182","2018Q2","-","All directions","IEORK","Cork","000 Tonnes","469"
"TBQ04C05","Loaded Units (000 Tonnes)","20182","2018Q2","-","All directions","IEWAT","Waterford","000 Tonnes","81"
"TBQ04C05","Loaded Units (000 Tonnes)","20182","2018Q2","-","All directions","IEFOV","Shannon Foynes","000 Tonnes",""
"TBQ04C05","Loaded Units (000 Tonnes)","20182","2018Q2","1","Inward","IEMIP","All Main Irish Ports","000 Tonnes","1030"
"TBQ04C05","Loaded Units (000 Tonnes)","20182","2018Q2","1","Inward","IEDUB","Dublin","000 Tonnes","780"
"TBQ04C05","Loaded Units (000 Tonnes)","20182","2018Q2","1","Inward","IEORK","Cork","000 Tonnes","214"
"TBQ04C05","Loaded Units (000 Tonnes)","20182","2018Q2","1","Inward","IEWAT","Waterford","000 Tonnes","36"
"TBQ04C05","Loaded Units (000 Tonnes)","20182","2018Q2","1","Inward","IEFOV","Shannon Foynes","000 Tonnes",""
"TBQ04C05","Loaded Units (000 Tonnes)","20182","2018Q2","2","Outward","IEMIP","All Main Irish Ports","000 Tonnes","920"
"TBQ04C05","Loaded Units (000 Tonnes)","20182","2018Q2","2","Outward","IEDUB","Dublin","000 Tonnes","619"
"TBQ04C05","Loaded Units (000 Tonnes)","20182","2018Q2","2","Outward","IEORK","Cork","000 Tonnes","256"
"TBQ04C05","Loaded Units (000 Tonnes)","20182","2018Q2","2","Outward","IEWAT","Waterford","000 Tonnes","45"
"TBQ04C05","Loaded Units (000 Tonnes)","20182","2018Q2","2","Outward","IEFOV","Shannon Foynes","000 Tonnes",""
"TBQ04C05","Loaded Units (000 Tonnes)","20183","2018Q3","-","All directions","IEMIP","All Main Irish Ports","000 Tonnes","1942"
"TBQ04C05","Loaded Units (000 Tonnes)","20183","2018Q3","-","All directions","IEDUB","Dublin","000 Tonnes","1428"
"TBQ04C05","Loaded Units (000 Tonnes)","20183","2018Q3","-","All directions","IEORK","Cork","000 Tonnes","442"
"TBQ04C05","Loaded Units (000 Tonnes)","20183","2018Q3","-","All directions","IEWAT","Waterford","000 Tonnes","73"
"TBQ04C05","Loaded Units (000 Tonnes)","20183","2018Q3","-","All directions","IEFOV","Shannon Foynes","000 Tonnes",""
"TBQ04C05","Loaded Units (000 Tonnes)","20183","2018Q3","1","Inward","IEMIP","All Main Irish Ports","000 Tonnes","1080"
"TBQ04C05","Loaded Units (000 Tonnes)","20183","2018Q3","1","Inward","IEDUB","Dublin","000 Tonnes","840"
"TBQ04C05","Loaded Units (000 Tonnes)","20183","2018Q3","1","Inward","IEORK","Cork","000 Tonnes","206"
"TBQ04C05","Loaded Units (000 Tonnes)","20183","2018Q3","1","Inward","IEWAT","Waterford","000 Tonnes","33"
"TBQ04C05","Loaded Units (000 Tonnes)","20183","2018Q3","1","Inward","IEFOV","Shannon Foynes","000 Tonnes",""
"TBQ04C05","Loaded Units (000 Tonnes)","20183","2018Q3","2","Outward","IEMIP","All Main Irish Ports","000 Tonnes","863"
"TBQ04C05","Loaded Units (000 Tonnes)","20183","2018Q3","2","Outward","IEDUB","Dublin","000 Tonnes","587"
"TBQ04C05","Loaded Units (000 Tonnes)","20183","2018Q3","2","Outward","IEORK","Cork","000 Tonnes","235"
"TBQ04C05","Loaded Units (000 Tonnes)","20183","2018Q3","2","Outward","IEWAT","Waterford","000 Tonnes","40"
"TBQ04C05","Loaded Units (000 Tonnes)","20183","2018Q3","2","Outward","IEFOV","Shannon Foynes","000 Tonnes",""
"TBQ04C05","Loaded Units (000 Tonnes)","20184","2018Q4","-","All directions","IEMIP","All Main Irish Ports","000 Tonnes","1899"
"TBQ04C05","Loaded Units (000 Tonnes)","20184","2018Q4","-","All directions","IEDUB","Dublin","000 Tonnes","1357"
"TBQ04C05","Loaded Units (000 Tonnes)","20184","2018Q4","-","All directions","IEORK","Cork","000 Tonnes","468"
"TBQ04C05","Loaded Units (000 Tonnes)","20184","2018Q4","-","All directions","IEWAT","Waterford","000 Tonnes","73"
"TBQ04C05","Loaded Units (000 Tonnes)","20184","2018Q4","-","All directions","IEFOV","Shannon Foynes","000 Tonnes",""
"TBQ04C05","Loaded Units (000 Tonnes)","20184","2018Q4","1","Inward","IEMIP","All Main Irish Ports","000 Tonnes","1035"
"TBQ04C05","Loaded Units (000 Tonnes)","20184","2018Q4","1","Inward","IEDUB","Dublin","000 Tonnes","779"
"TBQ04C05","Loaded Units (000 Tonnes)","20184","2018Q4","1","Inward","IEORK","Cork","000 Tonnes","224"
"TBQ04C05","Loaded Units (000 Tonnes)","20184","2018Q4","1","Inward","IEWAT","Waterford","000 Tonnes","32"
"TBQ04C05","Loaded Units (000 Tonnes)","20184","2018Q4","1","Inward","IEFOV","Shannon Foynes","000 Tonnes",""
"TBQ04C05","Loaded Units (000 Tonnes)","20184","2018Q4","2","Outward","IEMIP","All Main Irish Ports","000 Tonnes","864"
"TBQ04C05","Loaded Units (000 Tonnes)","20184","2018Q4","2","Outward","IEDUB","Dublin","000 Tonnes","579"
"TBQ04C05","Loaded Units (000 Tonnes)","20184","2018Q4","2","Outward","IEORK","Cork","000 Tonnes","244"
"TBQ04C05","Loaded Units (000 Tonnes)","20184","2018Q4","2","Outward","IEWAT","Waterford","000 Tonnes","41"
"TBQ04C05","Loaded Units (000 Tonnes)","20184","2018Q4","2","Outward","IEFOV","Shannon Foynes","000 Tonnes",""
"TBQ04C05","Loaded Units (000 Tonnes)","20191","2019Q1","-","All directions","IEMIP","All Main Irish Ports","000 Tonnes","1977"
"TBQ04C05","Loaded Units (000 Tonnes)","20191","2019Q1","-","All directions","IEDUB","Dublin","000 Tonnes","1453"
"TBQ04C05","Loaded Units (000 Tonnes)","20191","2019Q1","-","All directions","IEORK","Cork","000 Tonnes","451"
"TBQ04C05","Loaded Units (000 Tonnes)","20191","2019Q1","-","All directions","IEWAT","Waterford","000 Tonnes","73"
"TBQ04C05","Loaded Units (000 Tonnes)","20191","2019Q1","-","All directions","IEFOV","Shannon Foynes","000 Tonnes",""
"TBQ04C05","Loaded Units (000 Tonnes)","20191","2019Q1","1","Inward","IEMIP","All Main Irish Ports","000 Tonnes","1089"
"TBQ04C05","Loaded Units (000 Tonnes)","20191","2019Q1","1","Inward","IEDUB","Dublin","000 Tonnes","836"
"TBQ04C05","Loaded Units (000 Tonnes)","20191","2019Q1","1","Inward","IEORK","Cork","000 Tonnes","218"
"TBQ04C05","Loaded Units (000 Tonnes)","20191","2019Q1","1","Inward","IEWAT","Waterford","000 Tonnes","34"
"TBQ04C05","Loaded Units (000 Tonnes)","20191","2019Q1","1","Inward","IEFOV","Shannon Foynes","000 Tonnes",""
"TBQ04C05","Loaded Units (000 Tonnes)","20191","2019Q1","2","Outward","IEMIP","All Main Irish Ports","000 Tonnes","888"
"TBQ04C05","Loaded Units (000 Tonnes)","20191","2019Q1","2","Outward","IEDUB","Dublin","000 Tonnes","617"
"TBQ04C05","Loaded Units (000 Tonnes)","20191","2019Q1","2","Outward","IEORK","Cork","000 Tonnes","233"
"TBQ04C05","Loaded Units (000 Tonnes)","20191","2019Q1","2","Outward","IEWAT","Waterford","000 Tonnes","39"
"TBQ04C05","Loaded Units (000 Tonnes)","20191","2019Q1","2","Outward","IEFOV","Shannon Foynes","000 Tonnes",""
"TBQ04C05","Loaded Units (000 Tonnes)","20192","2019Q2","-","All directions","IEMIP","All Main Irish Ports","000 Tonnes","2097"
"TBQ04C05","Loaded Units (000 Tonnes)","20192","2019Q2","-","All directions","IEDUB","Dublin","000 Tonnes","1525"
"TBQ04C05","Loaded Units (000 Tonnes)","20192","2019Q2","-","All directions","IEORK","Cork","000 Tonnes","491"
"TBQ04C05","Loaded Units (000 Tonnes)","20192","2019Q2","-","All directions","IEWAT","Waterford","000 Tonnes","80"
"TBQ04C05","Loaded Units (000 Tonnes)","20192","2019Q2","-","All directions","IEFOV","Shannon Foynes","000 Tonnes",""
"TBQ04C05","Loaded Units (000 Tonnes)","20192","2019Q2","1","Inward","IEMIP","All Main Irish Ports","000 Tonnes","1123"
"TBQ04C05","Loaded Units (000 Tonnes)","20192","2019Q2","1","Inward","IEDUB","Dublin","000 Tonnes","862"
"TBQ04C05","Loaded Units (000 Tonnes)","20192","2019Q2","1","Inward","IEORK","Cork","000 Tonnes","228"
"TBQ04C05","Loaded Units (000 Tonnes)","20192","2019Q2","1","Inward","IEWAT","Waterford","000 Tonnes","33"
"TBQ04C05","Loaded Units (000 Tonnes)","20192","2019Q2","1","Inward","IEFOV","Shannon Foynes","000 Tonnes",""
"TBQ04C05","Loaded Units (000 Tonnes)","20192","2019Q2","2","Outward","IEMIP","All Main Irish Ports","000 Tonnes","973"
"TBQ04C05","Loaded Units (000 Tonnes)","20192","2019Q2","2","Outward","IEDUB","Dublin","000 Tonnes","663"
"TBQ04C05","Loaded Units (000 Tonnes)","20192","2019Q2","2","Outward","IEORK","Cork","000 Tonnes","263"
"TBQ04C05","Loaded Units (000 Tonnes)","20192","2019Q2","2","Outward","IEWAT","Waterford","000 Tonnes","48"
"TBQ04C05","Loaded Units (000 Tonnes)","20192","2019Q2","2","Outward","IEFOV","Shannon Foynes","000 Tonnes",""
"TBQ04C05","Loaded Units (000 Tonnes)","20193","2019Q3","-","All directions","IEMIP","All Main Irish Ports","000 Tonnes","1978"
"TBQ04C05","Loaded Units (000 Tonnes)","20193","2019Q3","-","All directions","IEDUB","Dublin","000 Tonnes","1425"
"TBQ04C05","Loaded Units (000 Tonnes)","20193","2019Q3","-","All directions","IEORK","Cork","000 Tonnes","473"
"TBQ04C05","Loaded Units (000 Tonnes)","20193","2019Q3","-","All directions","IEWAT","Waterford","000 Tonnes","80"
"TBQ04C05","Loaded Units (000 Tonnes)","20193","2019Q3","-","All directions","IEFOV","Shannon Foynes","000 Tonnes",""
"TBQ04C05","Loaded Units (000 Tonnes)","20193","2019Q3","1","Inward","IEMIP","All Main Irish Ports","000 Tonnes","1071"
"TBQ04C05","Loaded Units (000 Tonnes)","20193","2019Q3","1","Inward","IEDUB","Dublin","000 Tonnes","830"
"TBQ04C05","Loaded Units (000 Tonnes)","20193","2019Q3","1","Inward","IEORK","Cork","000 Tonnes","209"
"TBQ04C05","Loaded Units (000 Tonnes)","20193","2019Q3","1","Inward","IEWAT","Waterford","000 Tonnes","32"
"TBQ04C05","Loaded Units (000 Tonnes)","20193","2019Q3","1","Inward","IEFOV","Shannon Foynes","000 Tonnes",""
"TBQ04C05","Loaded Units (000 Tonnes)","20193","2019Q3","2","Outward","IEMIP","All Main Irish Ports","000 Tonnes","908"
"TBQ04C05","Loaded Units (000 Tonnes)","20193","2019Q3","2","Outward","IEDUB","Dublin","000 Tonnes","594"
"TBQ04C05","Loaded Units (000 Tonnes)","20193","2019Q3","2","Outward","IEORK","Cork","000 Tonnes","265"
"TBQ04C05","Loaded Units (000 Tonnes)","20193","2019Q3","2","Outward","IEWAT","Waterford","000 Tonnes","48"
"TBQ04C05","Loaded Units (000 Tonnes)","20193","2019Q3","2","Outward","IEFOV","Shannon Foynes","000 Tonnes",""
"TBQ04C05","Loaded Units (000 Tonnes)","20194","2019Q4","-","All directions","IEMIP","All Main Irish Ports","000 Tonnes","1957"
"TBQ04C05","Loaded Units (000 Tonnes)","20194","2019Q4","-","All directions","IEDUB","Dublin","000 Tonnes","1400"
"TBQ04C05","Loaded Units (000 Tonnes)","20194","2019Q4","-","All directions","IEORK","Cork","000 Tonnes","474"
"TBQ04C05","Loaded Units (000 Tonnes)","20194","2019Q4","-","All directions","IEWAT","Waterford","000 Tonnes","83"
"TBQ04C05","Loaded Units (000 Tonnes)","20194","2019Q4","-","All directions","IEFOV","Shannon Foynes","000 Tonnes",""
"TBQ04C05","Loaded Units (000 Tonnes)","20194","2019Q4","1","Inward","IEMIP","All Main Irish Ports","000 Tonnes","1034"
"TBQ04C05","Loaded Units (000 Tonnes)","20194","2019Q4","1","Inward","IEDUB","Dublin","000 Tonnes","784"
"TBQ04C05","Loaded Units (000 Tonnes)","20194","2019Q4","1","Inward","IEORK","Cork","000 Tonnes","216"
"TBQ04C05","Loaded Units (000 Tonnes)","20194","2019Q4","1","Inward","IEWAT","Waterford","000 Tonnes","34"
"TBQ04C05","Loaded Units (000 Tonnes)","20194","2019Q4","1","Inward","IEFOV","Shannon Foynes","000 Tonnes",""
"TBQ04C05","Loaded Units (000 Tonnes)","20194","2019Q4","2","Outward","IEMIP","All Main Irish Ports","000 Tonnes","924"
"TBQ04C05","Loaded Units (000 Tonnes)","20194","2019Q4","2","Outward","IEDUB","Dublin","000 Tonnes","616"
"TBQ04C05","Loaded Units (000 Tonnes)","20194","2019Q4","2","Outward","IEORK","Cork","000 Tonnes","258"
"TBQ04C05","Loaded Units (000 Tonnes)","20194","2019Q4","2","Outward","IEWAT","Waterford","000 Tonnes","50"
"TBQ04C05","Loaded Units (000 Tonnes)","20194","2019Q4","2","Outward","IEFOV","Shannon Foynes","000 Tonnes",""
"TBQ04C05","Loaded Units (000 Tonnes)","20201","2020Q1","-","All directions","IEMIP","All Main Irish Ports","000 Tonnes","1929"
"TBQ04C05","Loaded Units (000 Tonnes)","20201","2020Q1","-","All directions","IEDUB","Dublin","000 Tonnes","1402"
"TBQ04C05","Loaded Units (000 Tonnes)","20201","2020Q1","-","All directions","IEORK","Cork","000 Tonnes","435"
"TBQ04C05","Loaded Units (000 Tonnes)","20201","2020Q1","-","All directions","IEWAT","Waterford","000 Tonnes","92"
"TBQ04C05","Loaded Units (000 Tonnes)","20201","2020Q1","-","All directions","IEFOV","Shannon Foynes","000 Tonnes",""
"TBQ04C05","Loaded Units (000 Tonnes)","20201","2020Q1","1","Inward","IEMIP","All Main Irish Ports","000 Tonnes","1060"
"TBQ04C05","Loaded Units (000 Tonnes)","20201","2020Q1","1","Inward","IEDUB","Dublin","000 Tonnes","807"
"TBQ04C05","Loaded Units (000 Tonnes)","20201","2020Q1","1","Inward","IEORK","Cork","000 Tonnes","209"
"TBQ04C05","Loaded Units (000 Tonnes)","20201","2020Q1","1","Inward","IEWAT","Waterford","000 Tonnes","43"
"TBQ04C05","Loaded Units (000 Tonnes)","20201","2020Q1","1","Inward","IEFOV","Shannon Foynes","000 Tonnes",""
"TBQ04C05","Loaded Units (000 Tonnes)","20201","2020Q1","2","Outward","IEMIP","All Main Irish Ports","000 Tonnes","869"
"TBQ04C05","Loaded Units (000 Tonnes)","20201","2020Q1","2","Outward","IEDUB","Dublin","000 Tonnes","595"
"TBQ04C05","Loaded Units (000 Tonnes)","20201","2020Q1","2","Outward","IEORK","Cork","000 Tonnes","226"
"TBQ04C05","Loaded Units (000 Tonnes)","20201","2020Q1","2","Outward","IEWAT","Waterford","000 Tonnes","49"
"TBQ04C05","Loaded Units (000 Tonnes)","20201","2020Q1","2","Outward","IEFOV","Shannon Foynes","000 Tonnes",""
"TBQ04C05","Loaded Units (000 Tonnes)","20202","2020Q2","-","All directions","IEMIP","All Main Irish Ports","000 Tonnes","1946"
"TBQ04C05","Loaded Units (000 Tonnes)","20202","2020Q2","-","All directions","IEDUB","Dublin","000 Tonnes","1345"
"TBQ04C05","Loaded Units (000 Tonnes)","20202","2020Q2","-","All directions","IEORK","Cork","000 Tonnes","515"
"TBQ04C05","Loaded Units (000 Tonnes)","20202","2020Q2","-","All directions","IEWAT","Waterford","000 Tonnes","86"
"TBQ04C05","Loaded Units (000 Tonnes)","20202","2020Q2","-","All directions","IEFOV","Shannon Foynes","000 Tonnes",""
"TBQ04C05","Loaded Units (000 Tonnes)","20202","2020Q2","1","Inward","IEMIP","All Main Irish Ports","000 Tonnes","1021"
"TBQ04C05","Loaded Units (000 Tonnes)","20202","2020Q2","1","Inward","IEDUB","Dublin","000 Tonnes","741"
"TBQ04C05","Loaded Units (000 Tonnes)","20202","2020Q2","1","Inward","IEORK","Cork","000 Tonnes","239"
"TBQ04C05","Loaded Units (000 Tonnes)","20202","2020Q2","1","Inward","IEWAT","Waterford","000 Tonnes","41"
"TBQ04C05","Loaded Units (000 Tonnes)","20202","2020Q2","1","Inward","IEFOV","Shannon Foynes","000 Tonnes",""
"TBQ04C05","Loaded Units (000 Tonnes)","20202","2020Q2","2","Outward","IEMIP","All Main Irish Ports","000 Tonnes","925"
"TBQ04C05","Loaded Units (000 Tonnes)","20202","2020Q2","2","Outward","IEDUB","Dublin","000 Tonnes","604"
"TBQ04C05","Loaded Units (000 Tonnes)","20202","2020Q2","2","Outward","IEORK","Cork","000 Tonnes","276"
"TBQ04C05","Loaded Units (000 Tonnes)","20202","2020Q2","2","Outward","IEWAT","Waterford","000 Tonnes","45"
"TBQ04C05","Loaded Units (000 Tonnes)","20202","2020Q2","2","Outward","IEFOV","Shannon Foynes","000 Tonnes",""
"TBQ04C05","Loaded Units (000 Tonnes)","20203","2020Q3","-","All directions","IEMIP","All Main Irish Ports","000 Tonnes","2078"
"TBQ04C05","Loaded Units (000 Tonnes)","20203","2020Q3","-","All directions","IEDUB","Dublin","000 Tonnes","1471"
"TBQ04C05","Loaded Units (000 Tonnes)","20203","2020Q3","-","All directions","IEORK","Cork","000 Tonnes","506"
"TBQ04C05","Loaded Units (000 Tonnes)","20203","2020Q3","-","All directions","IEWAT","Waterford","000 Tonnes","101"
"TBQ04C05","Loaded Units (000 Tonnes)","20203","2020Q3","-","All directions","IEFOV","Shannon Foynes","000 Tonnes",""
"TBQ04C05","Loaded Units (000 Tonnes)","20203","2020Q3","1","Inward","IEMIP","All Main Irish Ports","000 Tonnes","1136"
"TBQ04C05","Loaded Units (000 Tonnes)","20203","2020Q3","1","Inward","IEDUB","Dublin","000 Tonnes","862"
"TBQ04C05","Loaded Units (000 Tonnes)","20203","2020Q3","1","Inward","IEORK","Cork","000 Tonnes","229"
"TBQ04C05","Loaded Units (000 Tonnes)","20203","2020Q3","1","Inward","IEWAT","Waterford","000 Tonnes","45"
"TBQ04C05","Loaded Units (000 Tonnes)","20203","2020Q3","1","Inward","IEFOV","Shannon Foynes","000 Tonnes",""
"TBQ04C05","Loaded Units (000 Tonnes)","20203","2020Q3","2","Outward","IEMIP","All Main Irish Ports","000 Tonnes","943"
"TBQ04C05","Loaded Units (000 Tonnes)","20203","2020Q3","2","Outward","IEDUB","Dublin","000 Tonnes","609"
"TBQ04C05","Loaded Units (000 Tonnes)","20203","2020Q3","2","Outward","IEORK","Cork","000 Tonnes","278"
"TBQ04C05","Loaded Units (000 Tonnes)","20203","2020Q3","2","Outward","IEWAT","Waterford","000 Tonnes","56"
"TBQ04C05","Loaded Units (000 Tonnes)","20203","2020Q3","2","Outward","IEFOV","Shannon Foynes","000 Tonnes",""
"TBQ04C05","Loaded Units (000 Tonnes)","20204","2020Q4","-","All directions","IEMIP","All Main Irish Ports","000 Tonnes","2031"
"TBQ04C05","Loaded Units (000 Tonnes)","20204","2020Q4","-","All directions","IEDUB","Dublin","000 Tonnes","1438"
"TBQ04C05","Loaded Units (000 Tonnes)","20204","2020Q4","-","All directions","IEORK","Cork","000 Tonnes","517"
"TBQ04C05","Loaded Units (000 Tonnes)","20204","2020Q4","-","All directions","IEWAT","Waterford","000 Tonnes","77"
"TBQ04C05","Loaded Units (000 Tonnes)","20204","2020Q4","-","All directions","IEFOV","Shannon Foynes","000 Tonnes",""
"TBQ04C05","Loaded Units (000 Tonnes)","20204","2020Q4","1","Inward","IEMIP","All Main Irish Ports","000 Tonnes","1118"
"TBQ04C05","Loaded Units (000 Tonnes)","20204","2020Q4","1","Inward","IEDUB","Dublin","000 Tonnes","842"
"TBQ04C05","Loaded Units (000 Tonnes)","20204","2020Q4","1","Inward","IEORK","Cork","000 Tonnes","242"
"TBQ04C05","Loaded Units (000 Tonnes)","20204","2020Q4","1","Inward","IEWAT","Waterford","000 Tonnes","34"
"TBQ04C05","Loaded Units (000 Tonnes)","20204","2020Q4","1","Inward","IEFOV","Shannon Foynes","000 Tonnes",""
"TBQ04C05","Loaded Units (000 Tonnes)","20204","2020Q4","2","Outward","IEMIP","All Main Irish Ports","000 Tonnes","913"
"TBQ04C05","Loaded Units (000 Tonnes)","20204","2020Q4","2","Outward","IEDUB","Dublin","000 Tonnes","595"
"TBQ04C05","Loaded Units (000 Tonnes)","20204","2020Q4","2","Outward","IEORK","Cork","000 Tonnes","275"
"TBQ04C05","Loaded Units (000 Tonnes)","20204","2020Q4","2","Outward","IEWAT","Waterford","000 Tonnes","43"
"TBQ04C05","Loaded Units (000 Tonnes)","20204","2020Q4","2","Outward","IEFOV","Shannon Foynes","000 Tonnes",""
"TBQ04C05","Loaded Units (000 Tonnes)","20211","2021Q1","-","All directions","IEMIP","All Main Irish Ports","000 Tonnes","2123"
"TBQ04C05","Loaded Units (000 Tonnes)","20211","2021Q1","-","All directions","IEDUB","Dublin","000 Tonnes","1548"
"TBQ04C05","Loaded Units (000 Tonnes)","20211","2021Q1","-","All directions","IEORK","Cork","000 Tonnes","489"
"TBQ04C05","Loaded Units (000 Tonnes)","20211","2021Q1","-","All directions","IEWAT","Waterford","000 Tonnes","86"
"TBQ04C05","Loaded Units (000 Tonnes)","20211","2021Q1","-","All directions","IEFOV","Shannon Foynes","000 Tonnes",""
"TBQ04C05","Loaded Units (000 Tonnes)","20211","2021Q1","1","Inward","IEMIP","All Main Irish Ports","000 Tonnes","1188"
"TBQ04C05","Loaded Units (000 Tonnes)","20211","2021Q1","1","Inward","IEDUB","Dublin","000 Tonnes","900"
"TBQ04C05","Loaded Units (000 Tonnes)","20211","2021Q1","1","Inward","IEORK","Cork","000 Tonnes","248"
"TBQ04C05","Loaded Units (000 Tonnes)","20211","2021Q1","1","Inward","IEWAT","Waterford","000 Tonnes","40"
"TBQ04C05","Loaded Units (000 Tonnes)","20211","2021Q1","1","Inward","IEFOV","Shannon Foynes","000 Tonnes",""
"TBQ04C05","Loaded Units (000 Tonnes)","20211","2021Q1","2","Outward","IEMIP","All Main Irish Ports","000 Tonnes","935"
"TBQ04C05","Loaded Units (000 Tonnes)","20211","2021Q1","2","Outward","IEDUB","Dublin","000 Tonnes","648"
"TBQ04C05","Loaded Units (000 Tonnes)","20211","2021Q1","2","Outward","IEORK","Cork","000 Tonnes","240"
"TBQ04C05","Loaded Units (000 Tonnes)","20211","2021Q1","2","Outward","IEWAT","Waterford","000 Tonnes","47"
"TBQ04C05","Loaded Units (000 Tonnes)","20211","2021Q1","2","Outward","IEFOV","Shannon Foynes","000 Tonnes",""
"TBQ04C05","Loaded Units (000 Tonnes)","20212","2021Q2","-","All directions","IEMIP","All Main Irish Ports","000 Tonnes","2287"
"TBQ04C05","Loaded Units (000 Tonnes)","20212","2021Q2","-","All directions","IEDUB","Dublin","000 Tonnes","1631"
"TBQ04C05","Loaded Units (000 Tonnes)","20212","2021Q2","-","All directions","IEORK","Cork","000 Tonnes","571"
"TBQ04C05","Loaded Units (000 Tonnes)","20212","2021Q2","-","All directions","IEWAT","Waterford","000 Tonnes","86"
"TBQ04C05","Loaded Units (000 Tonnes)","20212","2021Q2","-","All directions","IEFOV","Shannon Foynes","000 Tonnes",""
"TBQ04C05","Loaded Units (000 Tonnes)","20212","2021Q2","1","Inward","IEMIP","All Main Irish Ports","000 Tonnes","1257"
"TBQ04C05","Loaded Units (000 Tonnes)","20212","2021Q2","1","Inward","IEDUB","Dublin","000 Tonnes","941"
"TBQ04C05","Loaded Units (000 Tonnes)","20212","2021Q2","1","Inward","IEORK","Cork","000 Tonnes","275"
"TBQ04C05","Loaded Units (000 Tonnes)","20212","2021Q2","1","Inward","IEWAT","Waterford","000 Tonnes","41"
"TBQ04C05","Loaded Units (000 Tonnes)","20212","2021Q2","1","Inward","IEFOV","Shannon Foynes","000 Tonnes",""
"TBQ04C05","Loaded Units (000 Tonnes)","20212","2021Q2","2","Outward","IEMIP","All Main Irish Ports","000 Tonnes","1030"
"TBQ04C05","Loaded Units (000 Tonnes)","20212","2021Q2","2","Outward","IEDUB","Dublin","000 Tonnes","690"
"TBQ04C05","Loaded Units (000 Tonnes)","20212","2021Q2","2","Outward","IEORK","Cork","000 Tonnes","296"
"TBQ04C05","Loaded Units (000 Tonnes)","20212","2021Q2","2","Outward","IEWAT","Waterford","000 Tonnes","44"
"TBQ04C05","Loaded Units (000 Tonnes)","20212","2021Q2","2","Outward","IEFOV","Shannon Foynes","000 Tonnes",""
"TBQ04C05","Loaded Units (000 Tonnes)","20213","2021Q3","-","All directions","IEMIP","All Main Irish Ports","000 Tonnes","2255"
"TBQ04C05","Loaded Units (000 Tonnes)","20213","2021Q3","-","All directions","IEDUB","Dublin","000 Tonnes","1600"
"TBQ04C05","Loaded Units (000 Tonnes)","20213","2021Q3","-","All directions","IEORK","Cork","000 Tonnes","569"
"TBQ04C05","Loaded Units (000 Tonnes)","20213","2021Q3","-","All directions","IEWAT","Waterford","000 Tonnes","85"
"TBQ04C05","Loaded Units (000 Tonnes)","20213","2021Q3","-","All directions","IEFOV","Shannon Foynes","000 Tonnes",""
"TBQ04C05","Loaded Units (000 Tonnes)","20213","2021Q3","1","Inward","IEMIP","All Main Irish Ports","000 Tonnes","1271"
"TBQ04C05","Loaded Units (000 Tonnes)","20213","2021Q3","1","Inward","IEDUB","Dublin","000 Tonnes","949"
"TBQ04C05","Loaded Units (000 Tonnes)","20213","2021Q3","1","Inward","IEORK","Cork","000 Tonnes","283"
"TBQ04C05","Loaded Units (000 Tonnes)","20213","2021Q3","1","Inward","IEWAT","Waterford","000 Tonnes","40"
"TBQ04C05","Loaded Units (000 Tonnes)","20213","2021Q3","1","Inward","IEFOV","Shannon Foynes","000 Tonnes",""
"TBQ04C05","Loaded Units (000 Tonnes)","20213","2021Q3","2","Outward","IEMIP","All Main Irish Ports","000 Tonnes","984"
"TBQ04C05","Loaded Units (000 Tonnes)","20213","2021Q3","2","Outward","IEDUB","Dublin","000 Tonnes","651"
"TBQ04C05","Loaded Units (000 Tonnes)","20213","2021Q3","2","Outward","IEORK","Cork","000 Tonnes","286"
"TBQ04C05","Loaded Units (000 Tonnes)","20213","2021Q3","2","Outward","IEWAT","Waterford","000 Tonnes","46"
"TBQ04C05","Loaded Units (000 Tonnes)","20213","2021Q3","2","Outward","IEFOV","Shannon Foynes","000 Tonnes",""
"TBQ04C05","Loaded Units (000 Tonnes)","20214","2021Q4","-","All directions","IEMIP","All Main Irish Ports","000 Tonnes","2131"
"TBQ04C05","Loaded Units (000 Tonnes)","20214","2021Q4","-","All directions","IEDUB","Dublin","000 Tonnes","1491"
"TBQ04C05","Loaded Units (000 Tonnes)","20214","2021Q4","-","All directions","IEORK","Cork","000 Tonnes","560"
"TBQ04C05","Loaded Units (000 Tonnes)","20214","2021Q4","-","All directions","IEWAT","Waterford","000 Tonnes","79"
"TBQ04C05","Loaded Units (000 Tonnes)","20214","2021Q4","-","All directions","IEFOV","Shannon Foynes","000 Tonnes",""
"TBQ04C05","Loaded Units (000 Tonnes)","20214","2021Q4","1","Inward","IEMIP","All Main Irish Ports","000 Tonnes","1180"
"TBQ04C05","Loaded Units (000 Tonnes)","20214","2021Q4","1","Inward","IEDUB","Dublin","000 Tonnes","869"
"TBQ04C05","Loaded Units (000 Tonnes)","20214","2021Q4","1","Inward","IEORK","Cork","000 Tonnes","277"
"TBQ04C05","Loaded Units (000 Tonnes)","20214","2021Q4","1","Inward","IEWAT","Waterford","000 Tonnes","34"
"TBQ04C05","Loaded Units (000 Tonnes)","20214","2021Q4","1","Inward","IEFOV","Shannon Foynes","000 Tonnes",""
"TBQ04C05","Loaded Units (000 Tonnes)","20214","2021Q4","2","Outward","IEMIP","All Main Irish Ports","000 Tonnes","951"
"TBQ04C05","Loaded Units (000 Tonnes)","20214","2021Q4","2","Outward","IEDUB","Dublin","000 Tonnes","622"
"TBQ04C05","Loaded Units (000 Tonnes)","20214","2021Q4","2","Outward","IEORK","Cork","000 Tonnes","283"
"TBQ04C05","Loaded Units (000 Tonnes)","20214","2021Q4","2","Outward","IEWAT","Waterford","000 Tonnes","45"
"TBQ04C05","Loaded Units (000 Tonnes)","20214","2021Q4","2","Outward","IEFOV","Shannon Foynes","000 Tonnes",""
"TBQ04C05","Loaded Units (000 Tonnes)","20221","2022Q1","-","All directions","IEMIP","All Main Irish Ports","000 Tonnes","2012"
"TBQ04C05","Loaded Units (000 Tonnes)","20221","2022Q1","-","All directions","IEDUB","Dublin","000 Tonnes","1426"
"TBQ04C05","Loaded Units (000 Tonnes)","20221","2022Q1","-","All directions","IEORK","Cork","000 Tonnes","505"
"TBQ04C05","Loaded Units (000 Tonnes)","20221","2022Q1","-","All directions","IEWAT","Waterford","000 Tonnes","81"
"TBQ04C05","Loaded Units (000 Tonnes)","20221","2022Q1","-","All directions","IEFOV","Shannon Foynes","000 Tonnes",""
"TBQ04C05","Loaded Units (000 Tonnes)","20221","2022Q1","1","Inward","IEMIP","All Main Irish Ports","000 Tonnes","1159"
"TBQ04C05","Loaded Units (000 Tonnes)","20221","2022Q1","1","Inward","IEDUB","Dublin","000 Tonnes","844"
"TBQ04C05","Loaded Units (000 Tonnes)","20221","2022Q1","1","Inward","IEORK","Cork","000 Tonnes","272"
"TBQ04C05","Loaded Units (000 Tonnes)","20221","2022Q1","1","Inward","IEWAT","Waterford","000 Tonnes","43"
"TBQ04C05","Loaded Units (000 Tonnes)","20221","2022Q1","1","Inward","IEFOV","Shannon Foynes","000 Tonnes",""
"TBQ04C05","Loaded Units (000 Tonnes)","20221","2022Q1","2","Outward","IEMIP","All Main Irish Ports","000 Tonnes","853"
"TBQ04C05","Loaded Units (000 Tonnes)","20221","2022Q1","2","Outward","IEDUB","Dublin","000 Tonnes","582"
"TBQ04C05","Loaded Units (000 Tonnes)","20221","2022Q1","2","Outward","IEORK","Cork","000 Tonnes","233"
"TBQ04C05","Loaded Units (000 Tonnes)","20221","2022Q1","2","Outward","IEWAT","Waterford","000 Tonnes","38"
"TBQ04C05","Loaded Units (000 Tonnes)","20221","2022Q1","2","Outward","IEFOV","Shannon Foynes","000 Tonnes",""
"TBQ04C05","Loaded Units (000 Tonnes)","20222","2022Q2","-","All directions","IEMIP","All Main Irish Ports","000 Tonnes","2287"
"TBQ04C05","Loaded Units (000 Tonnes)","20222","2022Q2","-","All directions","IEDUB","Dublin","000 Tonnes","1621"
"TBQ04C05","Loaded Units (000 Tonnes)","20222","2022Q2","-","All directions","IEORK","Cork","000 Tonnes","571"
"TBQ04C05","Loaded Units (000 Tonnes)","20222","2022Q2","-","All directions","IEWAT","Waterford","000 Tonnes","95"
"TBQ04C05","Loaded Units (000 Tonnes)","20222","2022Q2","-","All directions","IEFOV","Shannon Foynes","000 Tonnes",""
"TBQ04C05","Loaded Units (000 Tonnes)","20222","2022Q2","1","Inward","IEMIP","All Main Irish Ports","000 Tonnes","1265"
"TBQ04C05","Loaded Units (000 Tonnes)","20222","2022Q2","1","Inward","IEDUB","Dublin","000 Tonnes","933"
"TBQ04C05","Loaded Units (000 Tonnes)","20222","2022Q2","1","Inward","IEORK","Cork","000 Tonnes","289"
"TBQ04C05","Loaded Units (000 Tonnes)","20222","2022Q2","1","Inward","IEWAT","Waterford","000 Tonnes","43"
"TBQ04C05","Loaded Units (000 Tonnes)","20222","2022Q2","1","Inward","IEFOV","Shannon Foynes","000 Tonnes",""
"TBQ04C05","Loaded Units (000 Tonnes)","20222","2022Q2","2","Outward","IEMIP","All Main Irish Ports","000 Tonnes","1021"
"TBQ04C05","Loaded Units (000 Tonnes)","20222","2022Q2","2","Outward","IEDUB","Dublin","000 Tonnes","687"
"TBQ04C05","Loaded Units (000 Tonnes)","20222","2022Q2","2","Outward","IEORK","Cork","000 Tonnes","282"
"TBQ04C05","Loaded Units (000 Tonnes)","20222","2022Q2","2","Outward","IEWAT","Waterford","000 Tonnes","52"
"TBQ04C05","Loaded Units (000 Tonnes)","20222","2022Q2","2","Outward","IEFOV","Shannon Foynes","000 Tonnes",""
"TBQ04C05","Loaded Units (000 Tonnes)","20223","2022Q3","-","All directions","IEMIP","All Main Irish Ports","000 Tonnes","2162"
"TBQ04C05","Loaded Units (000 Tonnes)","20223","2022Q3","-","All directions","IEDUB","Dublin","000 Tonnes","1541"
"TBQ04C05","Loaded Units (000 Tonnes)","20223","2022Q3","-","All directions","IEORK","Cork","000 Tonnes","538"
"TBQ04C05","Loaded Units (000 Tonnes)","20223","2022Q3","-","All directions","IEWAT","Waterford","000 Tonnes","83"
"TBQ04C05","Loaded Units (000 Tonnes)","20223","2022Q3","-","All directions","IEFOV","Shannon Foynes","000 Tonnes",""
"TBQ04C05","Loaded Units (000 Tonnes)","20223","2022Q3","1","Inward","IEMIP","All Main Irish Ports","000 Tonnes","1190"
"TBQ04C05","Loaded Units (000 Tonnes)","20223","2022Q3","1","Inward","IEDUB","Dublin","000 Tonnes","888"
"TBQ04C05","Loaded Units (000 Tonnes)","20223","2022Q3","1","Inward","IEORK","Cork","000 Tonnes","265"
"TBQ04C05","Loaded Units (000 Tonnes)","20223","2022Q3","1","Inward","IEWAT","Waterford","000 Tonnes","37"
"TBQ04C05","Loaded Units (000 Tonnes)","20223","2022Q3","1","Inward","IEFOV","Shannon Foynes","000 Tonnes",""
"TBQ04C05","Loaded Units (000 Tonnes)","20223","2022Q3","2","Outward","IEMIP","All Main Irish Ports","000 Tonnes","972"
"TBQ04C05","Loaded Units (000 Tonnes)","20223","2022Q3","2","Outward","IEDUB","Dublin","000 Tonnes","653"
"TBQ04C05","Loaded Units (000 Tonnes)","20223","2022Q3","2","Outward","IEORK","Cork","000 Tonnes","273"
"TBQ04C05","Loaded Units (000 Tonnes)","20223","2022Q3","2","Outward","IEWAT","Waterford","000 Tonnes","46"
"TBQ04C05","Loaded Units (000 Tonnes)","20223","2022Q3","2","Outward","IEFOV","Shannon Foynes","000 Tonnes",""
"TBQ04C05","Loaded Units (000 Tonnes)","20224","2022Q4","-","All directions","IEMIP","All Main Irish Ports","000 Tonnes","1996"
"TBQ04C05","Loaded Units (000 Tonnes)","20224","2022Q4","-","All directions","IEDUB","Dublin","000 Tonnes","1404"
"TBQ04C05","Loaded Units (000 Tonnes)","20224","2022Q4","-","All directions","IEORK","Cork","000 Tonnes","516"
"TBQ04C05","Loaded Units (000 Tonnes)","20224","2022Q4","-","All directions","IEWAT","Waterford","000 Tonnes","77"
"TBQ04C05","Loaded Units (000 Tonnes)","20224","2022Q4","-","All directions","IEFOV","Shannon Foynes","000 Tonnes",""
"TBQ04C05","Loaded Units (000 Tonnes)","20224","2022Q4","1","Inward","IEMIP","All Main Irish Ports","000 Tonnes","1084"
"TBQ04C05","Loaded Units (000 Tonnes)","20224","2022Q4","1","Inward","IEDUB","Dublin","000 Tonnes","795"
"TBQ04C05","Loaded Units (000 Tonnes)","20224","2022Q4","1","Inward","IEORK","Cork","000 Tonnes","254"
"TBQ04C05","Loaded Units (000 Tonnes)","20224","2022Q4","1","Inward","IEWAT","Waterford","000 Tonnes","35"
"TBQ04C05","Loaded Units (000 Tonnes)","20224","2022Q4","1","Inward","IEFOV","Shannon Foynes","000 Tonnes",""
"TBQ04C05","Loaded Units (000 Tonnes)","20224","2022Q4","2","Outward","IEMIP","All Main Irish Ports","000 Tonnes","913"
"TBQ04C05","Loaded Units (000 Tonnes)","20224","2022Q4","2","Outward","IEDUB","Dublin","000 Tonnes","609"
"TBQ04C05","Loaded Units (000 Tonnes)","20224","2022Q4","2","Outward","IEORK","Cork","000 Tonnes","262"
"TBQ04C05","Loaded Units (000 Tonnes)","20224","2022Q4","2","Outward","IEWAT","Waterford","000 Tonnes","42"
"TBQ04C05","Loaded Units (000 Tonnes)","20224","2022Q4","2","Outward","IEFOV","Shannon Foynes","000 Tonnes",""
"TBQ04C05","Loaded Units (000 Tonnes)","20231","2023Q1","-","All directions","IEMIP","All Main Irish Ports","000 Tonnes","1945"
"TBQ04C05","Loaded Units (000 Tonnes)","20231","2023Q1","-","All directions","IEDUB","Dublin","000 Tonnes","1394"
"TBQ04C05","Loaded Units (000 Tonnes)","20231","2023Q1","-","All directions","IEORK","Cork","000 Tonnes","491"
"TBQ04C05","Loaded Units (000 Tonnes)","20231","2023Q1","-","All directions","IEWAT","Waterford","000 Tonnes","61"
"TBQ04C05","Loaded Units (000 Tonnes)","20231","2023Q1","-","All directions","IEFOV","Shannon Foynes","000 Tonnes",""
"TBQ04C05","Loaded Units (000 Tonnes)","20231","2023Q1","1","Inward","IEMIP","All Main Irish Ports","000 Tonnes","1106"
"TBQ04C05","Loaded Units (000 Tonnes)","20231","2023Q1","1","Inward","IEDUB","Dublin","000 Tonnes","811"
"TBQ04C05","Loaded Units (000 Tonnes)","20231","2023Q1","1","Inward","IEORK","Cork","000 Tonnes","263"
"TBQ04C05","Loaded Units (000 Tonnes)","20231","2023Q1","1","Inward","IEWAT","Waterford","000 Tonnes","32"
"TBQ04C05","Loaded Units (000 Tonnes)","20231","2023Q1","1","Inward","IEFOV","Shannon Foynes","000 Tonnes",""
"TBQ04C05","Loaded Units (000 Tonnes)","20231","2023Q1","2","Outward","IEMIP","All Main Irish Ports","000 Tonnes","839"
"TBQ04C05","Loaded Units (000 Tonnes)","20231","2023Q1","2","Outward","IEDUB","Dublin","000 Tonnes","582"
"TBQ04C05","Loaded Units (000 Tonnes)","20231","2023Q1","2","Outward","IEORK","Cork","000 Tonnes","228"
"TBQ04C05","Loaded Units (000 Tonnes)","20231","2023Q1","2","Outward","IEWAT","Waterford","000 Tonnes","29"
"TBQ04C05","Loaded Units (000 Tonnes)","20231","2023Q1","2","Outward","IEFOV","Shannon Foynes","000 Tonnes",""
"TBQ04C05","Loaded Units (000 Tonnes)","20232","2023Q2","-","All directions","IEMIP","All Main Irish Ports","000 Tonnes","2076"
"TBQ04C05","Loaded Units (000 Tonnes)","20232","2023Q2","-","All directions","IEDUB","Dublin","000 Tonnes","1487"
"TBQ04C05","Loaded Units (000 Tonnes)","20232","2023Q2","-","All directions","IEORK","Cork","000 Tonnes","516"
"TBQ04C05","Loaded Units (000 Tonnes)","20232","2023Q2","-","All directions","IEWAT","Waterford","000 Tonnes","74"
"TBQ04C05","Loaded Units (000 Tonnes)","20232","2023Q2","-","All directions","IEFOV","Shannon Foynes","000 Tonnes",""
"TBQ04C05","Loaded Units (000 Tonnes)","20232","2023Q2","1","Inward","IEMIP","All Main Irish Ports","000 Tonnes","1167"
"TBQ04C05","Loaded Units (000 Tonnes)","20232","2023Q2","1","Inward","IEDUB","Dublin","000 Tonnes","884"
"TBQ04C05","Loaded Units (000 Tonnes)","20232","2023Q2","1","Inward","IEORK","Cork","000 Tonnes","254"
"TBQ04C05","Loaded Units (000 Tonnes)","20232","2023Q2","1","Inward","IEWAT","Waterford","000 Tonnes","29"
"TBQ04C05","Loaded Units (000 Tonnes)","20232","2023Q2","1","Inward","IEFOV","Shannon Foynes","000 Tonnes",""
"TBQ04C05","Loaded Units (000 Tonnes)","20232","2023Q2","2","Outward","IEMIP","All Main Irish Ports","000 Tonnes","909"
"TBQ04C05","Loaded Units (000 Tonnes)","20232","2023Q2","2","Outward","IEDUB","Dublin","000 Tonnes","603"
"TBQ04C05","Loaded Units (000 Tonnes)","20232","2023Q2","2","Outward","IEORK","Cork","000 Tonnes","262"
"TBQ04C05","Loaded Units (000 Tonnes)","20232","2023Q2","2","Outward","IEWAT","Waterford","000 Tonnes","45"
"TBQ04C05","Loaded Units (000 Tonnes)","20232","2023Q2","2","Outward","IEFOV","Shannon Foynes","000 Tonnes",""
"TBQ04C05","Loaded Units (000 Tonnes)","20233","2023Q3","-","All directions","IEMIP","All Main Irish Ports","000 Tonnes","1761"
"TBQ04C05","Loaded Units (000 Tonnes)","20233","2023Q3","-","All directions","IEDUB","Dublin","000 Tonnes","1180"
"TBQ04C05","Loaded Units (000 Tonnes)","20233","2023Q3","-","All directions","IEORK","Cork","000 Tonnes","514"
"TBQ04C05","Loaded Units (000 Tonnes)","20233","2023Q3","-","All directions","IEWAT","Waterford","000 Tonnes","66"
"TBQ04C05","Loaded Units (000 Tonnes)","20233","2023Q3","-","All directions","IEFOV","Shannon Foynes","000 Tonnes",""
"TBQ04C05","Loaded Units (000 Tonnes)","20233","2023Q3","1","Inward","IEMIP","All Main Irish Ports","000 Tonnes","1161"
"TBQ04C05","Loaded Units (000 Tonnes)","20233","2023Q3","1","Inward","IEDUB","Dublin","000 Tonnes","883"
"TBQ04C05","Loaded Units (000 Tonnes)","20233","2023Q3","1","Inward","IEORK","Cork","000 Tonnes","250"
"TBQ04C05","Loaded Units (000 Tonnes)","20233","2023Q3","1","Inward","IEWAT","Waterford","000 Tonnes","27"
"TBQ04C05","Loaded Units (000 Tonnes)","20233","2023Q3","1","Inward","IEFOV","Shannon Foynes","000 Tonnes",""
"TBQ04C05","Loaded Units (000 Tonnes)","20233","2023Q3","2","Outward","IEMIP","All Main Irish Ports","000 Tonnes","600"
"TBQ04C05","Loaded Units (000 Tonnes)","20233","2023Q3","2","Outward","IEDUB","Dublin","000 Tonnes","297"
"TBQ04C05","Loaded Units (000 Tonnes)","20233","2023Q3","2","Outward","IEORK","Cork","000 Tonnes","264"
"TBQ04C05","Loaded Units (000 Tonnes)","20233","2023Q3","2","Outward","IEWAT","Waterford","000 Tonnes","39"
"TBQ04C05","Loaded Units (000 Tonnes)","20233","2023Q3","2","Outward","IEFOV","Shannon Foynes","000 Tonnes",""
"TBQ04C05","Loaded Units (000 Tonnes)","20234","2023Q4","-","All directions","IEMIP","All Main Irish Ports","000 Tonnes","2034"
"TBQ04C05","Loaded Units (000 Tonnes)","20234","2023Q4","-","All directions","IEDUB","Dublin","000 Tonnes","1453"
"TBQ04C05","Loaded Units (000 Tonnes)","20234","2023Q4","-","All directions","IEORK","Cork","000 Tonnes","522"
"TBQ04C05","Loaded Units (000 Tonnes)","20234","2023Q4","-","All directions","IEWAT","Waterford","000 Tonnes","59"
"TBQ04C05","Loaded Units (000 Tonnes)","20234","2023Q4","-","All directions","IEFOV","Shannon Foynes","000 Tonnes",""
"TBQ04C05","Loaded Units (000 Tonnes)","20234","2023Q4","1","Inward","IEMIP","All Main Irish Ports","000 Tonnes","1128"
"TBQ04C05","Loaded Units (000 Tonnes)","20234","2023Q4","1","Inward","IEDUB","Dublin","000 Tonnes","852"
"TBQ04C05","Loaded Units (000 Tonnes)","20234","2023Q4","1","Inward","IEORK","Cork","000 Tonnes","252"
"TBQ04C05","Loaded Units (000 Tonnes)","20234","2023Q4","1","Inward","IEWAT","Waterford","000 Tonnes","25"
"TBQ04C05","Loaded Units (000 Tonnes)","20234","2023Q4","1","Inward","IEFOV","Shannon Foynes","000 Tonnes",""
"TBQ04C05","Loaded Units (000 Tonnes)","20234","2023Q4","2","Outward","IEMIP","All Main Irish Ports","000 Tonnes","906"
"TBQ04C05","Loaded Units (000 Tonnes)","20234","2023Q4","2","Outward","IEDUB","Dublin","000 Tonnes","602"
"TBQ04C05","Loaded Units (000 Tonnes)","20234","2023Q4","2","Outward","IEORK","Cork","000 Tonnes","271"
"TBQ04C05","Loaded Units (000 Tonnes)","20234","2023Q4","2","Outward","IEWAT","Waterford","000 Tonnes","34"
"TBQ04C05","Loaded Units (000 Tonnes)","20234","2023Q4","2","Outward","IEFOV","Shannon Foynes","000 Tonnes",""
"TBQ04C05","Loaded Units (000 Tonnes)","20241","2024Q1","-","All directions","IEMIP","All Main Irish Ports","000 Tonnes","2057"
"TBQ04C05","Loaded Units (000 Tonnes)","20241","2024Q1","-","All directions","IEDUB","Dublin","000 Tonnes","1490"
"TBQ04C05","Loaded Units (000 Tonnes)","20241","2024Q1","-","All directions","IEORK","Cork","000 Tonnes","514"
"TBQ04C05","Loaded Units (000 Tonnes)","20241","2024Q1","-","All directions","IEWAT","Waterford","000 Tonnes","53"
"TBQ04C05","Loaded Units (000 Tonnes)","20241","2024Q1","-","All directions","IEFOV","Shannon Foynes","000 Tonnes",""
"TBQ04C05","Loaded Units (000 Tonnes)","20241","2024Q1","1","Inward","IEMIP","All Main Irish Ports","000 Tonnes","1187"
"TBQ04C05","Loaded Units (000 Tonnes)","20241","2024Q1","1","Inward","IEDUB","Dublin","000 Tonnes","887"
"TBQ04C05","Loaded Units (000 Tonnes)","20241","2024Q1","1","Inward","IEORK","Cork","000 Tonnes","276"
"TBQ04C05","Loaded Units (000 Tonnes)","20241","2024Q1","1","Inward","IEWAT","Waterford","000 Tonnes","24"
"TBQ04C05","Loaded Units (000 Tonnes)","20241","2024Q1","1","Inward","IEFOV","Shannon Foynes","000 Tonnes",""
"TBQ04C05","Loaded Units (000 Tonnes)","20241","2024Q1","2","Outward","IEMIP","All Main Irish Ports","000 Tonnes","870"
"TBQ04C05","Loaded Units (000 Tonnes)","20241","2024Q1","2","Outward","IEDUB","Dublin","000 Tonnes","603"
"TBQ04C05","Loaded Units (000 Tonnes)","20241","2024Q1","2","Outward","IEORK","Cork","000 Tonnes","238"
"TBQ04C05","Loaded Units (000 Tonnes)","20241","2024Q1","2","Outward","IEWAT","Waterford","000 Tonnes","29"
"TBQ04C05","Loaded Units (000 Tonnes)","20241","2024Q1","2","Outward","IEFOV","Shannon Foynes","000 Tonnes",""
"TBQ04C05","Loaded Units (000 Tonnes)","20242","2024Q2","-","All directions","IEMIP","All Main Irish Ports","000 Tonnes","2270"
"TBQ04C05","Loaded Units (000 Tonnes)","20242","2024Q2","-","All directions","IEDUB","Dublin","000 Tonnes","1636"
"TBQ04C05","Loaded Units (000 Tonnes)","20242","2024Q2","-","All directions","IEORK","Cork","000 Tonnes","552"
"TBQ04C05","Loaded Units (000 Tonnes)","20242","2024Q2","-","All directions","IEWAT","Waterford","000 Tonnes","81"
"TBQ04C05","Loaded Units (000 Tonnes)","20242","2024Q2","-","All directions","IEFOV","Shannon Foynes","000 Tonnes",""
"TBQ04C05","Loaded Units (000 Tonnes)","20242","2024Q2","1","Inward","IEMIP","All Main Irish Ports","000 Tonnes","1282"
"TBQ04C05","Loaded Units (000 Tonnes)","20242","2024Q2","1","Inward","IEDUB","Dublin","000 Tonnes","975"
"TBQ04C05","Loaded Units (000 Tonnes)","20242","2024Q2","1","Inward","IEORK","Cork","000 Tonnes","277"
"TBQ04C05","Loaded Units (000 Tonnes)","20242","2024Q2","1","Inward","IEWAT","Waterford","000 Tonnes","30"
"TBQ04C05","Loaded Units (000 Tonnes)","20242","2024Q2","1","Inward","IEFOV","Shannon Foynes","000 Tonnes",""
"TBQ04C05","Loaded Units (000 Tonnes)","20242","2024Q2","2","Outward","IEMIP","All Main Irish Ports","000 Tonnes","988"
"TBQ04C05","Loaded Units (000 Tonnes)","20242","2024Q2","2","Outward","IEDUB","Dublin","000 Tonnes","661"
"TBQ04C05","Loaded Units (000 Tonnes)","20242","2024Q2","2","Outward","IEORK","Cork","000 Tonnes","275"
"TBQ04C05","Loaded Units (000 Tonnes)","20242","2024Q2","2","Outward","IEWAT","Waterford","000 Tonnes","52"
"TBQ04C05","Loaded Units (000 Tonnes)","20242","2024Q2","2","Outward","IEFOV","Shannon Foynes","000 Tonnes",""
"TBQ04C05","Loaded Units (000 Tonnes)","20243","2024Q3","-","All directions","IEMIP","All Main Irish Ports","000 Tonnes","2333"
"TBQ04C05","Loaded Units (000 Tonnes)","20243","2024Q3","-","All directions","IEDUB","Dublin","000 Tonnes","1682"
"TBQ04C05","Loaded Units (000 Tonnes)","20243","2024Q3","-","All directions","IEORK","Cork","000 Tonnes","563"
"TBQ04C05","Loaded Units (000 Tonnes)","20243","2024Q3","-","All directions","IEWAT","Waterford","000 Tonnes","88"
"TBQ04C05","Loaded Units (000 Tonnes)","20243","2024Q3","-","All directions","IEFOV","Shannon Foynes","000 Tonnes",""
"TBQ04C05","Loaded Units (000 Tonnes)","20243","2024Q3","1","Inward","IEMIP","All Main Irish Ports","000 Tonnes","1341"
"TBQ04C05","Loaded Units (000 Tonnes)","20243","2024Q3","1","Inward","IEDUB","Dublin","000 Tonnes","1027"
"TBQ04C05","Loaded Units (000 Tonnes)","20243","2024Q3","1","Inward","IEORK","Cork","000 Tonnes","282"
"TBQ04C05","Loaded Units (000 Tonnes)","20243","2024Q3","1","Inward","IEWAT","Waterford","000 Tonnes","32"
"TBQ04C05","Loaded Units (000 Tonnes)","20243","2024Q3","1","Inward","IEFOV","Shannon Foynes","000 Tonnes",""
"TBQ04C05","Loaded Units (000 Tonnes)","20243","2024Q3","2","Outward","IEMIP","All Main Irish Ports","000 Tonnes","992"
"TBQ04C05","Loaded Units (000 Tonnes)","20243","2024Q3","2","Outward","IEDUB","Dublin","000 Tonnes","655"
"TBQ04C05","Loaded Units (000 Tonnes)","20243","2024Q3","2","Outward","IEORK","Cork","000 Tonnes","281"
"TBQ04C05","Loaded Units (000 Tonnes)","20243","2024Q3","2","Outward","IEWAT","Waterford","000 Tonnes","56"
"TBQ04C05","Loaded Units (000 Tonnes)","20243","2024Q3","2","Outward","IEFOV","Shannon Foynes","000 Tonnes",""
"TBQ04C05","Loaded Units (000 Tonnes)","20244","2024Q4","-","All directions","IEMIP","All Main Irish Ports","000 Tonnes","2226"
"TBQ04C05","Loaded Units (000 Tonnes)","20244","2024Q4","-","All directions","IEDUB","Dublin","000 Tonnes","1601"
"TBQ04C05","Loaded Units (000 Tonnes)","20244","2024Q4","-","All directions","IEORK","Cork","000 Tonnes","544"
"TBQ04C05","Loaded Units (000 Tonnes)","20244","2024Q4","-","All directions","IEWAT","Waterford","000 Tonnes","81"
"TBQ04C05","Loaded Units (000 Tonnes)","20244","2024Q4","-","All directions","IEFOV","Shannon Foynes","000 Tonnes",""
"TBQ04C05","Loaded Units (000 Tonnes)","20244","2024Q4","1","Inward","IEMIP","All Main Irish Ports","000 Tonnes","1284"
"TBQ04C05","Loaded Units (000 Tonnes)","20244","2024Q4","1","Inward","IEDUB","Dublin","000 Tonnes","987"
"TBQ04C05","Loaded Units (000 Tonnes)","20244","2024Q4","1","Inward","IEORK","Cork","000 Tonnes","269"
"TBQ04C05","Loaded Units (000 Tonnes)","20244","2024Q4","1","Inward","IEWAT","Waterford","000 Tonnes","28"
"TBQ04C05","Loaded Units (000 Tonnes)","20244","2024Q4","1","Inward","IEFOV","Shannon Foynes","000 Tonnes",""
"TBQ04C05","Loaded Units (000 Tonnes)","20244","2024Q4","2","Outward","IEMIP","All Main Irish Ports","000 Tonnes","943"
"TBQ04C05","Loaded Units (000 Tonnes)","20244","2024Q4","2","Outward","IEDUB","Dublin","000 Tonnes","614"
"TBQ04C05","Loaded Units (000 Tonnes)","20244","2024Q4","2","Outward","IEORK","Cork","000 Tonnes","276"
"TBQ04C05","Loaded Units (000 Tonnes)","20244","2024Q4","2","Outward","IEWAT","Waterford","000 Tonnes","53"
"TBQ04C05","Loaded Units (000 Tonnes)","20244","2024Q4","2","Outward","IEFOV","Shannon Foynes","000 Tonnes",""
"TBQ04C05","Loaded Units (000 Tonnes)","20251","2025Q1","-","All directions","IEMIP","All Main Irish Ports","000 Tonnes","2236"
"TBQ04C05","Loaded Units (000 Tonnes)","20251","2025Q1","-","All directions","IEDUB","Dublin","000 Tonnes","1611"
"TBQ04C05","Loaded Units (000 Tonnes)","20251","2025Q1","-","All directions","IEORK","Cork","000 Tonnes","531"
"TBQ04C05","Loaded Units (000 Tonnes)","20251","2025Q1","-","All directions","IEWAT","Waterford","000 Tonnes","65"
"TBQ04C05","Loaded Units (000 Tonnes)","20251","2025Q1","-","All directions","IEFOV","Shannon Foynes","000 Tonnes","30"
"TBQ04C05","Loaded Units (000 Tonnes)","20251","2025Q1","1","Inward","IEMIP","All Main Irish Ports","000 Tonnes","1301"
"TBQ04C05","Loaded Units (000 Tonnes)","20251","2025Q1","1","Inward","IEDUB","Dublin","000 Tonnes","998"
"TBQ04C05","Loaded Units (000 Tonnes)","20251","2025Q1","1","Inward","IEORK","Cork","000 Tonnes","275"
"TBQ04C05","Loaded Units (000 Tonnes)","20251","2025Q1","1","Inward","IEWAT","Waterford","000 Tonnes","29"
"TBQ04C05","Loaded Units (000 Tonnes)","20251","2025Q1","1","Inward","IEFOV","Shannon Foynes","000 Tonnes","0"
"TBQ04C05","Loaded Units (000 Tonnes)","20251","2025Q1","2","Outward","IEMIP","All Main Irish Ports","000 Tonnes","935"
"TBQ04C05","Loaded Units (000 Tonnes)","20251","2025Q1","2","Outward","IEDUB","Dublin","000 Tonnes","613"
"TBQ04C05","Loaded Units (000 Tonnes)","20251","2025Q1","2","Outward","IEORK","Cork","000 Tonnes","257"
"TBQ04C05","Loaded Units (000 Tonnes)","20251","2025Q1","2","Outward","IEWAT","Waterford","000 Tonnes","36"
"TBQ04C05","Loaded Units (000 Tonnes)","20251","2025Q1","2","Outward","IEFOV","Shannon Foynes","000 Tonnes","30"
"TBQ04C05","Loaded Units (000 Tonnes)","20252","2025Q2","-","All directions","IEMIP","All Main Irish Ports","000 Tonnes","2503"
"TBQ04C05","Loaded Units (000 Tonnes)","20252","2025Q2","-","All directions","IEDUB","Dublin","000 Tonnes","1827"
"TBQ04C05","Loaded Units (000 Tonnes)","20252","2025Q2","-","All directions","IEORK","Cork","000 Tonnes","582"
"TBQ04C05","Loaded Units (000 Tonnes)","20252","2025Q2","-","All directions","IEWAT","Waterford","000 Tonnes","91"
"TBQ04C05","Loaded Units (000 Tonnes)","20252","2025Q2","-","All directions","IEFOV","Shannon Foynes","000 Tonnes","3"
"TBQ04C05","Loaded Units (000 Tonnes)","20252","2025Q2","1","Inward","IEMIP","All Main Irish Ports","000 Tonnes","1432"
"TBQ04C05","Loaded Units (000 Tonnes)","20252","2025Q2","1","Inward","IEDUB","Dublin","000 Tonnes","1109"
"TBQ04C05","Loaded Units (000 Tonnes)","20252","2025Q2","1","Inward","IEORK","Cork","000 Tonnes","290"
"TBQ04C05","Loaded Units (000 Tonnes)","20252","2025Q2","1","Inward","IEWAT","Waterford","000 Tonnes","33"
"TBQ04C05","Loaded Units (000 Tonnes)","20252","2025Q2","1","Inward","IEFOV","Shannon Foynes","000 Tonnes","0"
"TBQ04C05","Loaded Units (000 Tonnes)","20252","2025Q2","2","Outward","IEMIP","All Main Irish Ports","000 Tonnes","1071"
"TBQ04C05","Loaded Units (000 Tonnes)","20252","2025Q2","2","Outward","IEDUB","Dublin","000 Tonnes","718"
"TBQ04C05","Loaded Units (000 Tonnes)","20252","2025Q2","2","Outward","IEORK","Cork","000 Tonnes","292"
"TBQ04C05","Loaded Units (000 Tonnes)","20252","2025Q2","2","Outward","IEWAT","Waterford","000 Tonnes","58"
"TBQ04C05","Loaded Units (000 Tonnes)","20252","2025Q2","2","Outward","IEFOV","Shannon Foynes","000 Tonnes","3"
"TBQ04C05","Loaded Units (000 Tonnes)","20253","2025Q3","-","All directions","IEMIP","All Main Irish Ports","000 Tonnes","2477"
"TBQ04C05","Loaded Units (000 Tonnes)","20253","2025Q3","-","All directions","IEDUB","Dublin","000 Tonnes","1779"
"TBQ04C05","Loaded Units (000 Tonnes)","20253","2025Q3","-","All directions","IEORK","Cork","000 Tonnes","591"
"TBQ04C05","Loaded Units (000 Tonnes)","20253","2025Q3","-","All directions","IEWAT","Waterford","000 Tonnes","100"
"TBQ04C05","Loaded Units (000 Tonnes)","20253","2025Q3","-","All directions","IEFOV","Shannon Foynes","000 Tonnes","6"
"TBQ04C05","Loaded Units (000 Tonnes)","20253","2025Q3","1","Inward","IEMIP","All Main Irish Ports","000 Tonnes","1402"
"TBQ04C05","Loaded Units (000 Tonnes)","20253","2025Q3","1","Inward","IEDUB","Dublin","000 Tonnes","1084"
"TBQ04C05","Loaded Units (000 Tonnes)","20253","2025Q3","1","Inward","IEORK","Cork","000 Tonnes","289"
"TBQ04C05","Loaded Units (000 Tonnes)","20253","2025Q3","1","Inward","IEWAT","Waterford","000 Tonnes","30"
"TBQ04C05","Loaded Units (000 Tonnes)","20253","2025Q3","1","Inward","IEFOV","Shannon Foynes","000 Tonnes","0"
"TBQ04C05","Loaded Units (000 Tonnes)","20253","2025Q3","2","Outward","IEMIP","All Main Irish Ports","000 Tonnes","1074"
"TBQ04C05","Loaded Units (000 Tonnes)","20253","2025Q3","2","Outward","IEDUB","Dublin","000 Tonnes","695"
"TBQ04C05","Loaded Units (000 Tonnes)","20253","2025Q3","2","Outward","IEORK","Cork","000 Tonnes","303"
"TBQ04C05","Loaded Units (000 Tonnes)","20253","2025Q3","2","Outward","IEWAT","Waterford","000 Tonnes","70"
"TBQ04C05","Loaded Units (000 Tonnes)","20253","2025Q3","2","Outward","IEFOV","Shannon Foynes","000 Tonnes","6"
"TBQ04C05","Loaded Units (000 Tonnes)","20254","2025Q4","-","All directions","IEMIP","All Main Irish Ports","000 Tonnes","2459"
"TBQ04C05","Loaded Units (000 Tonnes)","20254","2025Q4","-","All directions","IEDUB","Dublin","000 Tonnes","1808"
"TBQ04C05","Loaded Units (000 Tonnes)","20254","2025Q4","-","All directions","IEORK","Cork","000 Tonnes","574"
"TBQ04C05","Loaded Units (000 Tonnes)","20254","2025Q4","-","All directions","IEWAT","Waterford","000 Tonnes","67"
"TBQ04C05","Loaded Units (000 Tonnes)","20254","2025Q4","-","All directions","IEFOV","Shannon Foynes","000 Tonnes","10"
"TBQ04C05","Loaded Units (000 Tonnes)","20254","2025Q4","1","Inward","IEMIP","All Main Irish Ports","000 Tonnes","1379"
"TBQ04C05","Loaded Units (000 Tonnes)","20254","2025Q4","1","Inward","IEDUB","Dublin","000 Tonnes","1074"
"TBQ04C05","Loaded Units (000 Tonnes)","20254","2025Q4","1","Inward","IEORK","Cork","000 Tonnes","278"
"TBQ04C05","Loaded Units (000 Tonnes)","20254","2025Q4","1","Inward","IEWAT","Waterford","000 Tonnes","27"
"TBQ04C05","Loaded Units (000 Tonnes)","20254","2025Q4","1","Inward","IEFOV","Shannon Foynes","000 Tonnes","0"
"TBQ04C05","Loaded Units (000 Tonnes)","20254","2025Q4","2","Outward","IEMIP","All Main Irish Ports","000 Tonnes","1080"
"TBQ04C05","Loaded Units (000 Tonnes)","20254","2025Q4","2","Outward","IEDUB","Dublin","000 Tonnes","734"
"TBQ04C05","Loaded Units (000 Tonnes)","20254","2025Q4","2","Outward","IEORK","Cork","000 Tonnes","296"
"TBQ04C05","Loaded Units (000 Tonnes)","20254","2025Q4","2","Outward","IEWAT","Waterford","000 Tonnes","40"
"TBQ04C05","Loaded Units (000 Tonnes)","20254","2025Q4","2","Outward","IEFOV","Shannon Foynes","000 Tonnes","10"
"TBQ04C05","Loaded Units (000 Tonnes)","20261","2026Q1","-","All directions","IEMIP","All Main Irish Ports","000 Tonnes","2328"
"TBQ04C05","Loaded Units (000 Tonnes)","20261","2026Q1","-","All directions","IEDUB","Dublin","000 Tonnes","1711"
"TBQ04C05","Loaded Units (000 Tonnes)","20261","2026Q1","-","All directions","IEORK","Cork","000 Tonnes","550"
"TBQ04C05","Loaded Units (000 Tonnes)","20261","2026Q1","-","All directions","IEWAT","Waterford","000 Tonnes","55"
"TBQ04C05","Loaded Units (000 Tonnes)","20261","2026Q1","-","All directions","IEFOV","Shannon Foynes","000 Tonnes","13"
"TBQ04C05","Loaded Units (000 Tonnes)","20261","2026Q1","1","Inward","IEMIP","All Main Irish Ports","000 Tonnes","1344"
"TBQ04C05","Loaded Units (000 Tonnes)","20261","2026Q1","1","Inward","IEDUB","Dublin","000 Tonnes","1036"
"TBQ04C05","Loaded Units (000 Tonnes)","20261","2026Q1","1","Inward","IEORK","Cork","000 Tonnes","283"
"TBQ04C05","Loaded Units (000 Tonnes)","20261","2026Q1","1","Inward","IEWAT","Waterford","000 Tonnes","25"
"TBQ04C05","Loaded Units (000 Tonnes)","20261","2026Q1","1","Inward","IEFOV","Shannon Foynes","000 Tonnes",""
"TBQ04C05","Loaded Units (000 Tonnes)","20261","2026Q1","2","Outward","IEMIP","All Main Irish Ports","000 Tonnes","985"
"TBQ04C05","Loaded Units (000 Tonnes)","20261","2026Q1","2","Outward","IEDUB","Dublin","000 Tonnes","675"
"TBQ04C05","Loaded Units (000 Tonnes)","20261","2026Q1","2","Outward","IEORK","Cork","000 Tonnes","267"
"TBQ04C05","Loaded Units (000 Tonnes)","20261","2026Q1","2","Outward","IEWAT","Waterford","000 Tonnes","30"
"TBQ04C05","Loaded Units (000 Tonnes)","20261","2026Q1","2","Outward","IEFOV","Shannon Foynes","000 Tonnes","13"
"TBQ04C06","Empty Units (Number)","20171","2017Q1","-","All directions","IEMIP","All Main Irish Ports","Number","29612"
"TBQ04C06","Empty Units (Number)","20171","2017Q1","-","All directions","IEDUB","Dublin","Number","22016"
"TBQ04C06","Empty Units (Number)","20171","2017Q1","-","All directions","IEORK","Cork","Number","6250"
"TBQ04C06","Empty Units (Number)","20171","2017Q1","-","All directions","IEWAT","Waterford","Number","1346"
"TBQ04C06","Empty Units (Number)","20171","2017Q1","-","All directions","IEFOV","Shannon Foynes","Number",""
"TBQ04C06","Empty Units (Number)","20171","2017Q1","1","Inward","IEMIP","All Main Irish Ports","Number","6403"
"TBQ04C06","Empty Units (Number)","20171","2017Q1","1","Inward","IEDUB","Dublin","Number","3031"
"TBQ04C06","Empty Units (Number)","20171","2017Q1","1","Inward","IEORK","Cork","Number","2547"
"TBQ04C06","Empty Units (Number)","20171","2017Q1","1","Inward","IEWAT","Waterford","Number","825"
"TBQ04C06","Empty Units (Number)","20171","2017Q1","1","Inward","IEFOV","Shannon Foynes","Number",""
"TBQ04C06","Empty Units (Number)","20171","2017Q1","2","Outward","IEMIP","All Main Irish Ports","Number","23209"
"TBQ04C06","Empty Units (Number)","20171","2017Q1","2","Outward","IEDUB","Dublin","Number","18985"
"TBQ04C06","Empty Units (Number)","20171","2017Q1","2","Outward","IEORK","Cork","Number","3703"
"TBQ04C06","Empty Units (Number)","20171","2017Q1","2","Outward","IEWAT","Waterford","Number","521"
"TBQ04C06","Empty Units (Number)","20171","2017Q1","2","Outward","IEFOV","Shannon Foynes","Number",""
"TBQ04C06","Empty Units (Number)","20172","2017Q2","-","All directions","IEMIP","All Main Irish Ports","Number","32570"
"TBQ04C06","Empty Units (Number)","20172","2017Q2","-","All directions","IEDUB","Dublin","Number","22969"
"TBQ04C06","Empty Units (Number)","20172","2017Q2","-","All directions","IEORK","Cork","Number","7731"
"TBQ04C06","Empty Units (Number)","20172","2017Q2","-","All directions","IEWAT","Waterford","Number","1870"
"TBQ04C06","Empty Units (Number)","20172","2017Q2","-","All directions","IEFOV","Shannon Foynes","Number",""
"TBQ04C06","Empty Units (Number)","20172","2017Q2","1","Inward","IEMIP","All Main Irish Ports","Number","8039"
"TBQ04C06","Empty Units (Number)","20172","2017Q2","1","Inward","IEDUB","Dublin","Number","2552"
"TBQ04C06","Empty Units (Number)","20172","2017Q2","1","Inward","IEORK","Cork","Number","4238"
"TBQ04C06","Empty Units (Number)","20172","2017Q2","1","Inward","IEWAT","Waterford","Number","1249"
"TBQ04C06","Empty Units (Number)","20172","2017Q2","1","Inward","IEFOV","Shannon Foynes","Number",""
"TBQ04C06","Empty Units (Number)","20172","2017Q2","2","Outward","IEMIP","All Main Irish Ports","Number","24531"
"TBQ04C06","Empty Units (Number)","20172","2017Q2","2","Outward","IEDUB","Dublin","Number","20417"
"TBQ04C06","Empty Units (Number)","20172","2017Q2","2","Outward","IEORK","Cork","Number","3493"
"TBQ04C06","Empty Units (Number)","20172","2017Q2","2","Outward","IEWAT","Waterford","Number","621"
"TBQ04C06","Empty Units (Number)","20172","2017Q2","2","Outward","IEFOV","Shannon Foynes","Number",""
"TBQ04C06","Empty Units (Number)","20173","2017Q3","-","All directions","IEMIP","All Main Irish Ports","Number","33400"
"TBQ04C06","Empty Units (Number)","20173","2017Q3","-","All directions","IEDUB","Dublin","Number","24946"
"TBQ04C06","Empty Units (Number)","20173","2017Q3","-","All directions","IEORK","Cork","Number","6862"
"TBQ04C06","Empty Units (Number)","20173","2017Q3","-","All directions","IEWAT","Waterford","Number","1592"
"TBQ04C06","Empty Units (Number)","20173","2017Q3","-","All directions","IEFOV","Shannon Foynes","Number",""
"TBQ04C06","Empty Units (Number)","20173","2017Q3","1","Inward","IEMIP","All Main Irish Ports","Number","8400"
"TBQ04C06","Empty Units (Number)","20173","2017Q3","1","Inward","IEDUB","Dublin","Number","3794"
"TBQ04C06","Empty Units (Number)","20173","2017Q3","1","Inward","IEORK","Cork","Number","3584"
"TBQ04C06","Empty Units (Number)","20173","2017Q3","1","Inward","IEWAT","Waterford","Number","1022"
"TBQ04C06","Empty Units (Number)","20173","2017Q3","1","Inward","IEFOV","Shannon Foynes","Number",""
"TBQ04C06","Empty Units (Number)","20173","2017Q3","2","Outward","IEMIP","All Main Irish Ports","Number","25000"
"TBQ04C06","Empty Units (Number)","20173","2017Q3","2","Outward","IEDUB","Dublin","Number","21152"
"TBQ04C06","Empty Units (Number)","20173","2017Q3","2","Outward","IEORK","Cork","Number","3278"
"TBQ04C06","Empty Units (Number)","20173","2017Q3","2","Outward","IEWAT","Waterford","Number","570"
"TBQ04C06","Empty Units (Number)","20173","2017Q3","2","Outward","IEFOV","Shannon Foynes","Number",""
"TBQ04C06","Empty Units (Number)","20174","2017Q4","-","All directions","IEMIP","All Main Irish Ports","Number","35917"
"TBQ04C06","Empty Units (Number)","20174","2017Q4","-","All directions","IEDUB","Dublin","Number","27240"
"TBQ04C06","Empty Units (Number)","20174","2017Q4","-","All directions","IEORK","Cork","Number","7348"
"TBQ04C06","Empty Units (Number)","20174","2017Q4","-","All directions","IEWAT","Waterford","Number","1329"
"TBQ04C06","Empty Units (Number)","20174","2017Q4","-","All directions","IEFOV","Shannon Foynes","Number",""
"TBQ04C06","Empty Units (Number)","20174","2017Q4","1","Inward","IEMIP","All Main Irish Ports","Number","9631"
"TBQ04C06","Empty Units (Number)","20174","2017Q4","1","Inward","IEDUB","Dublin","Number","4547"
"TBQ04C06","Empty Units (Number)","20174","2017Q4","1","Inward","IEORK","Cork","Number","4314"
"TBQ04C06","Empty Units (Number)","20174","2017Q4","1","Inward","IEWAT","Waterford","Number","770"
"TBQ04C06","Empty Units (Number)","20174","2017Q4","1","Inward","IEFOV","Shannon Foynes","Number",""
"TBQ04C06","Empty Units (Number)","20174","2017Q4","2","Outward","IEMIP","All Main Irish Ports","Number","26286"
"TBQ04C06","Empty Units (Number)","20174","2017Q4","2","Outward","IEDUB","Dublin","Number","22693"
"TBQ04C06","Empty Units (Number)","20174","2017Q4","2","Outward","IEORK","Cork","Number","3034"
"TBQ04C06","Empty Units (Number)","20174","2017Q4","2","Outward","IEWAT","Waterford","Number","559"
"TBQ04C06","Empty Units (Number)","20174","2017Q4","2","Outward","IEFOV","Shannon Foynes","Number",""
"TBQ04C06","Empty Units (Number)","20181","2018Q1","-","All directions","IEMIP","All Main Irish Ports","Number","31751"
"TBQ04C06","Empty Units (Number)","20181","2018Q1","-","All directions","IEDUB","Dublin","Number","23591"
"TBQ04C06","Empty Units (Number)","20181","2018Q1","-","All directions","IEORK","Cork","Number","6890"
"TBQ04C06","Empty Units (Number)","20181","2018Q1","-","All directions","IEWAT","Waterford","Number","1270"
"TBQ04C06","Empty Units (Number)","20181","2018Q1","-","All directions","IEFOV","Shannon Foynes","Number",""
"TBQ04C06","Empty Units (Number)","20181","2018Q1","1","Inward","IEMIP","All Main Irish Ports","Number","8761"
"TBQ04C06","Empty Units (Number)","20181","2018Q1","1","Inward","IEDUB","Dublin","Number","4565"
"TBQ04C06","Empty Units (Number)","20181","2018Q1","1","Inward","IEORK","Cork","Number","3601"
"TBQ04C06","Empty Units (Number)","20181","2018Q1","1","Inward","IEWAT","Waterford","Number","595"
"TBQ04C06","Empty Units (Number)","20181","2018Q1","1","Inward","IEFOV","Shannon Foynes","Number",""
"TBQ04C06","Empty Units (Number)","20181","2018Q1","2","Outward","IEMIP","All Main Irish Ports","Number","22990"
"TBQ04C06","Empty Units (Number)","20181","2018Q1","2","Outward","IEDUB","Dublin","Number","19026"
"TBQ04C06","Empty Units (Number)","20181","2018Q1","2","Outward","IEORK","Cork","Number","3289"
"TBQ04C06","Empty Units (Number)","20181","2018Q1","2","Outward","IEWAT","Waterford","Number","675"
"TBQ04C06","Empty Units (Number)","20181","2018Q1","2","Outward","IEFOV","Shannon Foynes","Number",""
"TBQ04C06","Empty Units (Number)","20182","2018Q2","-","All directions","IEMIP","All Main Irish Ports","Number","33616"
"TBQ04C06","Empty Units (Number)","20182","2018Q2","-","All directions","IEDUB","Dublin","Number","23781"
"TBQ04C06","Empty Units (Number)","20182","2018Q2","-","All directions","IEORK","Cork","Number","8168"
"TBQ04C06","Empty Units (Number)","20182","2018Q2","-","All directions","IEWAT","Waterford","Number","1667"
"TBQ04C06","Empty Units (Number)","20182","2018Q2","-","All directions","IEFOV","Shannon Foynes","Number",""
"TBQ04C06","Empty Units (Number)","20182","2018Q2","1","Inward","IEMIP","All Main Irish Ports","Number","8671"
"TBQ04C06","Empty Units (Number)","20182","2018Q2","1","Inward","IEDUB","Dublin","Number","3226"
"TBQ04C06","Empty Units (Number)","20182","2018Q2","1","Inward","IEORK","Cork","Number","4442"
"TBQ04C06","Empty Units (Number)","20182","2018Q2","1","Inward","IEWAT","Waterford","Number","1003"
"TBQ04C06","Empty Units (Number)","20182","2018Q2","1","Inward","IEFOV","Shannon Foynes","Number",""
"TBQ04C06","Empty Units (Number)","20182","2018Q2","2","Outward","IEMIP","All Main Irish Ports","Number","24945"
"TBQ04C06","Empty Units (Number)","20182","2018Q2","2","Outward","IEDUB","Dublin","Number","20555"
"TBQ04C06","Empty Units (Number)","20182","2018Q2","2","Outward","IEORK","Cork","Number","3726"
"TBQ04C06","Empty Units (Number)","20182","2018Q2","2","Outward","IEWAT","Waterford","Number","664"
"TBQ04C06","Empty Units (Number)","20182","2018Q2","2","Outward","IEFOV","Shannon Foynes","Number",""
"TBQ04C06","Empty Units (Number)","20183","2018Q3","-","All directions","IEMIP","All Main Irish Ports","Number","35474"
"TBQ04C06","Empty Units (Number)","20183","2018Q3","-","All directions","IEDUB","Dublin","Number","25075"
"TBQ04C06","Empty Units (Number)","20183","2018Q3","-","All directions","IEORK","Cork","Number","8610"
"TBQ04C06","Empty Units (Number)","20183","2018Q3","-","All directions","IEWAT","Waterford","Number","1789"
"TBQ04C06","Empty Units (Number)","20183","2018Q3","-","All directions","IEFOV","Shannon Foynes","Number",""
"TBQ04C06","Empty Units (Number)","20183","2018Q3","1","Inward","IEMIP","All Main Irish Ports","Number","7958"
"TBQ04C06","Empty Units (Number)","20183","2018Q3","1","Inward","IEDUB","Dublin","Number","2358"
"TBQ04C06","Empty Units (Number)","20183","2018Q3","1","Inward","IEORK","Cork","Number","4384"
"TBQ04C06","Empty Units (Number)","20183","2018Q3","1","Inward","IEWAT","Waterford","Number","1216"
"TBQ04C06","Empty Units (Number)","20183","2018Q3","1","Inward","IEFOV","Shannon Foynes","Number",""
"TBQ04C06","Empty Units (Number)","20183","2018Q3","2","Outward","IEMIP","All Main Irish Ports","Number","27516"
"TBQ04C06","Empty Units (Number)","20183","2018Q3","2","Outward","IEDUB","Dublin","Number","22717"
"TBQ04C06","Empty Units (Number)","20183","2018Q3","2","Outward","IEORK","Cork","Number","4226"
"TBQ04C06","Empty Units (Number)","20183","2018Q3","2","Outward","IEWAT","Waterford","Number","573"
"TBQ04C06","Empty Units (Number)","20183","2018Q3","2","Outward","IEFOV","Shannon Foynes","Number",""
"TBQ04C06","Empty Units (Number)","20184","2018Q4","-","All directions","IEMIP","All Main Irish Ports","Number","35387"
"TBQ04C06","Empty Units (Number)","20184","2018Q4","-","All directions","IEDUB","Dublin","Number","25918"
"TBQ04C06","Empty Units (Number)","20184","2018Q4","-","All directions","IEORK","Cork","Number","7565"
"TBQ04C06","Empty Units (Number)","20184","2018Q4","-","All directions","IEWAT","Waterford","Number","1904"
"TBQ04C06","Empty Units (Number)","20184","2018Q4","-","All directions","IEFOV","Shannon Foynes","Number",""
"TBQ04C06","Empty Units (Number)","20184","2018Q4","1","Inward","IEMIP","All Main Irish Ports","Number","8821"
"TBQ04C06","Empty Units (Number)","20184","2018Q4","1","Inward","IEDUB","Dublin","Number","3531"
"TBQ04C06","Empty Units (Number)","20184","2018Q4","1","Inward","IEORK","Cork","Number","3999"
"TBQ04C06","Empty Units (Number)","20184","2018Q4","1","Inward","IEWAT","Waterford","Number","1291"
"TBQ04C06","Empty Units (Number)","20184","2018Q4","1","Inward","IEFOV","Shannon Foynes","Number",""
"TBQ04C06","Empty Units (Number)","20184","2018Q4","2","Outward","IEMIP","All Main Irish Ports","Number","26566"
"TBQ04C06","Empty Units (Number)","20184","2018Q4","2","Outward","IEDUB","Dublin","Number","22387"
"TBQ04C06","Empty Units (Number)","20184","2018Q4","2","Outward","IEORK","Cork","Number","3566"
"TBQ04C06","Empty Units (Number)","20184","2018Q4","2","Outward","IEWAT","Waterford","Number","613"
"TBQ04C06","Empty Units (Number)","20184","2018Q4","2","Outward","IEFOV","Shannon Foynes","Number",""
"TBQ04C06","Empty Units (Number)","20191","2019Q1","-","All directions","IEMIP","All Main Irish Ports","Number","34814"
"TBQ04C06","Empty Units (Number)","20191","2019Q1","-","All directions","IEDUB","Dublin","Number","26179"
"TBQ04C06","Empty Units (Number)","20191","2019Q1","-","All directions","IEORK","Cork","Number","7034"
"TBQ04C06","Empty Units (Number)","20191","2019Q1","-","All directions","IEWAT","Waterford","Number","1601"
"TBQ04C06","Empty Units (Number)","20191","2019Q1","-","All directions","IEFOV","Shannon Foynes","Number",""
"TBQ04C06","Empty Units (Number)","20191","2019Q1","1","Inward","IEMIP","All Main Irish Ports","Number","9477"
"TBQ04C06","Empty Units (Number)","20191","2019Q1","1","Inward","IEDUB","Dublin","Number","5272"
"TBQ04C06","Empty Units (Number)","20191","2019Q1","1","Inward","IEORK","Cork","Number","3221"
"TBQ04C06","Empty Units (Number)","20191","2019Q1","1","Inward","IEWAT","Waterford","Number","984"
"TBQ04C06","Empty Units (Number)","20191","2019Q1","1","Inward","IEFOV","Shannon Foynes","Number",""
"TBQ04C06","Empty Units (Number)","20191","2019Q1","2","Outward","IEMIP","All Main Irish Ports","Number","25337"
"TBQ04C06","Empty Units (Number)","20191","2019Q1","2","Outward","IEDUB","Dublin","Number","20907"
"TBQ04C06","Empty Units (Number)","20191","2019Q1","2","Outward","IEORK","Cork","Number","3813"
"TBQ04C06","Empty Units (Number)","20191","2019Q1","2","Outward","IEWAT","Waterford","Number","617"
"TBQ04C06","Empty Units (Number)","20191","2019Q1","2","Outward","IEFOV","Shannon Foynes","Number",""
"TBQ04C06","Empty Units (Number)","20192","2019Q2","-","All directions","IEMIP","All Main Irish Ports","Number","38423"
"TBQ04C06","Empty Units (Number)","20192","2019Q2","-","All directions","IEDUB","Dublin","Number","27897"
"TBQ04C06","Empty Units (Number)","20192","2019Q2","-","All directions","IEORK","Cork","Number","8644"
"TBQ04C06","Empty Units (Number)","20192","2019Q2","-","All directions","IEWAT","Waterford","Number","1882"
"TBQ04C06","Empty Units (Number)","20192","2019Q2","-","All directions","IEFOV","Shannon Foynes","Number",""
"TBQ04C06","Empty Units (Number)","20192","2019Q2","1","Inward","IEMIP","All Main Irish Ports","Number","10886"
"TBQ04C06","Empty Units (Number)","20192","2019Q2","1","Inward","IEDUB","Dublin","Number","4613"
"TBQ04C06","Empty Units (Number)","20192","2019Q2","1","Inward","IEORK","Cork","Number","4838"
"TBQ04C06","Empty Units (Number)","20192","2019Q2","1","Inward","IEWAT","Waterford","Number","1435"
"TBQ04C06","Empty Units (Number)","20192","2019Q2","1","Inward","IEFOV","Shannon Foynes","Number",""
"TBQ04C06","Empty Units (Number)","20192","2019Q2","2","Outward","IEMIP","All Main Irish Ports","Number","27537"
"TBQ04C06","Empty Units (Number)","20192","2019Q2","2","Outward","IEDUB","Dublin","Number","23284"
"TBQ04C06","Empty Units (Number)","20192","2019Q2","2","Outward","IEORK","Cork","Number","3806"
"TBQ04C06","Empty Units (Number)","20192","2019Q2","2","Outward","IEWAT","Waterford","Number","447"
"TBQ04C06","Empty Units (Number)","20192","2019Q2","2","Outward","IEFOV","Shannon Foynes","Number",""
"TBQ04C06","Empty Units (Number)","20193","2019Q3","-","All directions","IEMIP","All Main Irish Ports","Number","35628"
"TBQ04C06","Empty Units (Number)","20193","2019Q3","-","All directions","IEDUB","Dublin","Number","24760"
"TBQ04C06","Empty Units (Number)","20193","2019Q3","-","All directions","IEORK","Cork","Number","8311"
"TBQ04C06","Empty Units (Number)","20193","2019Q3","-","All directions","IEWAT","Waterford","Number","2557"
"TBQ04C06","Empty Units (Number)","20193","2019Q3","-","All directions","IEFOV","Shannon Foynes","Number",""
"TBQ04C06","Empty Units (Number)","20193","2019Q3","1","Inward","IEMIP","All Main Irish Ports","Number","9306"
"TBQ04C06","Empty Units (Number)","20193","2019Q3","1","Inward","IEDUB","Dublin","Number","2736"
"TBQ04C06","Empty Units (Number)","20193","2019Q3","1","Inward","IEORK","Cork","Number","4598"
"TBQ04C06","Empty Units (Number)","20193","2019Q3","1","Inward","IEWAT","Waterford","Number","1972"
"TBQ04C06","Empty Units (Number)","20193","2019Q3","1","Inward","IEFOV","Shannon Foynes","Number",""
"TBQ04C06","Empty Units (Number)","20193","2019Q3","2","Outward","IEMIP","All Main Irish Ports","Number","26322"
"TBQ04C06","Empty Units (Number)","20193","2019Q3","2","Outward","IEDUB","Dublin","Number","22024"
"TBQ04C06","Empty Units (Number)","20193","2019Q3","2","Outward","IEORK","Cork","Number","3713"
"TBQ04C06","Empty Units (Number)","20193","2019Q3","2","Outward","IEWAT","Waterford","Number","585"
"TBQ04C06","Empty Units (Number)","20193","2019Q3","2","Outward","IEFOV","Shannon Foynes","Number",""
"TBQ04C06","Empty Units (Number)","20194","2019Q4","-","All directions","IEMIP","All Main Irish Ports","Number","37322"
"TBQ04C06","Empty Units (Number)","20194","2019Q4","-","All directions","IEDUB","Dublin","Number","27412"
"TBQ04C06","Empty Units (Number)","20194","2019Q4","-","All directions","IEORK","Cork","Number","7575"
"TBQ04C06","Empty Units (Number)","20194","2019Q4","-","All directions","IEWAT","Waterford","Number","2335"
"TBQ04C06","Empty Units (Number)","20194","2019Q4","-","All directions","IEFOV","Shannon Foynes","Number",""
"TBQ04C06","Empty Units (Number)","20194","2019Q4","1","Inward","IEMIP","All Main Irish Ports","Number","10415"
"TBQ04C06","Empty Units (Number)","20194","2019Q4","1","Inward","IEDUB","Dublin","Number","4661"
"TBQ04C06","Empty Units (Number)","20194","2019Q4","1","Inward","IEORK","Cork","Number","4025"
"TBQ04C06","Empty Units (Number)","20194","2019Q4","1","Inward","IEWAT","Waterford","Number","1729"
"TBQ04C06","Empty Units (Number)","20194","2019Q4","1","Inward","IEFOV","Shannon Foynes","Number",""
"TBQ04C06","Empty Units (Number)","20194","2019Q4","2","Outward","IEMIP","All Main Irish Ports","Number","26907"
"TBQ04C06","Empty Units (Number)","20194","2019Q4","2","Outward","IEDUB","Dublin","Number","22751"
"TBQ04C06","Empty Units (Number)","20194","2019Q4","2","Outward","IEORK","Cork","Number","3550"
"TBQ04C06","Empty Units (Number)","20194","2019Q4","2","Outward","IEWAT","Waterford","Number","606"
"TBQ04C06","Empty Units (Number)","20194","2019Q4","2","Outward","IEFOV","Shannon Foynes","Number",""
"TBQ04C06","Empty Units (Number)","20201","2020Q1","-","All directions","IEMIP","All Main Irish Ports","Number","34182"
"TBQ04C06","Empty Units (Number)","20201","2020Q1","-","All directions","IEDUB","Dublin","Number","25602"
"TBQ04C06","Empty Units (Number)","20201","2020Q1","-","All directions","IEORK","Cork","Number","6639"
"TBQ04C06","Empty Units (Number)","20201","2020Q1","-","All directions","IEWAT","Waterford","Number","1941"
"TBQ04C06","Empty Units (Number)","20201","2020Q1","-","All directions","IEFOV","Shannon Foynes","Number",""
"TBQ04C06","Empty Units (Number)","20201","2020Q1","1","Inward","IEMIP","All Main Irish Ports","Number","10072"
"TBQ04C06","Empty Units (Number)","20201","2020Q1","1","Inward","IEDUB","Dublin","Number","5340"
"TBQ04C06","Empty Units (Number)","20201","2020Q1","1","Inward","IEORK","Cork","Number","3448"
"TBQ04C06","Empty Units (Number)","20201","2020Q1","1","Inward","IEWAT","Waterford","Number","1284"
"TBQ04C06","Empty Units (Number)","20201","2020Q1","1","Inward","IEFOV","Shannon Foynes","Number",""
"TBQ04C06","Empty Units (Number)","20201","2020Q1","2","Outward","IEMIP","All Main Irish Ports","Number","24110"
"TBQ04C06","Empty Units (Number)","20201","2020Q1","2","Outward","IEDUB","Dublin","Number","20262"
"TBQ04C06","Empty Units (Number)","20201","2020Q1","2","Outward","IEORK","Cork","Number","3191"
"TBQ04C06","Empty Units (Number)","20201","2020Q1","2","Outward","IEWAT","Waterford","Number","657"
"TBQ04C06","Empty Units (Number)","20201","2020Q1","2","Outward","IEFOV","Shannon Foynes","Number",""
"TBQ04C06","Empty Units (Number)","20202","2020Q2","-","All directions","IEMIP","All Main Irish Ports","Number","35510"
"TBQ04C06","Empty Units (Number)","20202","2020Q2","-","All directions","IEDUB","Dublin","Number","24201"
"TBQ04C06","Empty Units (Number)","20202","2020Q2","-","All directions","IEORK","Cork","Number","9377"
"TBQ04C06","Empty Units (Number)","20202","2020Q2","-","All directions","IEWAT","Waterford","Number","1932"
"TBQ04C06","Empty Units (Number)","20202","2020Q2","-","All directions","IEFOV","Shannon Foynes","Number",""
"TBQ04C06","Empty Units (Number)","20202","2020Q2","1","Inward","IEMIP","All Main Irish Ports","Number","12499"
"TBQ04C06","Empty Units (Number)","20202","2020Q2","1","Inward","IEDUB","Dublin","Number","5980"
"TBQ04C06","Empty Units (Number)","20202","2020Q2","1","Inward","IEORK","Cork","Number","5272"
"TBQ04C06","Empty Units (Number)","20202","2020Q2","1","Inward","IEWAT","Waterford","Number","1247"
"TBQ04C06","Empty Units (Number)","20202","2020Q2","1","Inward","IEFOV","Shannon Foynes","Number",""
"TBQ04C06","Empty Units (Number)","20202","2020Q2","2","Outward","IEMIP","All Main Irish Ports","Number","23011"
"TBQ04C06","Empty Units (Number)","20202","2020Q2","2","Outward","IEDUB","Dublin","Number","18221"
"TBQ04C06","Empty Units (Number)","20202","2020Q2","2","Outward","IEORK","Cork","Number","4105"
"TBQ04C06","Empty Units (Number)","20202","2020Q2","2","Outward","IEWAT","Waterford","Number","685"
"TBQ04C06","Empty Units (Number)","20202","2020Q2","2","Outward","IEFOV","Shannon Foynes","Number",""
"TBQ04C06","Empty Units (Number)","20203","2020Q3","-","All directions","IEMIP","All Main Irish Ports","Number","37277"
"TBQ04C06","Empty Units (Number)","20203","2020Q3","-","All directions","IEDUB","Dublin","Number","25826"
"TBQ04C06","Empty Units (Number)","20203","2020Q3","-","All directions","IEORK","Cork","Number","9090"
"TBQ04C06","Empty Units (Number)","20203","2020Q3","-","All directions","IEWAT","Waterford","Number","2361"
"TBQ04C06","Empty Units (Number)","20203","2020Q3","-","All directions","IEFOV","Shannon Foynes","Number",""
"TBQ04C06","Empty Units (Number)","20203","2020Q3","1","Inward","IEMIP","All Main Irish Ports","Number","11060"
"TBQ04C06","Empty Units (Number)","20203","2020Q3","1","Inward","IEDUB","Dublin","Number","4074"
"TBQ04C06","Empty Units (Number)","20203","2020Q3","1","Inward","IEORK","Cork","Number","5222"
"TBQ04C06","Empty Units (Number)","20203","2020Q3","1","Inward","IEWAT","Waterford","Number","1764"
"TBQ04C06","Empty Units (Number)","20203","2020Q3","1","Inward","IEFOV","Shannon Foynes","Number",""
"TBQ04C06","Empty Units (Number)","20203","2020Q3","2","Outward","IEMIP","All Main Irish Ports","Number","26217"
"TBQ04C06","Empty Units (Number)","20203","2020Q3","2","Outward","IEDUB","Dublin","Number","21752"
"TBQ04C06","Empty Units (Number)","20203","2020Q3","2","Outward","IEORK","Cork","Number","3868"
"TBQ04C06","Empty Units (Number)","20203","2020Q3","2","Outward","IEWAT","Waterford","Number","597"
"TBQ04C06","Empty Units (Number)","20203","2020Q3","2","Outward","IEFOV","Shannon Foynes","Number",""
"TBQ04C06","Empty Units (Number)","20204","2020Q4","-","All directions","IEMIP","All Main Irish Ports","Number","40242"
"TBQ04C06","Empty Units (Number)","20204","2020Q4","-","All directions","IEDUB","Dublin","Number","30657"
"TBQ04C06","Empty Units (Number)","20204","2020Q4","-","All directions","IEORK","Cork","Number","7935"
"TBQ04C06","Empty Units (Number)","20204","2020Q4","-","All directions","IEWAT","Waterford","Number","1650"
"TBQ04C06","Empty Units (Number)","20204","2020Q4","-","All directions","IEFOV","Shannon Foynes","Number",""
"TBQ04C06","Empty Units (Number)","20204","2020Q4","1","Inward","IEMIP","All Main Irish Ports","Number","8586"
"TBQ04C06","Empty Units (Number)","20204","2020Q4","1","Inward","IEDUB","Dublin","Number","4131"
"TBQ04C06","Empty Units (Number)","20204","2020Q4","1","Inward","IEORK","Cork","Number","3458"
"TBQ04C06","Empty Units (Number)","20204","2020Q4","1","Inward","IEWAT","Waterford","Number","997"
"TBQ04C06","Empty Units (Number)","20204","2020Q4","1","Inward","IEFOV","Shannon Foynes","Number",""
"TBQ04C06","Empty Units (Number)","20204","2020Q4","2","Outward","IEMIP","All Main Irish Ports","Number","31656"
"TBQ04C06","Empty Units (Number)","20204","2020Q4","2","Outward","IEDUB","Dublin","Number","26526"
"TBQ04C06","Empty Units (Number)","20204","2020Q4","2","Outward","IEORK","Cork","Number","4477"
"TBQ04C06","Empty Units (Number)","20204","2020Q4","2","Outward","IEWAT","Waterford","Number","653"
"TBQ04C06","Empty Units (Number)","20204","2020Q4","2","Outward","IEFOV","Shannon Foynes","Number",""
"TBQ04C06","Empty Units (Number)","20211","2021Q1","-","All directions","IEMIP","All Main Irish Ports","Number","38372"
"TBQ04C06","Empty Units (Number)","20211","2021Q1","-","All directions","IEDUB","Dublin","Number","28456"
"TBQ04C06","Empty Units (Number)","20211","2021Q1","-","All directions","IEORK","Cork","Number","8158"
"TBQ04C06","Empty Units (Number)","20211","2021Q1","-","All directions","IEWAT","Waterford","Number","1758"
"TBQ04C06","Empty Units (Number)","20211","2021Q1","-","All directions","IEFOV","Shannon Foynes","Number",""
"TBQ04C06","Empty Units (Number)","20211","2021Q1","1","Inward","IEMIP","All Main Irish Ports","Number","9077"
"TBQ04C06","Empty Units (Number)","20211","2021Q1","1","Inward","IEDUB","Dublin","Number","4574"
"TBQ04C06","Empty Units (Number)","20211","2021Q1","1","Inward","IEORK","Cork","Number","3304"
"TBQ04C06","Empty Units (Number)","20211","2021Q1","1","Inward","IEWAT","Waterford","Number","1199"
"TBQ04C06","Empty Units (Number)","20211","2021Q1","1","Inward","IEFOV","Shannon Foynes","Number",""
"TBQ04C06","Empty Units (Number)","20211","2021Q1","2","Outward","IEMIP","All Main Irish Ports","Number","29295"
"TBQ04C06","Empty Units (Number)","20211","2021Q1","2","Outward","IEDUB","Dublin","Number","23882"
"TBQ04C06","Empty Units (Number)","20211","2021Q1","2","Outward","IEORK","Cork","Number","4854"
"TBQ04C06","Empty Units (Number)","20211","2021Q1","2","Outward","IEWAT","Waterford","Number","559"
"TBQ04C06","Empty Units (Number)","20211","2021Q1","2","Outward","IEFOV","Shannon Foynes","Number",""
"TBQ04C06","Empty Units (Number)","20212","2021Q2","-","All directions","IEMIP","All Main Irish Ports","Number","42022"
"TBQ04C06","Empty Units (Number)","20212","2021Q2","-","All directions","IEDUB","Dublin","Number","30127"
"TBQ04C06","Empty Units (Number)","20212","2021Q2","-","All directions","IEORK","Cork","Number","10100"
"TBQ04C06","Empty Units (Number)","20212","2021Q2","-","All directions","IEWAT","Waterford","Number","1795"
"TBQ04C06","Empty Units (Number)","20212","2021Q2","-","All directions","IEFOV","Shannon Foynes","Number",""
"TBQ04C06","Empty Units (Number)","20212","2021Q2","1","Inward","IEMIP","All Main Irish Ports","Number","9878"
"TBQ04C06","Empty Units (Number)","20212","2021Q2","1","Inward","IEDUB","Dublin","Number","4059"
"TBQ04C06","Empty Units (Number)","20212","2021Q2","1","Inward","IEORK","Cork","Number","4751"
"TBQ04C06","Empty Units (Number)","20212","2021Q2","1","Inward","IEWAT","Waterford","Number","1068"
"TBQ04C06","Empty Units (Number)","20212","2021Q2","1","Inward","IEFOV","Shannon Foynes","Number",""
"TBQ04C06","Empty Units (Number)","20212","2021Q2","2","Outward","IEMIP","All Main Irish Ports","Number","32144"
"TBQ04C06","Empty Units (Number)","20212","2021Q2","2","Outward","IEDUB","Dublin","Number","26068"
"TBQ04C06","Empty Units (Number)","20212","2021Q2","2","Outward","IEORK","Cork","Number","5349"
"TBQ04C06","Empty Units (Number)","20212","2021Q2","2","Outward","IEWAT","Waterford","Number","727"
"TBQ04C06","Empty Units (Number)","20212","2021Q2","2","Outward","IEFOV","Shannon Foynes","Number",""
"TBQ04C06","Empty Units (Number)","20213","2021Q3","-","All directions","IEMIP","All Main Irish Ports","Number","41317"
"TBQ04C06","Empty Units (Number)","20213","2021Q3","-","All directions","IEDUB","Dublin","Number","28495"
"TBQ04C06","Empty Units (Number)","20213","2021Q3","-","All directions","IEORK","Cork","Number","10827"
"TBQ04C06","Empty Units (Number)","20213","2021Q3","-","All directions","IEWAT","Waterford","Number","1995"
"TBQ04C06","Empty Units (Number)","20213","2021Q3","-","All directions","IEFOV","Shannon Foynes","Number",""
"TBQ04C06","Empty Units (Number)","20213","2021Q3","1","Inward","IEMIP","All Main Irish Ports","Number","9123"
"TBQ04C06","Empty Units (Number)","20213","2021Q3","1","Inward","IEDUB","Dublin","Number","2793"
"TBQ04C06","Empty Units (Number)","20213","2021Q3","1","Inward","IEORK","Cork","Number","5048"
"TBQ04C06","Empty Units (Number)","20213","2021Q3","1","Inward","IEWAT","Waterford","Number","1282"
"TBQ04C06","Empty Units (Number)","20213","2021Q3","1","Inward","IEFOV","Shannon Foynes","Number",""
"TBQ04C06","Empty Units (Number)","20213","2021Q3","2","Outward","IEMIP","All Main Irish Ports","Number","32194"
"TBQ04C06","Empty Units (Number)","20213","2021Q3","2","Outward","IEDUB","Dublin","Number","25702"
"TBQ04C06","Empty Units (Number)","20213","2021Q3","2","Outward","IEORK","Cork","Number","5779"
"TBQ04C06","Empty Units (Number)","20213","2021Q3","2","Outward","IEWAT","Waterford","Number","713"
"TBQ04C06","Empty Units (Number)","20213","2021Q3","2","Outward","IEFOV","Shannon Foynes","Number",""
"TBQ04C06","Empty Units (Number)","20214","2021Q4","-","All directions","IEMIP","All Main Irish Ports","Number","38106"
"TBQ04C06","Empty Units (Number)","20214","2021Q4","-","All directions","IEDUB","Dublin","Number","27208"
"TBQ04C06","Empty Units (Number)","20214","2021Q4","-","All directions","IEORK","Cork","Number","8781"
"TBQ04C06","Empty Units (Number)","20214","2021Q4","-","All directions","IEWAT","Waterford","Number","2117"
"TBQ04C06","Empty Units (Number)","20214","2021Q4","-","All directions","IEFOV","Shannon Foynes","Number",""
"TBQ04C06","Empty Units (Number)","20214","2021Q4","1","Inward","IEMIP","All Main Irish Ports","Number","8903"
"TBQ04C06","Empty Units (Number)","20214","2021Q4","1","Inward","IEDUB","Dublin","Number","3084"
"TBQ04C06","Empty Units (Number)","20214","2021Q4","1","Inward","IEORK","Cork","Number","4368"
"TBQ04C06","Empty Units (Number)","20214","2021Q4","1","Inward","IEWAT","Waterford","Number","1451"
"TBQ04C06","Empty Units (Number)","20214","2021Q4","1","Inward","IEFOV","Shannon Foynes","Number",""
"TBQ04C06","Empty Units (Number)","20214","2021Q4","2","Outward","IEMIP","All Main Irish Ports","Number","29203"
"TBQ04C06","Empty Units (Number)","20214","2021Q4","2","Outward","IEDUB","Dublin","Number","24124"
"TBQ04C06","Empty Units (Number)","20214","2021Q4","2","Outward","IEORK","Cork","Number","4413"
"TBQ04C06","Empty Units (Number)","20214","2021Q4","2","Outward","IEWAT","Waterford","Number","666"
"TBQ04C06","Empty Units (Number)","20214","2021Q4","2","Outward","IEFOV","Shannon Foynes","Number",""
"TBQ04C06","Empty Units (Number)","20221","2022Q1","-","All directions","IEMIP","All Main Irish Ports","Number","41299"
"TBQ04C06","Empty Units (Number)","20221","2022Q1","-","All directions","IEDUB","Dublin","Number","30165"
"TBQ04C06","Empty Units (Number)","20221","2022Q1","-","All directions","IEORK","Cork","Number","9529"
"TBQ04C06","Empty Units (Number)","20221","2022Q1","-","All directions","IEWAT","Waterford","Number","1605"
"TBQ04C06","Empty Units (Number)","20221","2022Q1","-","All directions","IEFOV","Shannon Foynes","Number",""
"TBQ04C06","Empty Units (Number)","20221","2022Q1","1","Inward","IEMIP","All Main Irish Ports","Number","8413"
"TBQ04C06","Empty Units (Number)","20221","2022Q1","1","Inward","IEDUB","Dublin","Number","4202"
"TBQ04C06","Empty Units (Number)","20221","2022Q1","1","Inward","IEORK","Cork","Number","3318"
"TBQ04C06","Empty Units (Number)","20221","2022Q1","1","Inward","IEWAT","Waterford","Number","893"
"TBQ04C06","Empty Units (Number)","20221","2022Q1","1","Inward","IEFOV","Shannon Foynes","Number",""
"TBQ04C06","Empty Units (Number)","20221","2022Q1","2","Outward","IEMIP","All Main Irish Ports","Number","32886"
"TBQ04C06","Empty Units (Number)","20221","2022Q1","2","Outward","IEDUB","Dublin","Number","25963"
"TBQ04C06","Empty Units (Number)","20221","2022Q1","2","Outward","IEORK","Cork","Number","6211"
"TBQ04C06","Empty Units (Number)","20221","2022Q1","2","Outward","IEWAT","Waterford","Number","712"
"TBQ04C06","Empty Units (Number)","20221","2022Q1","2","Outward","IEFOV","Shannon Foynes","Number",""
"TBQ04C06","Empty Units (Number)","20222","2022Q2","-","All directions","IEMIP","All Main Irish Ports","Number","43892"
"TBQ04C06","Empty Units (Number)","20222","2022Q2","-","All directions","IEDUB","Dublin","Number","31880"
"TBQ04C06","Empty Units (Number)","20222","2022Q2","-","All directions","IEORK","Cork","Number","10170"
"TBQ04C06","Empty Units (Number)","20222","2022Q2","-","All directions","IEWAT","Waterford","Number","1842"
"TBQ04C06","Empty Units (Number)","20222","2022Q2","-","All directions","IEFOV","Shannon Foynes","Number",""
"TBQ04C06","Empty Units (Number)","20222","2022Q2","1","Inward","IEMIP","All Main Irish Ports","Number","9234"
"TBQ04C06","Empty Units (Number)","20222","2022Q2","1","Inward","IEDUB","Dublin","Number","3659"
"TBQ04C06","Empty Units (Number)","20222","2022Q2","1","Inward","IEORK","Cork","Number","4469"
"TBQ04C06","Empty Units (Number)","20222","2022Q2","1","Inward","IEWAT","Waterford","Number","1106"
"TBQ04C06","Empty Units (Number)","20222","2022Q2","1","Inward","IEFOV","Shannon Foynes","Number",""
"TBQ04C06","Empty Units (Number)","20222","2022Q2","2","Outward","IEMIP","All Main Irish Ports","Number","34658"
"TBQ04C06","Empty Units (Number)","20222","2022Q2","2","Outward","IEDUB","Dublin","Number","28221"
"TBQ04C06","Empty Units (Number)","20222","2022Q2","2","Outward","IEORK","Cork","Number","5701"
"TBQ04C06","Empty Units (Number)","20222","2022Q2","2","Outward","IEWAT","Waterford","Number","736"
"TBQ04C06","Empty Units (Number)","20222","2022Q2","2","Outward","IEFOV","Shannon Foynes","Number",""
"TBQ04C06","Empty Units (Number)","20223","2022Q3","-","All directions","IEMIP","All Main Irish Ports","Number","42009"
"TBQ04C06","Empty Units (Number)","20223","2022Q3","-","All directions","IEDUB","Dublin","Number","29175"
"TBQ04C06","Empty Units (Number)","20223","2022Q3","-","All directions","IEORK","Cork","Number","10870"
"TBQ04C06","Empty Units (Number)","20223","2022Q3","-","All directions","IEWAT","Waterford","Number","1964"
"TBQ04C06","Empty Units (Number)","20223","2022Q3","-","All directions","IEFOV","Shannon Foynes","Number",""
"TBQ04C06","Empty Units (Number)","20223","2022Q3","1","Inward","IEMIP","All Main Irish Ports","Number","10205"
"TBQ04C06","Empty Units (Number)","20223","2022Q3","1","Inward","IEDUB","Dublin","Number","3718"
"TBQ04C06","Empty Units (Number)","20223","2022Q3","1","Inward","IEORK","Cork","Number","5241"
"TBQ04C06","Empty Units (Number)","20223","2022Q3","1","Inward","IEWAT","Waterford","Number","1246"
"TBQ04C06","Empty Units (Number)","20223","2022Q3","1","Inward","IEFOV","Shannon Foynes","Number",""
"TBQ04C06","Empty Units (Number)","20223","2022Q3","2","Outward","IEMIP","All Main Irish Ports","Number","31804"
"TBQ04C06","Empty Units (Number)","20223","2022Q3","2","Outward","IEDUB","Dublin","Number","25457"
"TBQ04C06","Empty Units (Number)","20223","2022Q3","2","Outward","IEORK","Cork","Number","5629"
"TBQ04C06","Empty Units (Number)","20223","2022Q3","2","Outward","IEWAT","Waterford","Number","718"
"TBQ04C06","Empty Units (Number)","20223","2022Q3","2","Outward","IEFOV","Shannon Foynes","Number",""
"TBQ04C06","Empty Units (Number)","20224","2022Q4","-","All directions","IEMIP","All Main Irish Ports","Number","35519"
"TBQ04C06","Empty Units (Number)","20224","2022Q4","-","All directions","IEDUB","Dublin","Number","25219"
"TBQ04C06","Empty Units (Number)","20224","2022Q4","-","All directions","IEORK","Cork","Number","8465"
"TBQ04C06","Empty Units (Number)","20224","2022Q4","-","All directions","IEWAT","Waterford","Number","1835"
"TBQ04C06","Empty Units (Number)","20224","2022Q4","-","All directions","IEFOV","Shannon Foynes","Number",""
"TBQ04C06","Empty Units (Number)","20224","2022Q4","1","Inward","IEMIP","All Main Irish Ports","Number","8343"
"TBQ04C06","Empty Units (Number)","20224","2022Q4","1","Inward","IEDUB","Dublin","Number","3368"
"TBQ04C06","Empty Units (Number)","20224","2022Q4","1","Inward","IEORK","Cork","Number","3740"
"TBQ04C06","Empty Units (Number)","20224","2022Q4","1","Inward","IEWAT","Waterford","Number","1235"
"TBQ04C06","Empty Units (Number)","20224","2022Q4","1","Inward","IEFOV","Shannon Foynes","Number",""
"TBQ04C06","Empty Units (Number)","20224","2022Q4","2","Outward","IEMIP","All Main Irish Ports","Number","27176"
"TBQ04C06","Empty Units (Number)","20224","2022Q4","2","Outward","IEDUB","Dublin","Number","21851"
"TBQ04C06","Empty Units (Number)","20224","2022Q4","2","Outward","IEORK","Cork","Number","4725"
"TBQ04C06","Empty Units (Number)","20224","2022Q4","2","Outward","IEWAT","Waterford","Number","600"
"TBQ04C06","Empty Units (Number)","20224","2022Q4","2","Outward","IEFOV","Shannon Foynes","Number",""
"TBQ04C06","Empty Units (Number)","20231","2023Q1","-","All directions","IEMIP","All Main Irish Ports","Number","37361"
"TBQ04C06","Empty Units (Number)","20231","2023Q1","-","All directions","IEDUB","Dublin","Number","27578"
"TBQ04C06","Empty Units (Number)","20231","2023Q1","-","All directions","IEORK","Cork","Number","8743"
"TBQ04C06","Empty Units (Number)","20231","2023Q1","-","All directions","IEWAT","Waterford","Number","1040"
"TBQ04C06","Empty Units (Number)","20231","2023Q1","-","All directions","IEFOV","Shannon Foynes","Number",""
"TBQ04C06","Empty Units (Number)","20231","2023Q1","1","Inward","IEMIP","All Main Irish Ports","Number","7600"
"TBQ04C06","Empty Units (Number)","20231","2023Q1","1","Inward","IEDUB","Dublin","Number","3761"
"TBQ04C06","Empty Units (Number)","20231","2023Q1","1","Inward","IEORK","Cork","Number","3349"
"TBQ04C06","Empty Units (Number)","20231","2023Q1","1","Inward","IEWAT","Waterford","Number","490"
"TBQ04C06","Empty Units (Number)","20231","2023Q1","1","Inward","IEFOV","Shannon Foynes","Number",""
"TBQ04C06","Empty Units (Number)","20231","2023Q1","2","Outward","IEMIP","All Main Irish Ports","Number","29761"
"TBQ04C06","Empty Units (Number)","20231","2023Q1","2","Outward","IEDUB","Dublin","Number","23817"
"TBQ04C06","Empty Units (Number)","20231","2023Q1","2","Outward","IEORK","Cork","Number","5394"
"TBQ04C06","Empty Units (Number)","20231","2023Q1","2","Outward","IEWAT","Waterford","Number","550"
"TBQ04C06","Empty Units (Number)","20231","2023Q1","2","Outward","IEFOV","Shannon Foynes","Number",""
"TBQ04C06","Empty Units (Number)","20232","2023Q2","-","All directions","IEMIP","All Main Irish Ports","Number","36458"
"TBQ04C06","Empty Units (Number)","20232","2023Q2","-","All directions","IEDUB","Dublin","Number","25812"
"TBQ04C06","Empty Units (Number)","20232","2023Q2","-","All directions","IEORK","Cork","Number","9069"
"TBQ04C06","Empty Units (Number)","20232","2023Q2","-","All directions","IEWAT","Waterford","Number","1577"
"TBQ04C06","Empty Units (Number)","20232","2023Q2","-","All directions","IEFOV","Shannon Foynes","Number",""
"TBQ04C06","Empty Units (Number)","20232","2023Q2","1","Inward","IEMIP","All Main Irish Ports","Number","8487"
"TBQ04C06","Empty Units (Number)","20232","2023Q2","1","Inward","IEDUB","Dublin","Number","3182"
"TBQ04C06","Empty Units (Number)","20232","2023Q2","1","Inward","IEORK","Cork","Number","4282"
"TBQ04C06","Empty Units (Number)","20232","2023Q2","1","Inward","IEWAT","Waterford","Number","1023"
"TBQ04C06","Empty Units (Number)","20232","2023Q2","1","Inward","IEFOV","Shannon Foynes","Number",""
"TBQ04C06","Empty Units (Number)","20232","2023Q2","2","Outward","IEMIP","All Main Irish Ports","Number","27971"
"TBQ04C06","Empty Units (Number)","20232","2023Q2","2","Outward","IEDUB","Dublin","Number","22630"
"TBQ04C06","Empty Units (Number)","20232","2023Q2","2","Outward","IEORK","Cork","Number","4787"
"TBQ04C06","Empty Units (Number)","20232","2023Q2","2","Outward","IEWAT","Waterford","Number","554"
"TBQ04C06","Empty Units (Number)","20232","2023Q2","2","Outward","IEFOV","Shannon Foynes","Number",""
"TBQ04C06","Empty Units (Number)","20233","2023Q3","-","All directions","IEMIP","All Main Irish Ports","Number","52825"
"TBQ04C06","Empty Units (Number)","20233","2023Q3","-","All directions","IEDUB","Dublin","Number","42226"
"TBQ04C06","Empty Units (Number)","20233","2023Q3","-","All directions","IEORK","Cork","Number","9077"
"TBQ04C06","Empty Units (Number)","20233","2023Q3","-","All directions","IEWAT","Waterford","Number","1522"
"TBQ04C06","Empty Units (Number)","20233","2023Q3","-","All directions","IEFOV","Shannon Foynes","Number",""
"TBQ04C06","Empty Units (Number)","20233","2023Q3","1","Inward","IEMIP","All Main Irish Ports","Number","8499"
"TBQ04C06","Empty Units (Number)","20233","2023Q3","1","Inward","IEDUB","Dublin","Number","2954"
"TBQ04C06","Empty Units (Number)","20233","2023Q3","1","Inward","IEORK","Cork","Number","4563"
"TBQ04C06","Empty Units (Number)","20233","2023Q3","1","Inward","IEWAT","Waterford","Number","982"
"TBQ04C06","Empty Units (Number)","20233","2023Q3","1","Inward","IEFOV","Shannon Foynes","Number",""
"TBQ04C06","Empty Units (Number)","20233","2023Q3","2","Outward","IEMIP","All Main Irish Ports","Number","44326"
"TBQ04C06","Empty Units (Number)","20233","2023Q3","2","Outward","IEDUB","Dublin","Number","39272"
"TBQ04C06","Empty Units (Number)","20233","2023Q3","2","Outward","IEORK","Cork","Number","4514"
"TBQ04C06","Empty Units (Number)","20233","2023Q3","2","Outward","IEWAT","Waterford","Number","540"
"TBQ04C06","Empty Units (Number)","20233","2023Q3","2","Outward","IEFOV","Shannon Foynes","Number",""
"TBQ04C06","Empty Units (Number)","20234","2023Q4","-","All directions","IEMIP","All Main Irish Ports","Number","38811"
"TBQ04C06","Empty Units (Number)","20234","2023Q4","-","All directions","IEDUB","Dublin","Number","28455"
"TBQ04C06","Empty Units (Number)","20234","2023Q4","-","All directions","IEORK","Cork","Number","9118"
"TBQ04C06","Empty Units (Number)","20234","2023Q4","-","All directions","IEWAT","Waterford","Number","1238"
"TBQ04C06","Empty Units (Number)","20234","2023Q4","-","All directions","IEFOV","Shannon Foynes","Number",""
"TBQ04C06","Empty Units (Number)","20234","2023Q4","1","Inward","IEMIP","All Main Irish Ports","Number","8441"
"TBQ04C06","Empty Units (Number)","20234","2023Q4","1","Inward","IEDUB","Dublin","Number","3254"
"TBQ04C06","Empty Units (Number)","20234","2023Q4","1","Inward","IEORK","Cork","Number","4365"
"TBQ04C06","Empty Units (Number)","20234","2023Q4","1","Inward","IEWAT","Waterford","Number","822"
"TBQ04C06","Empty Units (Number)","20234","2023Q4","1","Inward","IEFOV","Shannon Foynes","Number",""
"TBQ04C06","Empty Units (Number)","20234","2023Q4","2","Outward","IEMIP","All Main Irish Ports","Number","30370"
"TBQ04C06","Empty Units (Number)","20234","2023Q4","2","Outward","IEDUB","Dublin","Number","25201"
"TBQ04C06","Empty Units (Number)","20234","2023Q4","2","Outward","IEORK","Cork","Number","4753"
"TBQ04C06","Empty Units (Number)","20234","2023Q4","2","Outward","IEWAT","Waterford","Number","416"
"TBQ04C06","Empty Units (Number)","20234","2023Q4","2","Outward","IEFOV","Shannon Foynes","Number",""
"TBQ04C06","Empty Units (Number)","20241","2024Q1","-","All directions","IEMIP","All Main Irish Ports","Number","38087"
"TBQ04C06","Empty Units (Number)","20241","2024Q1","-","All directions","IEDUB","Dublin","Number","27849"
"TBQ04C06","Empty Units (Number)","20241","2024Q1","-","All directions","IEORK","Cork","Number","9097"
"TBQ04C06","Empty Units (Number)","20241","2024Q1","-","All directions","IEWAT","Waterford","Number","1141"
"TBQ04C06","Empty Units (Number)","20241","2024Q1","-","All directions","IEFOV","Shannon Foynes","Number",""
"TBQ04C06","Empty Units (Number)","20241","2024Q1","1","Inward","IEMIP","All Main Irish Ports","Number","6459"
"TBQ04C06","Empty Units (Number)","20241","2024Q1","1","Inward","IEDUB","Dublin","Number","2544"
"TBQ04C06","Empty Units (Number)","20241","2024Q1","1","Inward","IEORK","Cork","Number","3241"
"TBQ04C06","Empty Units (Number)","20241","2024Q1","1","Inward","IEWAT","Waterford","Number","674"
"TBQ04C06","Empty Units (Number)","20241","2024Q1","1","Inward","IEFOV","Shannon Foynes","Number",""
"TBQ04C06","Empty Units (Number)","20241","2024Q1","2","Outward","IEMIP","All Main Irish Ports","Number","31628"
"TBQ04C06","Empty Units (Number)","20241","2024Q1","2","Outward","IEDUB","Dublin","Number","25305"
"TBQ04C06","Empty Units (Number)","20241","2024Q1","2","Outward","IEORK","Cork","Number","5856"
"TBQ04C06","Empty Units (Number)","20241","2024Q1","2","Outward","IEWAT","Waterford","Number","467"
"TBQ04C06","Empty Units (Number)","20241","2024Q1","2","Outward","IEFOV","Shannon Foynes","Number",""
"TBQ04C06","Empty Units (Number)","20242","2024Q2","-","All directions","IEMIP","All Main Irish Ports","Number","42334"
"TBQ04C06","Empty Units (Number)","20242","2024Q2","-","All directions","IEDUB","Dublin","Number","31095"
"TBQ04C06","Empty Units (Number)","20242","2024Q2","-","All directions","IEORK","Cork","Number","9094"
"TBQ04C06","Empty Units (Number)","20242","2024Q2","-","All directions","IEWAT","Waterford","Number","2145"
"TBQ04C06","Empty Units (Number)","20242","2024Q2","-","All directions","IEFOV","Shannon Foynes","Number",""
"TBQ04C06","Empty Units (Number)","20242","2024Q2","1","Inward","IEMIP","All Main Irish Ports","Number","7883"
"TBQ04C06","Empty Units (Number)","20242","2024Q2","1","Inward","IEDUB","Dublin","Number","2561"
"TBQ04C06","Empty Units (Number)","20242","2024Q2","1","Inward","IEORK","Cork","Number","3826"
"TBQ04C06","Empty Units (Number)","20242","2024Q2","1","Inward","IEWAT","Waterford","Number","1496"
"TBQ04C06","Empty Units (Number)","20242","2024Q2","1","Inward","IEFOV","Shannon Foynes","Number",""
"TBQ04C06","Empty Units (Number)","20242","2024Q2","2","Outward","IEMIP","All Main Irish Ports","Number","34451"
"TBQ04C06","Empty Units (Number)","20242","2024Q2","2","Outward","IEDUB","Dublin","Number","28534"
"TBQ04C06","Empty Units (Number)","20242","2024Q2","2","Outward","IEORK","Cork","Number","5268"
"TBQ04C06","Empty Units (Number)","20242","2024Q2","2","Outward","IEWAT","Waterford","Number","649"
"TBQ04C06","Empty Units (Number)","20242","2024Q2","2","Outward","IEFOV","Shannon Foynes","Number",""
"TBQ04C06","Empty Units (Number)","20243","2024Q3","-","All directions","IEMIP","All Main Irish Ports","Number","45641"
"TBQ04C06","Empty Units (Number)","20243","2024Q3","-","All directions","IEDUB","Dublin","Number","33583"
"TBQ04C06","Empty Units (Number)","20243","2024Q3","-","All directions","IEORK","Cork","Number","10006"
"TBQ04C06","Empty Units (Number)","20243","2024Q3","-","All directions","IEWAT","Waterford","Number","2052"
"TBQ04C06","Empty Units (Number)","20243","2024Q3","-","All directions","IEFOV","Shannon Foynes","Number",""
"TBQ04C06","Empty Units (Number)","20243","2024Q3","1","Inward","IEMIP","All Main Irish Ports","Number","9425"
"TBQ04C06","Empty Units (Number)","20243","2024Q3","1","Inward","IEDUB","Dublin","Number","3058"
"TBQ04C06","Empty Units (Number)","20243","2024Q3","1","Inward","IEORK","Cork","Number","4924"
"TBQ04C06","Empty Units (Number)","20243","2024Q3","1","Inward","IEWAT","Waterford","Number","1443"
"TBQ04C06","Empty Units (Number)","20243","2024Q3","1","Inward","IEFOV","Shannon Foynes","Number",""
"TBQ04C06","Empty Units (Number)","20243","2024Q3","2","Outward","IEMIP","All Main Irish Ports","Number","36216"
"TBQ04C06","Empty Units (Number)","20243","2024Q3","2","Outward","IEDUB","Dublin","Number","30525"
"TBQ04C06","Empty Units (Number)","20243","2024Q3","2","Outward","IEORK","Cork","Number","5082"
"TBQ04C06","Empty Units (Number)","20243","2024Q3","2","Outward","IEWAT","Waterford","Number","609"
"TBQ04C06","Empty Units (Number)","20243","2024Q3","2","Outward","IEFOV","Shannon Foynes","Number",""
"TBQ04C06","Empty Units (Number)","20244","2024Q4","-","All directions","IEMIP","All Main Irish Ports","Number","45570"
"TBQ04C06","Empty Units (Number)","20244","2024Q4","-","All directions","IEDUB","Dublin","Number","34443"
"TBQ04C06","Empty Units (Number)","20244","2024Q4","-","All directions","IEORK","Cork","Number","9125"
"TBQ04C06","Empty Units (Number)","20244","2024Q4","-","All directions","IEWAT","Waterford","Number","2002"
"TBQ04C06","Empty Units (Number)","20244","2024Q4","-","All directions","IEFOV","Shannon Foynes","Number",""
"TBQ04C06","Empty Units (Number)","20244","2024Q4","1","Inward","IEMIP","All Main Irish Ports","Number","8999"
"TBQ04C06","Empty Units (Number)","20244","2024Q4","1","Inward","IEDUB","Dublin","Number","3492"
"TBQ04C06","Empty Units (Number)","20244","2024Q4","1","Inward","IEORK","Cork","Number","4064"
"TBQ04C06","Empty Units (Number)","20244","2024Q4","1","Inward","IEWAT","Waterford","Number","1443"
"TBQ04C06","Empty Units (Number)","20244","2024Q4","1","Inward","IEFOV","Shannon Foynes","Number",""
"TBQ04C06","Empty Units (Number)","20244","2024Q4","2","Outward","IEMIP","All Main Irish Ports","Number","36571"
"TBQ04C06","Empty Units (Number)","20244","2024Q4","2","Outward","IEDUB","Dublin","Number","30951"
"TBQ04C06","Empty Units (Number)","20244","2024Q4","2","Outward","IEORK","Cork","Number","5061"
"TBQ04C06","Empty Units (Number)","20244","2024Q4","2","Outward","IEWAT","Waterford","Number","559"
"TBQ04C06","Empty Units (Number)","20244","2024Q4","2","Outward","IEFOV","Shannon Foynes","Number",""
"TBQ04C06","Empty Units (Number)","20251","2025Q1","-","All directions","IEMIP","All Main Irish Ports","Number","46921"
"TBQ04C06","Empty Units (Number)","20251","2025Q1","-","All directions","IEDUB","Dublin","Number","34826"
"TBQ04C06","Empty Units (Number)","20251","2025Q1","-","All directions","IEORK","Cork","Number","9650"
"TBQ04C06","Empty Units (Number)","20251","2025Q1","-","All directions","IEWAT","Waterford","Number","1515"
"TBQ04C06","Empty Units (Number)","20251","2025Q1","-","All directions","IEFOV","Shannon Foynes","Number","930"
"TBQ04C06","Empty Units (Number)","20251","2025Q1","1","Inward","IEMIP","All Main Irish Ports","Number","10411"
"TBQ04C06","Empty Units (Number)","20251","2025Q1","1","Inward","IEDUB","Dublin","Number","4083"
"TBQ04C06","Empty Units (Number)","20251","2025Q1","1","Inward","IEORK","Cork","Number","4416"
"TBQ04C06","Empty Units (Number)","20251","2025Q1","1","Inward","IEWAT","Waterford","Number","982"
"TBQ04C06","Empty Units (Number)","20251","2025Q1","1","Inward","IEFOV","Shannon Foynes","Number","930"
"TBQ04C06","Empty Units (Number)","20251","2025Q1","2","Outward","IEMIP","All Main Irish Ports","Number","36510"
"TBQ04C06","Empty Units (Number)","20251","2025Q1","2","Outward","IEDUB","Dublin","Number","30743"
"TBQ04C06","Empty Units (Number)","20251","2025Q1","2","Outward","IEORK","Cork","Number","5234"
"TBQ04C06","Empty Units (Number)","20251","2025Q1","2","Outward","IEWAT","Waterford","Number","533"
"TBQ04C06","Empty Units (Number)","20251","2025Q1","2","Outward","IEFOV","Shannon Foynes","Number","0"
"TBQ04C06","Empty Units (Number)","20252","2025Q2","-","All directions","IEMIP","All Main Irish Ports","Number","50657"
"TBQ04C06","Empty Units (Number)","20252","2025Q2","-","All directions","IEDUB","Dublin","Number","37620"
"TBQ04C06","Empty Units (Number)","20252","2025Q2","-","All directions","IEORK","Cork","Number","10456"
"TBQ04C06","Empty Units (Number)","20252","2025Q2","-","All directions","IEWAT","Waterford","Number","2244"
"TBQ04C06","Empty Units (Number)","20252","2025Q2","-","All directions","IEFOV","Shannon Foynes","Number","337"
"TBQ04C06","Empty Units (Number)","20252","2025Q2","1","Inward","IEMIP","All Main Irish Ports","Number","10216"
"TBQ04C06","Empty Units (Number)","20252","2025Q2","1","Inward","IEDUB","Dublin","Number","2953"
"TBQ04C06","Empty Units (Number)","20252","2025Q2","1","Inward","IEORK","Cork","Number","5245"
"TBQ04C06","Empty Units (Number)","20252","2025Q2","1","Inward","IEWAT","Waterford","Number","1681"
"TBQ04C06","Empty Units (Number)","20252","2025Q2","1","Inward","IEFOV","Shannon Foynes","Number","337"
"TBQ04C06","Empty Units (Number)","20252","2025Q2","2","Outward","IEMIP","All Main Irish Ports","Number","40441"
"TBQ04C06","Empty Units (Number)","20252","2025Q2","2","Outward","IEDUB","Dublin","Number","34667"
"TBQ04C06","Empty Units (Number)","20252","2025Q2","2","Outward","IEORK","Cork","Number","5211"
"TBQ04C06","Empty Units (Number)","20252","2025Q2","2","Outward","IEWAT","Waterford","Number","563"
"TBQ04C06","Empty Units (Number)","20252","2025Q2","2","Outward","IEFOV","Shannon Foynes","Number","0"
"TBQ04C06","Empty Units (Number)","20253","2025Q3","-","All directions","IEMIP","All Main Irish Ports","Number","45928"
"TBQ04C06","Empty Units (Number)","20253","2025Q3","-","All directions","IEDUB","Dublin","Number","34533"
"TBQ04C06","Empty Units (Number)","20253","2025Q3","-","All directions","IEORK","Cork","Number","9087"
"TBQ04C06","Empty Units (Number)","20253","2025Q3","-","All directions","IEWAT","Waterford","Number","1964"
"TBQ04C06","Empty Units (Number)","20253","2025Q3","-","All directions","IEFOV","Shannon Foynes","Number","344"
"TBQ04C06","Empty Units (Number)","20253","2025Q3","1","Inward","IEMIP","All Main Irish Ports","Number","8605"
"TBQ04C06","Empty Units (Number)","20253","2025Q3","1","Inward","IEDUB","Dublin","Number","2878"
"TBQ04C06","Empty Units (Number)","20253","2025Q3","1","Inward","IEORK","Cork","Number","3921"
"TBQ04C06","Empty Units (Number)","20253","2025Q3","1","Inward","IEWAT","Waterford","Number","1462"
"TBQ04C06","Empty Units (Number)","20253","2025Q3","1","Inward","IEFOV","Shannon Foynes","Number","344"
"TBQ04C06","Empty Units (Number)","20253","2025Q3","2","Outward","IEMIP","All Main Irish Ports","Number","37323"
"TBQ04C06","Empty Units (Number)","20253","2025Q3","2","Outward","IEDUB","Dublin","Number","31655"
"TBQ04C06","Empty Units (Number)","20253","2025Q3","2","Outward","IEORK","Cork","Number","5166"
"TBQ04C06","Empty Units (Number)","20253","2025Q3","2","Outward","IEWAT","Waterford","Number","502"
"TBQ04C06","Empty Units (Number)","20253","2025Q3","2","Outward","IEFOV","Shannon Foynes","Number","0"
"TBQ04C06","Empty Units (Number)","20254","2025Q4","-","All directions","IEMIP","All Main Irish Ports","Number","44680"
"TBQ04C06","Empty Units (Number)","20254","2025Q4","-","All directions","IEDUB","Dublin","Number","32598"
"TBQ04C06","Empty Units (Number)","20254","2025Q4","-","All directions","IEORK","Cork","Number","10043"
"TBQ04C06","Empty Units (Number)","20254","2025Q4","-","All directions","IEWAT","Waterford","Number","1630"
"TBQ04C06","Empty Units (Number)","20254","2025Q4","-","All directions","IEFOV","Shannon Foynes","Number","409"
"TBQ04C06","Empty Units (Number)","20254","2025Q4","1","Inward","IEMIP","All Main Irish Ports","Number","10081"
"TBQ04C06","Empty Units (Number)","20254","2025Q4","1","Inward","IEDUB","Dublin","Number","3710"
"TBQ04C06","Empty Units (Number)","20254","2025Q4","1","Inward","IEORK","Cork","Number","4973"
"TBQ04C06","Empty Units (Number)","20254","2025Q4","1","Inward","IEWAT","Waterford","Number","989"
"TBQ04C06","Empty Units (Number)","20254","2025Q4","1","Inward","IEFOV","Shannon Foynes","Number","409"
"TBQ04C06","Empty Units (Number)","20254","2025Q4","2","Outward","IEMIP","All Main Irish Ports","Number","34599"
"TBQ04C06","Empty Units (Number)","20254","2025Q4","2","Outward","IEDUB","Dublin","Number","28888"
"TBQ04C06","Empty Units (Number)","20254","2025Q4","2","Outward","IEORK","Cork","Number","5070"
"TBQ04C06","Empty Units (Number)","20254","2025Q4","2","Outward","IEWAT","Waterford","Number","641"
"TBQ04C06","Empty Units (Number)","20254","2025Q4","2","Outward","IEFOV","Shannon Foynes","Number","0"
"TBQ04C06","Empty Units (Number)","20261","2026Q1","-","All directions","IEMIP","All Main Irish Ports","Number","45583"
"TBQ04C06","Empty Units (Number)","20261","2026Q1","-","All directions","IEDUB","Dublin","Number","34817"
"TBQ04C06","Empty Units (Number)","20261","2026Q1","-","All directions","IEORK","Cork","Number","9513"
"TBQ04C06","Empty Units (Number)","20261","2026Q1","-","All directions","IEWAT","Waterford","Number","1253"
"TBQ04C06","Empty Units (Number)","20261","2026Q1","-","All directions","IEFOV","Shannon Foynes","Number","0"
"TBQ04C06","Empty Units (Number)","20261","2026Q1","1","Inward","IEMIP","All Main Irish Ports","Number","8427"
"TBQ04C06","Empty Units (Number)","20261","2026Q1","1","Inward","IEDUB","Dublin","Number","3514"
"TBQ04C06","Empty Units (Number)","20261","2026Q1","1","Inward","IEORK","Cork","Number","4061"
"TBQ04C06","Empty Units (Number)","20261","2026Q1","1","Inward","IEWAT","Waterford","Number","852"
"TBQ04C06","Empty Units (Number)","20261","2026Q1","1","Inward","IEFOV","Shannon Foynes","Number",""
"TBQ04C06","Empty Units (Number)","20261","2026Q1","2","Outward","IEMIP","All Main Irish Ports","Number","37156"
"TBQ04C06","Empty Units (Number)","20261","2026Q1","2","Outward","IEDUB","Dublin","Number","31303"
"TBQ04C06","Empty Units (Number)","20261","2026Q1","2","Outward","IEORK","Cork","Number","5452"
"TBQ04C06","Empty Units (Number)","20261","2026Q1","2","Outward","IEWAT","Waterford","Number","401"
"TBQ04C06","Empty Units (Number)","20261","2026Q1","2","Outward","IEFOV","Shannon Foynes","Number","0"
"TBQ04C07","Empty Units (TEU Twenty-foot Equivalent)","20171","2017Q1","-","All directions","IEMIP","All Main Irish Ports","TEU Twenty-foot Equivalent","50649"
"TBQ04C07","Empty Units (TEU Twenty-foot Equivalent)","20171","2017Q1","-","All directions","IEDUB","Dublin","TEU Twenty-foot Equivalent","37683"
"TBQ04C07","Empty Units (TEU Twenty-foot Equivalent)","20171","2017Q1","-","All directions","IEORK","Cork","TEU Twenty-foot Equivalent","10313"
"TBQ04C07","Empty Units (TEU Twenty-foot Equivalent)","20171","2017Q1","-","All directions","IEWAT","Waterford","TEU Twenty-foot Equivalent","2653"
"TBQ04C07","Empty Units (TEU Twenty-foot Equivalent)","20171","2017Q1","-","All directions","IEFOV","Shannon Foynes","TEU Twenty-foot Equivalent",""
"TBQ04C07","Empty Units (TEU Twenty-foot Equivalent)","20171","2017Q1","1","Inward","IEMIP","All Main Irish Ports","TEU Twenty-foot Equivalent","12538"
"TBQ04C07","Empty Units (TEU Twenty-foot Equivalent)","20171","2017Q1","1","Inward","IEDUB","Dublin","TEU Twenty-foot Equivalent","5782"
"TBQ04C07","Empty Units (TEU Twenty-foot Equivalent)","20171","2017Q1","1","Inward","IEORK","Cork","TEU Twenty-foot Equivalent","4905"
"TBQ04C07","Empty Units (TEU Twenty-foot Equivalent)","20171","2017Q1","1","Inward","IEWAT","Waterford","TEU Twenty-foot Equivalent","1851"
"TBQ04C07","Empty Units (TEU Twenty-foot Equivalent)","20171","2017Q1","1","Inward","IEFOV","Shannon Foynes","TEU Twenty-foot Equivalent",""
"TBQ04C07","Empty Units (TEU Twenty-foot Equivalent)","20171","2017Q1","2","Outward","IEMIP","All Main Irish Ports","TEU Twenty-foot Equivalent","38111"
"TBQ04C07","Empty Units (TEU Twenty-foot Equivalent)","20171","2017Q1","2","Outward","IEDUB","Dublin","TEU Twenty-foot Equivalent","31901"
"TBQ04C07","Empty Units (TEU Twenty-foot Equivalent)","20171","2017Q1","2","Outward","IEORK","Cork","TEU Twenty-foot Equivalent","5408"
"TBQ04C07","Empty Units (TEU Twenty-foot Equivalent)","20171","2017Q1","2","Outward","IEWAT","Waterford","TEU Twenty-foot Equivalent","802"
"TBQ04C07","Empty Units (TEU Twenty-foot Equivalent)","20171","2017Q1","2","Outward","IEFOV","Shannon Foynes","TEU Twenty-foot Equivalent",""
"TBQ04C07","Empty Units (TEU Twenty-foot Equivalent)","20172","2017Q2","-","All directions","IEMIP","All Main Irish Ports","TEU Twenty-foot Equivalent","55846"
"TBQ04C07","Empty Units (TEU Twenty-foot Equivalent)","20172","2017Q2","-","All directions","IEDUB","Dublin","TEU Twenty-foot Equivalent","39062"
"TBQ04C07","Empty Units (TEU Twenty-foot Equivalent)","20172","2017Q2","-","All directions","IEORK","Cork","TEU Twenty-foot Equivalent","12990"
"TBQ04C07","Empty Units (TEU Twenty-foot Equivalent)","20172","2017Q2","-","All directions","IEWAT","Waterford","TEU Twenty-foot Equivalent","3794"
"TBQ04C07","Empty Units (TEU Twenty-foot Equivalent)","20172","2017Q2","-","All directions","IEFOV","Shannon Foynes","TEU Twenty-foot Equivalent",""
"TBQ04C07","Empty Units (TEU Twenty-foot Equivalent)","20172","2017Q2","1","Inward","IEMIP","All Main Irish Ports","TEU Twenty-foot Equivalent","15927"
"TBQ04C07","Empty Units (TEU Twenty-foot Equivalent)","20172","2017Q2","1","Inward","IEDUB","Dublin","TEU Twenty-foot Equivalent","4901"
"TBQ04C07","Empty Units (TEU Twenty-foot Equivalent)","20172","2017Q2","1","Inward","IEORK","Cork","TEU Twenty-foot Equivalent","8220"
"TBQ04C07","Empty Units (TEU Twenty-foot Equivalent)","20172","2017Q2","1","Inward","IEWAT","Waterford","TEU Twenty-foot Equivalent","2806"
"TBQ04C07","Empty Units (TEU Twenty-foot Equivalent)","20172","2017Q2","1","Inward","IEFOV","Shannon Foynes","TEU Twenty-foot Equivalent",""
"TBQ04C07","Empty Units (TEU Twenty-foot Equivalent)","20172","2017Q2","2","Outward","IEMIP","All Main Irish Ports","TEU Twenty-foot Equivalent","39919"
"TBQ04C07","Empty Units (TEU Twenty-foot Equivalent)","20172","2017Q2","2","Outward","IEDUB","Dublin","TEU Twenty-foot Equivalent","34161"
"TBQ04C07","Empty Units (TEU Twenty-foot Equivalent)","20172","2017Q2","2","Outward","IEORK","Cork","TEU Twenty-foot Equivalent","4770"
"TBQ04C07","Empty Units (TEU Twenty-foot Equivalent)","20172","2017Q2","2","Outward","IEWAT","Waterford","TEU Twenty-foot Equivalent","988"
"TBQ04C07","Empty Units (TEU Twenty-foot Equivalent)","20172","2017Q2","2","Outward","IEFOV","Shannon Foynes","TEU Twenty-foot Equivalent",""
"TBQ04C07","Empty Units (TEU Twenty-foot Equivalent)","20173","2017Q3","-","All directions","IEMIP","All Main Irish Ports","TEU Twenty-foot Equivalent","57484"
"TBQ04C07","Empty Units (TEU Twenty-foot Equivalent)","20173","2017Q3","-","All directions","IEDUB","Dublin","TEU Twenty-foot Equivalent","43119"
"TBQ04C07","Empty Units (TEU Twenty-foot Equivalent)","20173","2017Q3","-","All directions","IEORK","Cork","TEU Twenty-foot Equivalent","11221"
"TBQ04C07","Empty Units (TEU Twenty-foot Equivalent)","20173","2017Q3","-","All directions","IEWAT","Waterford","TEU Twenty-foot Equivalent","3144"
"TBQ04C07","Empty Units (TEU Twenty-foot Equivalent)","20173","2017Q3","-","All directions","IEFOV","Shannon Foynes","TEU Twenty-foot Equivalent",""
"TBQ04C07","Empty Units (TEU Twenty-foot Equivalent)","20173","2017Q3","1","Inward","IEMIP","All Main Irish Ports","TEU Twenty-foot Equivalent","16397"
"TBQ04C07","Empty Units (TEU Twenty-foot Equivalent)","20173","2017Q3","1","Inward","IEDUB","Dublin","TEU Twenty-foot Equivalent","7119"
"TBQ04C07","Empty Units (TEU Twenty-foot Equivalent)","20173","2017Q3","1","Inward","IEORK","Cork","TEU Twenty-foot Equivalent","6981"
"TBQ04C07","Empty Units (TEU Twenty-foot Equivalent)","20173","2017Q3","1","Inward","IEWAT","Waterford","TEU Twenty-foot Equivalent","2296"
"TBQ04C07","Empty Units (TEU Twenty-foot Equivalent)","20173","2017Q3","1","Inward","IEFOV","Shannon Foynes","TEU Twenty-foot Equivalent",""
"TBQ04C07","Empty Units (TEU Twenty-foot Equivalent)","20173","2017Q3","2","Outward","IEMIP","All Main Irish Ports","TEU Twenty-foot Equivalent","41087"
"TBQ04C07","Empty Units (TEU Twenty-foot Equivalent)","20173","2017Q3","2","Outward","IEDUB","Dublin","TEU Twenty-foot Equivalent","36000"
"TBQ04C07","Empty Units (TEU Twenty-foot Equivalent)","20173","2017Q3","2","Outward","IEORK","Cork","TEU Twenty-foot Equivalent","4240"
"TBQ04C07","Empty Units (TEU Twenty-foot Equivalent)","20173","2017Q3","2","Outward","IEWAT","Waterford","TEU Twenty-foot Equivalent","848"
"TBQ04C07","Empty Units (TEU Twenty-foot Equivalent)","20173","2017Q3","2","Outward","IEFOV","Shannon Foynes","TEU Twenty-foot Equivalent",""
"TBQ04C07","Empty Units (TEU Twenty-foot Equivalent)","20174","2017Q4","-","All directions","IEMIP","All Main Irish Ports","TEU Twenty-foot Equivalent","62334"
"TBQ04C07","Empty Units (TEU Twenty-foot Equivalent)","20174","2017Q4","-","All directions","IEDUB","Dublin","TEU Twenty-foot Equivalent","47327"
"TBQ04C07","Empty Units (TEU Twenty-foot Equivalent)","20174","2017Q4","-","All directions","IEORK","Cork","TEU Twenty-foot Equivalent","12421"
"TBQ04C07","Empty Units (TEU Twenty-foot Equivalent)","20174","2017Q4","-","All directions","IEWAT","Waterford","TEU Twenty-foot Equivalent","2587"
"TBQ04C07","Empty Units (TEU Twenty-foot Equivalent)","20174","2017Q4","-","All directions","IEFOV","Shannon Foynes","TEU Twenty-foot Equivalent",""
"TBQ04C07","Empty Units (TEU Twenty-foot Equivalent)","20174","2017Q4","1","Inward","IEMIP","All Main Irish Ports","TEU Twenty-foot Equivalent","18840"
"TBQ04C07","Empty Units (TEU Twenty-foot Equivalent)","20174","2017Q4","1","Inward","IEDUB","Dublin","TEU Twenty-foot Equivalent","8654"
"TBQ04C07","Empty Units (TEU Twenty-foot Equivalent)","20174","2017Q4","1","Inward","IEORK","Cork","TEU Twenty-foot Equivalent","8471"
"TBQ04C07","Empty Units (TEU Twenty-foot Equivalent)","20174","2017Q4","1","Inward","IEWAT","Waterford","TEU Twenty-foot Equivalent","1716"
"TBQ04C07","Empty Units (TEU Twenty-foot Equivalent)","20174","2017Q4","1","Inward","IEFOV","Shannon Foynes","TEU Twenty-foot Equivalent",""
"TBQ04C07","Empty Units (TEU Twenty-foot Equivalent)","20174","2017Q4","2","Outward","IEMIP","All Main Irish Ports","TEU Twenty-foot Equivalent","43494"
"TBQ04C07","Empty Units (TEU Twenty-foot Equivalent)","20174","2017Q4","2","Outward","IEDUB","Dublin","TEU Twenty-foot Equivalent","38673"
"TBQ04C07","Empty Units (TEU Twenty-foot Equivalent)","20174","2017Q4","2","Outward","IEORK","Cork","TEU Twenty-foot Equivalent","3950"
"TBQ04C07","Empty Units (TEU Twenty-foot Equivalent)","20174","2017Q4","2","Outward","IEWAT","Waterford","TEU Twenty-foot Equivalent","871"
"TBQ04C07","Empty Units (TEU Twenty-foot Equivalent)","20174","2017Q4","2","Outward","IEFOV","Shannon Foynes","TEU Twenty-foot Equivalent",""
"TBQ04C07","Empty Units (TEU Twenty-foot Equivalent)","20181","2018Q1","-","All directions","IEMIP","All Main Irish Ports","TEU Twenty-foot Equivalent","55338"
"TBQ04C07","Empty Units (TEU Twenty-foot Equivalent)","20181","2018Q1","-","All directions","IEDUB","Dublin","TEU Twenty-foot Equivalent","41515"
"TBQ04C07","Empty Units (TEU Twenty-foot Equivalent)","20181","2018Q1","-","All directions","IEORK","Cork","TEU Twenty-foot Equivalent","11382"
"TBQ04C07","Empty Units (TEU Twenty-foot Equivalent)","20181","2018Q1","-","All directions","IEWAT","Waterford","TEU Twenty-foot Equivalent","2442"
"TBQ04C07","Empty Units (TEU Twenty-foot Equivalent)","20181","2018Q1","-","All directions","IEFOV","Shannon Foynes","TEU Twenty-foot Equivalent",""
"TBQ04C07","Empty Units (TEU Twenty-foot Equivalent)","20181","2018Q1","1","Inward","IEMIP","All Main Irish Ports","TEU Twenty-foot Equivalent","17192"
"TBQ04C07","Empty Units (TEU Twenty-foot Equivalent)","20181","2018Q1","1","Inward","IEDUB","Dublin","TEU Twenty-foot Equivalent","8823"
"TBQ04C07","Empty Units (TEU Twenty-foot Equivalent)","20181","2018Q1","1","Inward","IEORK","Cork","TEU Twenty-foot Equivalent","7044"
"TBQ04C07","Empty Units (TEU Twenty-foot Equivalent)","20181","2018Q1","1","Inward","IEWAT","Waterford","TEU Twenty-foot Equivalent","1325"
"TBQ04C07","Empty Units (TEU Twenty-foot Equivalent)","20181","2018Q1","1","Inward","IEFOV","Shannon Foynes","TEU Twenty-foot Equivalent",""
"TBQ04C07","Empty Units (TEU Twenty-foot Equivalent)","20181","2018Q1","2","Outward","IEMIP","All Main Irish Ports","TEU Twenty-foot Equivalent","38146"
"TBQ04C07","Empty Units (TEU Twenty-foot Equivalent)","20181","2018Q1","2","Outward","IEDUB","Dublin","TEU Twenty-foot Equivalent","32692"
"TBQ04C07","Empty Units (TEU Twenty-foot Equivalent)","20181","2018Q1","2","Outward","IEORK","Cork","TEU Twenty-foot Equivalent","4338"
"TBQ04C07","Empty Units (TEU Twenty-foot Equivalent)","20181","2018Q1","2","Outward","IEWAT","Waterford","TEU Twenty-foot Equivalent","1117"
"TBQ04C07","Empty Units (TEU Twenty-foot Equivalent)","20181","2018Q1","2","Outward","IEFOV","Shannon Foynes","TEU Twenty-foot Equivalent",""
"TBQ04C07","Empty Units (TEU Twenty-foot Equivalent)","20182","2018Q2","-","All directions","IEMIP","All Main Irish Ports","TEU Twenty-foot Equivalent","57939"
"TBQ04C07","Empty Units (TEU Twenty-foot Equivalent)","20182","2018Q2","-","All directions","IEDUB","Dublin","TEU Twenty-foot Equivalent","41116"
"TBQ04C07","Empty Units (TEU Twenty-foot Equivalent)","20182","2018Q2","-","All directions","IEORK","Cork","TEU Twenty-foot Equivalent","13572"
"TBQ04C07","Empty Units (TEU Twenty-foot Equivalent)","20182","2018Q2","-","All directions","IEWAT","Waterford","TEU Twenty-foot Equivalent","3251"
"TBQ04C07","Empty Units (TEU Twenty-foot Equivalent)","20182","2018Q2","-","All directions","IEFOV","Shannon Foynes","TEU Twenty-foot Equivalent",""
"TBQ04C07","Empty Units (TEU Twenty-foot Equivalent)","20182","2018Q2","1","Inward","IEMIP","All Main Irish Ports","TEU Twenty-foot Equivalent","17047"
"TBQ04C07","Empty Units (TEU Twenty-foot Equivalent)","20182","2018Q2","1","Inward","IEDUB","Dublin","TEU Twenty-foot Equivalent","6282"
"TBQ04C07","Empty Units (TEU Twenty-foot Equivalent)","20182","2018Q2","1","Inward","IEORK","Cork","TEU Twenty-foot Equivalent","8517"
"TBQ04C07","Empty Units (TEU Twenty-foot Equivalent)","20182","2018Q2","1","Inward","IEWAT","Waterford","TEU Twenty-foot Equivalent","2248"
"TBQ04C07","Empty Units (TEU Twenty-foot Equivalent)","20182","2018Q2","1","Inward","IEFOV","Shannon Foynes","TEU Twenty-foot Equivalent",""
"TBQ04C07","Empty Units (TEU Twenty-foot Equivalent)","20182","2018Q2","2","Outward","IEMIP","All Main Irish Ports","TEU Twenty-foot Equivalent","40892"
"TBQ04C07","Empty Units (TEU Twenty-foot Equivalent)","20182","2018Q2","2","Outward","IEDUB","Dublin","TEU Twenty-foot Equivalent","34834"
"TBQ04C07","Empty Units (TEU Twenty-foot Equivalent)","20182","2018Q2","2","Outward","IEORK","Cork","TEU Twenty-foot Equivalent","5056"
"TBQ04C07","Empty Units (TEU Twenty-foot Equivalent)","20182","2018Q2","2","Outward","IEWAT","Waterford","TEU Twenty-foot Equivalent","1003"
"TBQ04C07","Empty Units (TEU Twenty-foot Equivalent)","20182","2018Q2","2","Outward","IEFOV","Shannon Foynes","TEU Twenty-foot Equivalent",""
"TBQ04C07","Empty Units (TEU Twenty-foot Equivalent)","20183","2018Q3","-","All directions","IEMIP","All Main Irish Ports","TEU Twenty-foot Equivalent","61273"
"TBQ04C07","Empty Units (TEU Twenty-foot Equivalent)","20183","2018Q3","-","All directions","IEDUB","Dublin","TEU Twenty-foot Equivalent","43491"
"TBQ04C07","Empty Units (TEU Twenty-foot Equivalent)","20183","2018Q3","-","All directions","IEORK","Cork","TEU Twenty-foot Equivalent","14152"
"TBQ04C07","Empty Units (TEU Twenty-foot Equivalent)","20183","2018Q3","-","All directions","IEWAT","Waterford","TEU Twenty-foot Equivalent","3631"
"TBQ04C07","Empty Units (TEU Twenty-foot Equivalent)","20183","2018Q3","-","All directions","IEFOV","Shannon Foynes","TEU Twenty-foot Equivalent",""
"TBQ04C07","Empty Units (TEU Twenty-foot Equivalent)","20183","2018Q3","1","Inward","IEMIP","All Main Irish Ports","TEU Twenty-foot Equivalent","15685"
"TBQ04C07","Empty Units (TEU Twenty-foot Equivalent)","20183","2018Q3","1","Inward","IEDUB","Dublin","TEU Twenty-foot Equivalent","4498"
"TBQ04C07","Empty Units (TEU Twenty-foot Equivalent)","20183","2018Q3","1","Inward","IEORK","Cork","TEU Twenty-foot Equivalent","8463"
"TBQ04C07","Empty Units (TEU Twenty-foot Equivalent)","20183","2018Q3","1","Inward","IEWAT","Waterford","TEU Twenty-foot Equivalent","2725"
"TBQ04C07","Empty Units (TEU Twenty-foot Equivalent)","20183","2018Q3","1","Inward","IEFOV","Shannon Foynes","TEU Twenty-foot Equivalent",""
"TBQ04C07","Empty Units (TEU Twenty-foot Equivalent)","20183","2018Q3","2","Outward","IEMIP","All Main Irish Ports","TEU Twenty-foot Equivalent","45588"
"TBQ04C07","Empty Units (TEU Twenty-foot Equivalent)","20183","2018Q3","2","Outward","IEDUB","Dublin","TEU Twenty-foot Equivalent","38993"
"TBQ04C07","Empty Units (TEU Twenty-foot Equivalent)","20183","2018Q3","2","Outward","IEORK","Cork","TEU Twenty-foot Equivalent","5689"
"TBQ04C07","Empty Units (TEU Twenty-foot Equivalent)","20183","2018Q3","2","Outward","IEWAT","Waterford","TEU Twenty-foot Equivalent","906"
"TBQ04C07","Empty Units (TEU Twenty-foot Equivalent)","20183","2018Q3","2","Outward","IEFOV","Shannon Foynes","TEU Twenty-foot Equivalent",""
"TBQ04C07","Empty Units (TEU Twenty-foot Equivalent)","20184","2018Q4","-","All directions","IEMIP","All Main Irish Ports","TEU Twenty-foot Equivalent","61983"
"TBQ04C07","Empty Units (TEU Twenty-foot Equivalent)","20184","2018Q4","-","All directions","IEDUB","Dublin","TEU Twenty-foot Equivalent","45329"
"TBQ04C07","Empty Units (TEU Twenty-foot Equivalent)","20184","2018Q4","-","All directions","IEORK","Cork","TEU Twenty-foot Equivalent","12832"
"TBQ04C07","Empty Units (TEU Twenty-foot Equivalent)","20184","2018Q4","-","All directions","IEWAT","Waterford","TEU Twenty-foot Equivalent","3822"
"TBQ04C07","Empty Units (TEU Twenty-foot Equivalent)","20184","2018Q4","-","All directions","IEFOV","Shannon Foynes","TEU Twenty-foot Equivalent",""
"TBQ04C07","Empty Units (TEU Twenty-foot Equivalent)","20184","2018Q4","1","Inward","IEMIP","All Main Irish Ports","TEU Twenty-foot Equivalent","17570"
"TBQ04C07","Empty Units (TEU Twenty-foot Equivalent)","20184","2018Q4","1","Inward","IEDUB","Dublin","TEU Twenty-foot Equivalent","6895"
"TBQ04C07","Empty Units (TEU Twenty-foot Equivalent)","20184","2018Q4","1","Inward","IEORK","Cork","TEU Twenty-foot Equivalent","7788"
"TBQ04C07","Empty Units (TEU Twenty-foot Equivalent)","20184","2018Q4","1","Inward","IEWAT","Waterford","TEU Twenty-foot Equivalent","2888"
"TBQ04C07","Empty Units (TEU Twenty-foot Equivalent)","20184","2018Q4","1","Inward","IEFOV","Shannon Foynes","TEU Twenty-foot Equivalent",""
"TBQ04C07","Empty Units (TEU Twenty-foot Equivalent)","20184","2018Q4","2","Outward","IEMIP","All Main Irish Ports","TEU Twenty-foot Equivalent","44412"
"TBQ04C07","Empty Units (TEU Twenty-foot Equivalent)","20184","2018Q4","2","Outward","IEDUB","Dublin","TEU Twenty-foot Equivalent","38434"
"TBQ04C07","Empty Units (TEU Twenty-foot Equivalent)","20184","2018Q4","2","Outward","IEORK","Cork","TEU Twenty-foot Equivalent","5044"
"TBQ04C07","Empty Units (TEU Twenty-foot Equivalent)","20184","2018Q4","2","Outward","IEWAT","Waterford","TEU Twenty-foot Equivalent","935"
"TBQ04C07","Empty Units (TEU Twenty-foot Equivalent)","20184","2018Q4","2","Outward","IEFOV","Shannon Foynes","TEU Twenty-foot Equivalent",""
"TBQ04C07","Empty Units (TEU Twenty-foot Equivalent)","20191","2019Q1","-","All directions","IEMIP","All Main Irish Ports","TEU Twenty-foot Equivalent","60764"
"TBQ04C07","Empty Units (TEU Twenty-foot Equivalent)","20191","2019Q1","-","All directions","IEDUB","Dublin","TEU Twenty-foot Equivalent","45957"
"TBQ04C07","Empty Units (TEU Twenty-foot Equivalent)","20191","2019Q1","-","All directions","IEORK","Cork","TEU Twenty-foot Equivalent","11696"
"TBQ04C07","Empty Units (TEU Twenty-foot Equivalent)","20191","2019Q1","-","All directions","IEWAT","Waterford","TEU Twenty-foot Equivalent","3112"
"TBQ04C07","Empty Units (TEU Twenty-foot Equivalent)","20191","2019Q1","-","All directions","IEFOV","Shannon Foynes","TEU Twenty-foot Equivalent",""
"TBQ04C07","Empty Units (TEU Twenty-foot Equivalent)","20191","2019Q1","1","Inward","IEMIP","All Main Irish Ports","TEU Twenty-foot Equivalent","18893"
"TBQ04C07","Empty Units (TEU Twenty-foot Equivalent)","20191","2019Q1","1","Inward","IEDUB","Dublin","TEU Twenty-foot Equivalent","10397"
"TBQ04C07","Empty Units (TEU Twenty-foot Equivalent)","20191","2019Q1","1","Inward","IEORK","Cork","TEU Twenty-foot Equivalent","6297"
"TBQ04C07","Empty Units (TEU Twenty-foot Equivalent)","20191","2019Q1","1","Inward","IEWAT","Waterford","TEU Twenty-foot Equivalent","2199"
"TBQ04C07","Empty Units (TEU Twenty-foot Equivalent)","20191","2019Q1","1","Inward","IEFOV","Shannon Foynes","TEU Twenty-foot Equivalent",""
"TBQ04C07","Empty Units (TEU Twenty-foot Equivalent)","20191","2019Q1","2","Outward","IEMIP","All Main Irish Ports","TEU Twenty-foot Equivalent","41871"
"TBQ04C07","Empty Units (TEU Twenty-foot Equivalent)","20191","2019Q1","2","Outward","IEDUB","Dublin","TEU Twenty-foot Equivalent","35560"
"TBQ04C07","Empty Units (TEU Twenty-foot Equivalent)","20191","2019Q1","2","Outward","IEORK","Cork","TEU Twenty-foot Equivalent","5399"
"TBQ04C07","Empty Units (TEU Twenty-foot Equivalent)","20191","2019Q1","2","Outward","IEWAT","Waterford","TEU Twenty-foot Equivalent","913"
"TBQ04C07","Empty Units (TEU Twenty-foot Equivalent)","20191","2019Q1","2","Outward","IEFOV","Shannon Foynes","TEU Twenty-foot Equivalent",""
"TBQ04C07","Empty Units (TEU Twenty-foot Equivalent)","20192","2019Q2","-","All directions","IEMIP","All Main Irish Ports","TEU Twenty-foot Equivalent","66622"
"TBQ04C07","Empty Units (TEU Twenty-foot Equivalent)","20192","2019Q2","-","All directions","IEDUB","Dublin","TEU Twenty-foot Equivalent","48008"
"TBQ04C07","Empty Units (TEU Twenty-foot Equivalent)","20192","2019Q2","-","All directions","IEORK","Cork","TEU Twenty-foot Equivalent","14887"
"TBQ04C07","Empty Units (TEU Twenty-foot Equivalent)","20192","2019Q2","-","All directions","IEWAT","Waterford","TEU Twenty-foot Equivalent","3727"
"TBQ04C07","Empty Units (TEU Twenty-foot Equivalent)","20192","2019Q2","-","All directions","IEFOV","Shannon Foynes","TEU Twenty-foot Equivalent",""
"TBQ04C07","Empty Units (TEU Twenty-foot Equivalent)","20192","2019Q2","1","Inward","IEMIP","All Main Irish Ports","TEU Twenty-foot Equivalent","21736"
"TBQ04C07","Empty Units (TEU Twenty-foot Equivalent)","20192","2019Q2","1","Inward","IEDUB","Dublin","TEU Twenty-foot Equivalent","9027"
"TBQ04C07","Empty Units (TEU Twenty-foot Equivalent)","20192","2019Q2","1","Inward","IEORK","Cork","TEU Twenty-foot Equivalent","9540"
"TBQ04C07","Empty Units (TEU Twenty-foot Equivalent)","20192","2019Q2","1","Inward","IEWAT","Waterford","TEU Twenty-foot Equivalent","3169"
"TBQ04C07","Empty Units (TEU Twenty-foot Equivalent)","20192","2019Q2","1","Inward","IEFOV","Shannon Foynes","TEU Twenty-foot Equivalent",""
"TBQ04C07","Empty Units (TEU Twenty-foot Equivalent)","20192","2019Q2","2","Outward","IEMIP","All Main Irish Ports","TEU Twenty-foot Equivalent","44886"
"TBQ04C07","Empty Units (TEU Twenty-foot Equivalent)","20192","2019Q2","2","Outward","IEDUB","Dublin","TEU Twenty-foot Equivalent","38982"
"TBQ04C07","Empty Units (TEU Twenty-foot Equivalent)","20192","2019Q2","2","Outward","IEORK","Cork","TEU Twenty-foot Equivalent","5347"
"TBQ04C07","Empty Units (TEU Twenty-foot Equivalent)","20192","2019Q2","2","Outward","IEWAT","Waterford","TEU Twenty-foot Equivalent","558"
"TBQ04C07","Empty Units (TEU Twenty-foot Equivalent)","20192","2019Q2","2","Outward","IEFOV","Shannon Foynes","TEU Twenty-foot Equivalent",""
"TBQ04C07","Empty Units (TEU Twenty-foot Equivalent)","20193","2019Q3","-","All directions","IEMIP","All Main Irish Ports","TEU Twenty-foot Equivalent","62114"
"TBQ04C07","Empty Units (TEU Twenty-foot Equivalent)","20193","2019Q3","-","All directions","IEDUB","Dublin","TEU Twenty-foot Equivalent","42906"
"TBQ04C07","Empty Units (TEU Twenty-foot Equivalent)","20193","2019Q3","-","All directions","IEORK","Cork","TEU Twenty-foot Equivalent","14064"
"TBQ04C07","Empty Units (TEU Twenty-foot Equivalent)","20193","2019Q3","-","All directions","IEWAT","Waterford","TEU Twenty-foot Equivalent","5145"
"TBQ04C07","Empty Units (TEU Twenty-foot Equivalent)","20193","2019Q3","-","All directions","IEFOV","Shannon Foynes","TEU Twenty-foot Equivalent",""
"TBQ04C07","Empty Units (TEU Twenty-foot Equivalent)","20193","2019Q3","1","Inward","IEMIP","All Main Irish Ports","TEU Twenty-foot Equivalent","18664"
"TBQ04C07","Empty Units (TEU Twenty-foot Equivalent)","20193","2019Q3","1","Inward","IEDUB","Dublin","TEU Twenty-foot Equivalent","5293"
"TBQ04C07","Empty Units (TEU Twenty-foot Equivalent)","20193","2019Q3","1","Inward","IEORK","Cork","TEU Twenty-foot Equivalent","9083"
"TBQ04C07","Empty Units (TEU Twenty-foot Equivalent)","20193","2019Q3","1","Inward","IEWAT","Waterford","TEU Twenty-foot Equivalent","4289"
"TBQ04C07","Empty Units (TEU Twenty-foot Equivalent)","20193","2019Q3","1","Inward","IEFOV","Shannon Foynes","TEU Twenty-foot Equivalent",""
"TBQ04C07","Empty Units (TEU Twenty-foot Equivalent)","20193","2019Q3","2","Outward","IEMIP","All Main Irish Ports","TEU Twenty-foot Equivalent","43450"
"TBQ04C07","Empty Units (TEU Twenty-foot Equivalent)","20193","2019Q3","2","Outward","IEDUB","Dublin","TEU Twenty-foot Equivalent","37613"
"TBQ04C07","Empty Units (TEU Twenty-foot Equivalent)","20193","2019Q3","2","Outward","IEORK","Cork","TEU Twenty-foot Equivalent","4981"
"TBQ04C07","Empty Units (TEU Twenty-foot Equivalent)","20193","2019Q3","2","Outward","IEWAT","Waterford","TEU Twenty-foot Equivalent","856"
"TBQ04C07","Empty Units (TEU Twenty-foot Equivalent)","20193","2019Q3","2","Outward","IEFOV","Shannon Foynes","TEU Twenty-foot Equivalent",""
"TBQ04C07","Empty Units (TEU Twenty-foot Equivalent)","20194","2019Q4","-","All directions","IEMIP","All Main Irish Ports","TEU Twenty-foot Equivalent","65579"
"TBQ04C07","Empty Units (TEU Twenty-foot Equivalent)","20194","2019Q4","-","All directions","IEDUB","Dublin","TEU Twenty-foot Equivalent","48195"
"TBQ04C07","Empty Units (TEU Twenty-foot Equivalent)","20194","2019Q4","-","All directions","IEORK","Cork","TEU Twenty-foot Equivalent","12639"
"TBQ04C07","Empty Units (TEU Twenty-foot Equivalent)","20194","2019Q4","-","All directions","IEWAT","Waterford","TEU Twenty-foot Equivalent","4745"
"TBQ04C07","Empty Units (TEU Twenty-foot Equivalent)","20194","2019Q4","-","All directions","IEFOV","Shannon Foynes","TEU Twenty-foot Equivalent",""
"TBQ04C07","Empty Units (TEU Twenty-foot Equivalent)","20194","2019Q4","1","Inward","IEMIP","All Main Irish Ports","TEU Twenty-foot Equivalent","20815"
"TBQ04C07","Empty Units (TEU Twenty-foot Equivalent)","20194","2019Q4","1","Inward","IEDUB","Dublin","TEU Twenty-foot Equivalent","8999"
"TBQ04C07","Empty Units (TEU Twenty-foot Equivalent)","20194","2019Q4","1","Inward","IEORK","Cork","TEU Twenty-foot Equivalent","7996"
"TBQ04C07","Empty Units (TEU Twenty-foot Equivalent)","20194","2019Q4","1","Inward","IEWAT","Waterford","TEU Twenty-foot Equivalent","3820"
"TBQ04C07","Empty Units (TEU Twenty-foot Equivalent)","20194","2019Q4","1","Inward","IEFOV","Shannon Foynes","TEU Twenty-foot Equivalent",""
"TBQ04C07","Empty Units (TEU Twenty-foot Equivalent)","20194","2019Q4","2","Outward","IEMIP","All Main Irish Ports","TEU Twenty-foot Equivalent","44764"
"TBQ04C07","Empty Units (TEU Twenty-foot Equivalent)","20194","2019Q4","2","Outward","IEDUB","Dublin","TEU Twenty-foot Equivalent","39196"
"TBQ04C07","Empty Units (TEU Twenty-foot Equivalent)","20194","2019Q4","2","Outward","IEORK","Cork","TEU Twenty-foot Equivalent","4644"
"TBQ04C07","Empty Units (TEU Twenty-foot Equivalent)","20194","2019Q4","2","Outward","IEWAT","Waterford","TEU Twenty-foot Equivalent","925"
"TBQ04C07","Empty Units (TEU Twenty-foot Equivalent)","20194","2019Q4","2","Outward","IEFOV","Shannon Foynes","TEU Twenty-foot Equivalent",""
"TBQ04C07","Empty Units (TEU Twenty-foot Equivalent)","20201","2020Q1","-","All directions","IEMIP","All Main Irish Ports","TEU Twenty-foot Equivalent","59730"
"TBQ04C07","Empty Units (TEU Twenty-foot Equivalent)","20201","2020Q1","-","All directions","IEDUB","Dublin","TEU Twenty-foot Equivalent","44837"
"TBQ04C07","Empty Units (TEU Twenty-foot Equivalent)","20201","2020Q1","-","All directions","IEORK","Cork","TEU Twenty-foot Equivalent","11048"
"TBQ04C07","Empty Units (TEU Twenty-foot Equivalent)","20201","2020Q1","-","All directions","IEWAT","Waterford","TEU Twenty-foot Equivalent","3845"
"TBQ04C07","Empty Units (TEU Twenty-foot Equivalent)","20201","2020Q1","-","All directions","IEFOV","Shannon Foynes","TEU Twenty-foot Equivalent",""
"TBQ04C07","Empty Units (TEU Twenty-foot Equivalent)","20201","2020Q1","1","Inward","IEMIP","All Main Irish Ports","TEU Twenty-foot Equivalent","19614"
"TBQ04C07","Empty Units (TEU Twenty-foot Equivalent)","20201","2020Q1","1","Inward","IEDUB","Dublin","TEU Twenty-foot Equivalent","10113"
"TBQ04C07","Empty Units (TEU Twenty-foot Equivalent)","20201","2020Q1","1","Inward","IEORK","Cork","TEU Twenty-foot Equivalent","6657"
"TBQ04C07","Empty Units (TEU Twenty-foot Equivalent)","20201","2020Q1","1","Inward","IEWAT","Waterford","TEU Twenty-foot Equivalent","2845"
"TBQ04C07","Empty Units (TEU Twenty-foot Equivalent)","20201","2020Q1","1","Inward","IEFOV","Shannon Foynes","TEU Twenty-foot Equivalent",""
"TBQ04C07","Empty Units (TEU Twenty-foot Equivalent)","20201","2020Q1","2","Outward","IEMIP","All Main Irish Ports","TEU Twenty-foot Equivalent","40116"
"TBQ04C07","Empty Units (TEU Twenty-foot Equivalent)","20201","2020Q1","2","Outward","IEDUB","Dublin","TEU Twenty-foot Equivalent","34724"
"TBQ04C07","Empty Units (TEU Twenty-foot Equivalent)","20201","2020Q1","2","Outward","IEORK","Cork","TEU Twenty-foot Equivalent","4392"
"TBQ04C07","Empty Units (TEU Twenty-foot Equivalent)","20201","2020Q1","2","Outward","IEWAT","Waterford","TEU Twenty-foot Equivalent","1000"
"TBQ04C07","Empty Units (TEU Twenty-foot Equivalent)","20201","2020Q1","2","Outward","IEFOV","Shannon Foynes","TEU Twenty-foot Equivalent",""
"TBQ04C07","Empty Units (TEU Twenty-foot Equivalent)","20202","2020Q2","-","All directions","IEMIP","All Main Irish Ports","TEU Twenty-foot Equivalent","62688"
"TBQ04C07","Empty Units (TEU Twenty-foot Equivalent)","20202","2020Q2","-","All directions","IEDUB","Dublin","TEU Twenty-foot Equivalent","42675"
"TBQ04C07","Empty Units (TEU Twenty-foot Equivalent)","20202","2020Q2","-","All directions","IEORK","Cork","TEU Twenty-foot Equivalent","16153"
"TBQ04C07","Empty Units (TEU Twenty-foot Equivalent)","20202","2020Q2","-","All directions","IEWAT","Waterford","TEU Twenty-foot Equivalent","3860"
"TBQ04C07","Empty Units (TEU Twenty-foot Equivalent)","20202","2020Q2","-","All directions","IEFOV","Shannon Foynes","TEU Twenty-foot Equivalent",""
"TBQ04C07","Empty Units (TEU Twenty-foot Equivalent)","20202","2020Q2","1","Inward","IEMIP","All Main Irish Ports","TEU Twenty-foot Equivalent","24413"
"TBQ04C07","Empty Units (TEU Twenty-foot Equivalent)","20202","2020Q2","1","Inward","IEDUB","Dublin","TEU Twenty-foot Equivalent","11356"
"TBQ04C07","Empty Units (TEU Twenty-foot Equivalent)","20202","2020Q2","1","Inward","IEORK","Cork","TEU Twenty-foot Equivalent","10291"
"TBQ04C07","Empty Units (TEU Twenty-foot Equivalent)","20202","2020Q2","1","Inward","IEWAT","Waterford","TEU Twenty-foot Equivalent","2766"
"TBQ04C07","Empty Units (TEU Twenty-foot Equivalent)","20202","2020Q2","1","Inward","IEFOV","Shannon Foynes","TEU Twenty-foot Equivalent",""
"TBQ04C07","Empty Units (TEU Twenty-foot Equivalent)","20202","2020Q2","2","Outward","IEMIP","All Main Irish Ports","TEU Twenty-foot Equivalent","38275"
"TBQ04C07","Empty Units (TEU Twenty-foot Equivalent)","20202","2020Q2","2","Outward","IEDUB","Dublin","TEU Twenty-foot Equivalent","31319"
"TBQ04C07","Empty Units (TEU Twenty-foot Equivalent)","20202","2020Q2","2","Outward","IEORK","Cork","TEU Twenty-foot Equivalent","5863"
"TBQ04C07","Empty Units (TEU Twenty-foot Equivalent)","20202","2020Q2","2","Outward","IEWAT","Waterford","TEU Twenty-foot Equivalent","1094"
"TBQ04C07","Empty Units (TEU Twenty-foot Equivalent)","20202","2020Q2","2","Outward","IEFOV","Shannon Foynes","TEU Twenty-foot Equivalent",""
"TBQ04C07","Empty Units (TEU Twenty-foot Equivalent)","20203","2020Q3","-","All directions","IEMIP","All Main Irish Ports","TEU Twenty-foot Equivalent","65014"
"TBQ04C07","Empty Units (TEU Twenty-foot Equivalent)","20203","2020Q3","-","All directions","IEDUB","Dublin","TEU Twenty-foot Equivalent","44494"
"TBQ04C07","Empty Units (TEU Twenty-foot Equivalent)","20203","2020Q3","-","All directions","IEORK","Cork","TEU Twenty-foot Equivalent","15749"
"TBQ04C07","Empty Units (TEU Twenty-foot Equivalent)","20203","2020Q3","-","All directions","IEWAT","Waterford","TEU Twenty-foot Equivalent","4771"
"TBQ04C07","Empty Units (TEU Twenty-foot Equivalent)","20203","2020Q3","-","All directions","IEFOV","Shannon Foynes","TEU Twenty-foot Equivalent",""
"TBQ04C07","Empty Units (TEU Twenty-foot Equivalent)","20203","2020Q3","1","Inward","IEMIP","All Main Irish Ports","TEU Twenty-foot Equivalent","21638"
"TBQ04C07","Empty Units (TEU Twenty-foot Equivalent)","20203","2020Q3","1","Inward","IEDUB","Dublin","TEU Twenty-foot Equivalent","7658"
"TBQ04C07","Empty Units (TEU Twenty-foot Equivalent)","20203","2020Q3","1","Inward","IEORK","Cork","TEU Twenty-foot Equivalent","10117"
"TBQ04C07","Empty Units (TEU Twenty-foot Equivalent)","20203","2020Q3","1","Inward","IEWAT","Waterford","TEU Twenty-foot Equivalent","3863"
"TBQ04C07","Empty Units (TEU Twenty-foot Equivalent)","20203","2020Q3","1","Inward","IEFOV","Shannon Foynes","TEU Twenty-foot Equivalent",""
"TBQ04C07","Empty Units (TEU Twenty-foot Equivalent)","20203","2020Q3","2","Outward","IEMIP","All Main Irish Ports","TEU Twenty-foot Equivalent","43376"
"TBQ04C07","Empty Units (TEU Twenty-foot Equivalent)","20203","2020Q3","2","Outward","IEDUB","Dublin","TEU Twenty-foot Equivalent","36836"
"TBQ04C07","Empty Units (TEU Twenty-foot Equivalent)","20203","2020Q3","2","Outward","IEORK","Cork","TEU Twenty-foot Equivalent","5632"
"TBQ04C07","Empty Units (TEU Twenty-foot Equivalent)","20203","2020Q3","2","Outward","IEWAT","Waterford","TEU Twenty-foot Equivalent","908"
"TBQ04C07","Empty Units (TEU Twenty-foot Equivalent)","20203","2020Q3","2","Outward","IEFOV","Shannon Foynes","TEU Twenty-foot Equivalent",""
"TBQ04C07","Empty Units (TEU Twenty-foot Equivalent)","20204","2020Q4","-","All directions","IEMIP","All Main Irish Ports","TEU Twenty-foot Equivalent","70871"
"TBQ04C07","Empty Units (TEU Twenty-foot Equivalent)","20204","2020Q4","-","All directions","IEDUB","Dublin","TEU Twenty-foot Equivalent","54237"
"TBQ04C07","Empty Units (TEU Twenty-foot Equivalent)","20204","2020Q4","-","All directions","IEORK","Cork","TEU Twenty-foot Equivalent","13411"
"TBQ04C07","Empty Units (TEU Twenty-foot Equivalent)","20204","2020Q4","-","All directions","IEWAT","Waterford","TEU Twenty-foot Equivalent","3223"
"TBQ04C07","Empty Units (TEU Twenty-foot Equivalent)","20204","2020Q4","-","All directions","IEFOV","Shannon Foynes","TEU Twenty-foot Equivalent",""
"TBQ04C07","Empty Units (TEU Twenty-foot Equivalent)","20204","2020Q4","1","Inward","IEMIP","All Main Irish Ports","TEU Twenty-foot Equivalent","16655"
"TBQ04C07","Empty Units (TEU Twenty-foot Equivalent)","20204","2020Q4","1","Inward","IEDUB","Dublin","TEU Twenty-foot Equivalent","7791"
"TBQ04C07","Empty Units (TEU Twenty-foot Equivalent)","20204","2020Q4","1","Inward","IEORK","Cork","TEU Twenty-foot Equivalent","6641"
"TBQ04C07","Empty Units (TEU Twenty-foot Equivalent)","20204","2020Q4","1","Inward","IEWAT","Waterford","TEU Twenty-foot Equivalent","2223"
"TBQ04C07","Empty Units (TEU Twenty-foot Equivalent)","20204","2020Q4","1","Inward","IEFOV","Shannon Foynes","TEU Twenty-foot Equivalent",""
"TBQ04C07","Empty Units (TEU Twenty-foot Equivalent)","20204","2020Q4","2","Outward","IEMIP","All Main Irish Ports","TEU Twenty-foot Equivalent","54216"
"TBQ04C07","Empty Units (TEU Twenty-foot Equivalent)","20204","2020Q4","2","Outward","IEDUB","Dublin","TEU Twenty-foot Equivalent","46446"
"TBQ04C07","Empty Units (TEU Twenty-foot Equivalent)","20204","2020Q4","2","Outward","IEORK","Cork","TEU Twenty-foot Equivalent","6770"
"TBQ04C07","Empty Units (TEU Twenty-foot Equivalent)","20204","2020Q4","2","Outward","IEWAT","Waterford","TEU Twenty-foot Equivalent","1001"
"TBQ04C07","Empty Units (TEU Twenty-foot Equivalent)","20204","2020Q4","2","Outward","IEFOV","Shannon Foynes","TEU Twenty-foot Equivalent",""
"TBQ04C07","Empty Units (TEU Twenty-foot Equivalent)","20211","2021Q1","-","All directions","IEMIP","All Main Irish Ports","TEU Twenty-foot Equivalent","68031"
"TBQ04C07","Empty Units (TEU Twenty-foot Equivalent)","20211","2021Q1","-","All directions","IEDUB","Dublin","TEU Twenty-foot Equivalent","50760"
"TBQ04C07","Empty Units (TEU Twenty-foot Equivalent)","20211","2021Q1","-","All directions","IEORK","Cork","TEU Twenty-foot Equivalent","13868"
"TBQ04C07","Empty Units (TEU Twenty-foot Equivalent)","20211","2021Q1","-","All directions","IEWAT","Waterford","TEU Twenty-foot Equivalent","3404"
"TBQ04C07","Empty Units (TEU Twenty-foot Equivalent)","20211","2021Q1","-","All directions","IEFOV","Shannon Foynes","TEU Twenty-foot Equivalent",""
"TBQ04C07","Empty Units (TEU Twenty-foot Equivalent)","20211","2021Q1","1","Inward","IEMIP","All Main Irish Ports","TEU Twenty-foot Equivalent","17498"
"TBQ04C07","Empty Units (TEU Twenty-foot Equivalent)","20211","2021Q1","1","Inward","IEDUB","Dublin","TEU Twenty-foot Equivalent","8685"
"TBQ04C07","Empty Units (TEU Twenty-foot Equivalent)","20211","2021Q1","1","Inward","IEORK","Cork","TEU Twenty-foot Equivalent","6342"
"TBQ04C07","Empty Units (TEU Twenty-foot Equivalent)","20211","2021Q1","1","Inward","IEWAT","Waterford","TEU Twenty-foot Equivalent","2471"
"TBQ04C07","Empty Units (TEU Twenty-foot Equivalent)","20211","2021Q1","1","Inward","IEFOV","Shannon Foynes","TEU Twenty-foot Equivalent",""
"TBQ04C07","Empty Units (TEU Twenty-foot Equivalent)","20211","2021Q1","2","Outward","IEMIP","All Main Irish Ports","TEU Twenty-foot Equivalent","50533"
"TBQ04C07","Empty Units (TEU Twenty-foot Equivalent)","20211","2021Q1","2","Outward","IEDUB","Dublin","TEU Twenty-foot Equivalent","42075"
"TBQ04C07","Empty Units (TEU Twenty-foot Equivalent)","20211","2021Q1","2","Outward","IEORK","Cork","TEU Twenty-foot Equivalent","7526"
"TBQ04C07","Empty Units (TEU Twenty-foot Equivalent)","20211","2021Q1","2","Outward","IEWAT","Waterford","TEU Twenty-foot Equivalent","933"
"TBQ04C07","Empty Units (TEU Twenty-foot Equivalent)","20211","2021Q1","2","Outward","IEFOV","Shannon Foynes","TEU Twenty-foot Equivalent",""
"TBQ04C07","Empty Units (TEU Twenty-foot Equivalent)","20212","2021Q2","-","All directions","IEMIP","All Main Irish Ports","TEU Twenty-foot Equivalent","73954"
"TBQ04C07","Empty Units (TEU Twenty-foot Equivalent)","20212","2021Q2","-","All directions","IEDUB","Dublin","TEU Twenty-foot Equivalent","53301"
"TBQ04C07","Empty Units (TEU Twenty-foot Equivalent)","20212","2021Q2","-","All directions","IEORK","Cork","TEU Twenty-foot Equivalent","17060"
"TBQ04C07","Empty Units (TEU Twenty-foot Equivalent)","20212","2021Q2","-","All directions","IEWAT","Waterford","TEU Twenty-foot Equivalent","3592"
"TBQ04C07","Empty Units (TEU Twenty-foot Equivalent)","20212","2021Q2","-","All directions","IEFOV","Shannon Foynes","TEU Twenty-foot Equivalent",""
"TBQ04C07","Empty Units (TEU Twenty-foot Equivalent)","20212","2021Q2","1","Inward","IEMIP","All Main Irish Ports","TEU Twenty-foot Equivalent","19150"
"TBQ04C07","Empty Units (TEU Twenty-foot Equivalent)","20212","2021Q2","1","Inward","IEDUB","Dublin","TEU Twenty-foot Equivalent","7593"
"TBQ04C07","Empty Units (TEU Twenty-foot Equivalent)","20212","2021Q2","1","Inward","IEORK","Cork","TEU Twenty-foot Equivalent","9192"
"TBQ04C07","Empty Units (TEU Twenty-foot Equivalent)","20212","2021Q2","1","Inward","IEWAT","Waterford","TEU Twenty-foot Equivalent","2365"
"TBQ04C07","Empty Units (TEU Twenty-foot Equivalent)","20212","2021Q2","1","Inward","IEFOV","Shannon Foynes","TEU Twenty-foot Equivalent",""
"TBQ04C07","Empty Units (TEU Twenty-foot Equivalent)","20212","2021Q2","2","Outward","IEMIP","All Main Irish Ports","TEU Twenty-foot Equivalent","54803"
"TBQ04C07","Empty Units (TEU Twenty-foot Equivalent)","20212","2021Q2","2","Outward","IEDUB","Dublin","TEU Twenty-foot Equivalent","45708"
"TBQ04C07","Empty Units (TEU Twenty-foot Equivalent)","20212","2021Q2","2","Outward","IEORK","Cork","TEU Twenty-foot Equivalent","7868"
"TBQ04C07","Empty Units (TEU Twenty-foot Equivalent)","20212","2021Q2","2","Outward","IEWAT","Waterford","TEU Twenty-foot Equivalent","1227"
"TBQ04C07","Empty Units (TEU Twenty-foot Equivalent)","20212","2021Q2","2","Outward","IEFOV","Shannon Foynes","TEU Twenty-foot Equivalent",""
"TBQ04C07","Empty Units (TEU Twenty-foot Equivalent)","20213","2021Q3","-","All directions","IEMIP","All Main Irish Ports","TEU Twenty-foot Equivalent","72272"
"TBQ04C07","Empty Units (TEU Twenty-foot Equivalent)","20213","2021Q3","-","All directions","IEDUB","Dublin","TEU Twenty-foot Equivalent","49885"
"TBQ04C07","Empty Units (TEU Twenty-foot Equivalent)","20213","2021Q3","-","All directions","IEORK","Cork","TEU Twenty-foot Equivalent","18376"
"TBQ04C07","Empty Units (TEU Twenty-foot Equivalent)","20213","2021Q3","-","All directions","IEWAT","Waterford","TEU Twenty-foot Equivalent","4012"
"TBQ04C07","Empty Units (TEU Twenty-foot Equivalent)","20213","2021Q3","-","All directions","IEFOV","Shannon Foynes","TEU Twenty-foot Equivalent",""
"TBQ04C07","Empty Units (TEU Twenty-foot Equivalent)","20213","2021Q3","1","Inward","IEMIP","All Main Irish Ports","TEU Twenty-foot Equivalent","17497"
"TBQ04C07","Empty Units (TEU Twenty-foot Equivalent)","20213","2021Q3","1","Inward","IEDUB","Dublin","TEU Twenty-foot Equivalent","5163"
"TBQ04C07","Empty Units (TEU Twenty-foot Equivalent)","20213","2021Q3","1","Inward","IEORK","Cork","TEU Twenty-foot Equivalent","9554"
"TBQ04C07","Empty Units (TEU Twenty-foot Equivalent)","20213","2021Q3","1","Inward","IEWAT","Waterford","TEU Twenty-foot Equivalent","2780"
"TBQ04C07","Empty Units (TEU Twenty-foot Equivalent)","20213","2021Q3","1","Inward","IEFOV","Shannon Foynes","TEU Twenty-foot Equivalent",""
"TBQ04C07","Empty Units (TEU Twenty-foot Equivalent)","20213","2021Q3","2","Outward","IEMIP","All Main Irish Ports","TEU Twenty-foot Equivalent","54775"
"TBQ04C07","Empty Units (TEU Twenty-foot Equivalent)","20213","2021Q3","2","Outward","IEDUB","Dublin","TEU Twenty-foot Equivalent","44722"
"TBQ04C07","Empty Units (TEU Twenty-foot Equivalent)","20213","2021Q3","2","Outward","IEORK","Cork","TEU Twenty-foot Equivalent","8822"
"TBQ04C07","Empty Units (TEU Twenty-foot Equivalent)","20213","2021Q3","2","Outward","IEWAT","Waterford","TEU Twenty-foot Equivalent","1232"
"TBQ04C07","Empty Units (TEU Twenty-foot Equivalent)","20213","2021Q3","2","Outward","IEFOV","Shannon Foynes","TEU Twenty-foot Equivalent",""
"TBQ04C07","Empty Units (TEU Twenty-foot Equivalent)","20214","2021Q4","-","All directions","IEMIP","All Main Irish Ports","TEU Twenty-foot Equivalent","68366"
"TBQ04C07","Empty Units (TEU Twenty-foot Equivalent)","20214","2021Q4","-","All directions","IEDUB","Dublin","TEU Twenty-foot Equivalent","48893"
"TBQ04C07","Empty Units (TEU Twenty-foot Equivalent)","20214","2021Q4","-","All directions","IEORK","Cork","TEU Twenty-foot Equivalent","15159"
"TBQ04C07","Empty Units (TEU Twenty-foot Equivalent)","20214","2021Q4","-","All directions","IEWAT","Waterford","TEU Twenty-foot Equivalent","4314"
"TBQ04C07","Empty Units (TEU Twenty-foot Equivalent)","20214","2021Q4","-","All directions","IEFOV","Shannon Foynes","TEU Twenty-foot Equivalent",""
"TBQ04C07","Empty Units (TEU Twenty-foot Equivalent)","20214","2021Q4","1","Inward","IEMIP","All Main Irish Ports","TEU Twenty-foot Equivalent","17352"
"TBQ04C07","Empty Units (TEU Twenty-foot Equivalent)","20214","2021Q4","1","Inward","IEDUB","Dublin","TEU Twenty-foot Equivalent","5756"
"TBQ04C07","Empty Units (TEU Twenty-foot Equivalent)","20214","2021Q4","1","Inward","IEORK","Cork","TEU Twenty-foot Equivalent","8351"
"TBQ04C07","Empty Units (TEU Twenty-foot Equivalent)","20214","2021Q4","1","Inward","IEWAT","Waterford","TEU Twenty-foot Equivalent","3246"
"TBQ04C07","Empty Units (TEU Twenty-foot Equivalent)","20214","2021Q4","1","Inward","IEFOV","Shannon Foynes","TEU Twenty-foot Equivalent",""
"TBQ04C07","Empty Units (TEU Twenty-foot Equivalent)","20214","2021Q4","2","Outward","IEMIP","All Main Irish Ports","TEU Twenty-foot Equivalent","51014"
"TBQ04C07","Empty Units (TEU Twenty-foot Equivalent)","20214","2021Q4","2","Outward","IEDUB","Dublin","TEU Twenty-foot Equivalent","43137"
"TBQ04C07","Empty Units (TEU Twenty-foot Equivalent)","20214","2021Q4","2","Outward","IEORK","Cork","TEU Twenty-foot Equivalent","6809"
"TBQ04C07","Empty Units (TEU Twenty-foot Equivalent)","20214","2021Q4","2","Outward","IEWAT","Waterford","TEU Twenty-foot Equivalent","1068"
"TBQ04C07","Empty Units (TEU Twenty-foot Equivalent)","20214","2021Q4","2","Outward","IEFOV","Shannon Foynes","TEU Twenty-foot Equivalent",""
"TBQ04C07","Empty Units (TEU Twenty-foot Equivalent)","20221","2022Q1","-","All directions","IEMIP","All Main Irish Ports","TEU Twenty-foot Equivalent","73548"
"TBQ04C07","Empty Units (TEU Twenty-foot Equivalent)","20221","2022Q1","-","All directions","IEDUB","Dublin","TEU Twenty-foot Equivalent","54145"
"TBQ04C07","Empty Units (TEU Twenty-foot Equivalent)","20221","2022Q1","-","All directions","IEORK","Cork","TEU Twenty-foot Equivalent","16381"
"TBQ04C07","Empty Units (TEU Twenty-foot Equivalent)","20221","2022Q1","-","All directions","IEWAT","Waterford","TEU Twenty-foot Equivalent","3023"
"TBQ04C07","Empty Units (TEU Twenty-foot Equivalent)","20221","2022Q1","-","All directions","IEFOV","Shannon Foynes","TEU Twenty-foot Equivalent",""
"TBQ04C07","Empty Units (TEU Twenty-foot Equivalent)","20221","2022Q1","1","Inward","IEMIP","All Main Irish Ports","TEU Twenty-foot Equivalent","15922"
"TBQ04C07","Empty Units (TEU Twenty-foot Equivalent)","20221","2022Q1","1","Inward","IEDUB","Dublin","TEU Twenty-foot Equivalent","7886"
"TBQ04C07","Empty Units (TEU Twenty-foot Equivalent)","20221","2022Q1","1","Inward","IEORK","Cork","TEU Twenty-foot Equivalent","6177"
"TBQ04C07","Empty Units (TEU Twenty-foot Equivalent)","20221","2022Q1","1","Inward","IEWAT","Waterford","TEU Twenty-foot Equivalent","1859"
"TBQ04C07","Empty Units (TEU Twenty-foot Equivalent)","20221","2022Q1","1","Inward","IEFOV","Shannon Foynes","TEU Twenty-foot Equivalent",""
"TBQ04C07","Empty Units (TEU Twenty-foot Equivalent)","20221","2022Q1","2","Outward","IEMIP","All Main Irish Ports","TEU Twenty-foot Equivalent","57627"
"TBQ04C07","Empty Units (TEU Twenty-foot Equivalent)","20221","2022Q1","2","Outward","IEDUB","Dublin","TEU Twenty-foot Equivalent","46259"
"TBQ04C07","Empty Units (TEU Twenty-foot Equivalent)","20221","2022Q1","2","Outward","IEORK","Cork","TEU Twenty-foot Equivalent","10205"
"TBQ04C07","Empty Units (TEU Twenty-foot Equivalent)","20221","2022Q1","2","Outward","IEWAT","Waterford","TEU Twenty-foot Equivalent","1163"
"TBQ04C07","Empty Units (TEU Twenty-foot Equivalent)","20221","2022Q1","2","Outward","IEFOV","Shannon Foynes","TEU Twenty-foot Equivalent",""
"TBQ04C07","Empty Units (TEU Twenty-foot Equivalent)","20222","2022Q2","-","All directions","IEMIP","All Main Irish Ports","TEU Twenty-foot Equivalent","77743"
"TBQ04C07","Empty Units (TEU Twenty-foot Equivalent)","20222","2022Q2","-","All directions","IEDUB","Dublin","TEU Twenty-foot Equivalent","56460"
"TBQ04C07","Empty Units (TEU Twenty-foot Equivalent)","20222","2022Q2","-","All directions","IEORK","Cork","TEU Twenty-foot Equivalent","17560"
"TBQ04C07","Empty Units (TEU Twenty-foot Equivalent)","20222","2022Q2","-","All directions","IEWAT","Waterford","TEU Twenty-foot Equivalent","3723"
"TBQ04C07","Empty Units (TEU Twenty-foot Equivalent)","20222","2022Q2","-","All directions","IEFOV","Shannon Foynes","TEU Twenty-foot Equivalent",""
"TBQ04C07","Empty Units (TEU Twenty-foot Equivalent)","20222","2022Q2","1","Inward","IEMIP","All Main Irish Ports","TEU Twenty-foot Equivalent","17906"
"TBQ04C07","Empty Units (TEU Twenty-foot Equivalent)","20222","2022Q2","1","Inward","IEDUB","Dublin","TEU Twenty-foot Equivalent","7045"
"TBQ04C07","Empty Units (TEU Twenty-foot Equivalent)","20222","2022Q2","1","Inward","IEORK","Cork","TEU Twenty-foot Equivalent","8381"
"TBQ04C07","Empty Units (TEU Twenty-foot Equivalent)","20222","2022Q2","1","Inward","IEWAT","Waterford","TEU Twenty-foot Equivalent","2481"
"TBQ04C07","Empty Units (TEU Twenty-foot Equivalent)","20222","2022Q2","1","Inward","IEFOV","Shannon Foynes","TEU Twenty-foot Equivalent",""
"TBQ04C07","Empty Units (TEU Twenty-foot Equivalent)","20222","2022Q2","2","Outward","IEMIP","All Main Irish Ports","TEU Twenty-foot Equivalent","59837"
"TBQ04C07","Empty Units (TEU Twenty-foot Equivalent)","20222","2022Q2","2","Outward","IEDUB","Dublin","TEU Twenty-foot Equivalent","49415"
"TBQ04C07","Empty Units (TEU Twenty-foot Equivalent)","20222","2022Q2","2","Outward","IEORK","Cork","TEU Twenty-foot Equivalent","9180"
"TBQ04C07","Empty Units (TEU Twenty-foot Equivalent)","20222","2022Q2","2","Outward","IEWAT","Waterford","TEU Twenty-foot Equivalent","1242"
"TBQ04C07","Empty Units (TEU Twenty-foot Equivalent)","20222","2022Q2","2","Outward","IEFOV","Shannon Foynes","TEU Twenty-foot Equivalent",""
"TBQ04C07","Empty Units (TEU Twenty-foot Equivalent)","20223","2022Q3","-","All directions","IEMIP","All Main Irish Ports","TEU Twenty-foot Equivalent","75552"
"TBQ04C07","Empty Units (TEU Twenty-foot Equivalent)","20223","2022Q3","-","All directions","IEDUB","Dublin","TEU Twenty-foot Equivalent","52399"
"TBQ04C07","Empty Units (TEU Twenty-foot Equivalent)","20223","2022Q3","-","All directions","IEORK","Cork","TEU Twenty-foot Equivalent","19235"
"TBQ04C07","Empty Units (TEU Twenty-foot Equivalent)","20223","2022Q3","-","All directions","IEWAT","Waterford","TEU Twenty-foot Equivalent","3918"
"TBQ04C07","Empty Units (TEU Twenty-foot Equivalent)","20223","2022Q3","-","All directions","IEFOV","Shannon Foynes","TEU Twenty-foot Equivalent",""
"TBQ04C07","Empty Units (TEU Twenty-foot Equivalent)","20223","2022Q3","1","Inward","IEMIP","All Main Irish Ports","TEU Twenty-foot Equivalent","19980"
"TBQ04C07","Empty Units (TEU Twenty-foot Equivalent)","20223","2022Q3","1","Inward","IEDUB","Dublin","TEU Twenty-foot Equivalent","7022"
"TBQ04C07","Empty Units (TEU Twenty-foot Equivalent)","20223","2022Q3","1","Inward","IEORK","Cork","TEU Twenty-foot Equivalent","10156"
"TBQ04C07","Empty Units (TEU Twenty-foot Equivalent)","20223","2022Q3","1","Inward","IEWAT","Waterford","TEU Twenty-foot Equivalent","2803"
"TBQ04C07","Empty Units (TEU Twenty-foot Equivalent)","20223","2022Q3","1","Inward","IEFOV","Shannon Foynes","TEU Twenty-foot Equivalent",""
"TBQ04C07","Empty Units (TEU Twenty-foot Equivalent)","20223","2022Q3","2","Outward","IEMIP","All Main Irish Ports","TEU Twenty-foot Equivalent","55572"
"TBQ04C07","Empty Units (TEU Twenty-foot Equivalent)","20223","2022Q3","2","Outward","IEDUB","Dublin","TEU Twenty-foot Equivalent","45377"
"TBQ04C07","Empty Units (TEU Twenty-foot Equivalent)","20223","2022Q3","2","Outward","IEORK","Cork","TEU Twenty-foot Equivalent","9080"
"TBQ04C07","Empty Units (TEU Twenty-foot Equivalent)","20223","2022Q3","2","Outward","IEWAT","Waterford","TEU Twenty-foot Equivalent","1115"
"TBQ04C07","Empty Units (TEU Twenty-foot Equivalent)","20223","2022Q3","2","Outward","IEFOV","Shannon Foynes","TEU Twenty-foot Equivalent",""
"TBQ04C07","Empty Units (TEU Twenty-foot Equivalent)","20224","2022Q4","-","All directions","IEMIP","All Main Irish Ports","TEU Twenty-foot Equivalent","63534"
"TBQ04C07","Empty Units (TEU Twenty-foot Equivalent)","20224","2022Q4","-","All directions","IEDUB","Dublin","TEU Twenty-foot Equivalent","45022"
"TBQ04C07","Empty Units (TEU Twenty-foot Equivalent)","20224","2022Q4","-","All directions","IEORK","Cork","TEU Twenty-foot Equivalent","14845"
"TBQ04C07","Empty Units (TEU Twenty-foot Equivalent)","20224","2022Q4","-","All directions","IEWAT","Waterford","TEU Twenty-foot Equivalent","3667"
"TBQ04C07","Empty Units (TEU Twenty-foot Equivalent)","20224","2022Q4","-","All directions","IEFOV","Shannon Foynes","TEU Twenty-foot Equivalent",""
"TBQ04C07","Empty Units (TEU Twenty-foot Equivalent)","20224","2022Q4","1","Inward","IEMIP","All Main Irish Ports","TEU Twenty-foot Equivalent","16036"
"TBQ04C07","Empty Units (TEU Twenty-foot Equivalent)","20224","2022Q4","1","Inward","IEDUB","Dublin","TEU Twenty-foot Equivalent","6273"
"TBQ04C07","Empty Units (TEU Twenty-foot Equivalent)","20224","2022Q4","1","Inward","IEORK","Cork","TEU Twenty-foot Equivalent","7052"
"TBQ04C07","Empty Units (TEU Twenty-foot Equivalent)","20224","2022Q4","1","Inward","IEWAT","Waterford","TEU Twenty-foot Equivalent","2711"
"TBQ04C07","Empty Units (TEU Twenty-foot Equivalent)","20224","2022Q4","1","Inward","IEFOV","Shannon Foynes","TEU Twenty-foot Equivalent",""
"TBQ04C07","Empty Units (TEU Twenty-foot Equivalent)","20224","2022Q4","2","Outward","IEMIP","All Main Irish Ports","TEU Twenty-foot Equivalent","47498"
"TBQ04C07","Empty Units (TEU Twenty-foot Equivalent)","20224","2022Q4","2","Outward","IEDUB","Dublin","TEU Twenty-foot Equivalent","38749"
"TBQ04C07","Empty Units (TEU Twenty-foot Equivalent)","20224","2022Q4","2","Outward","IEORK","Cork","TEU Twenty-foot Equivalent","7793"
"TBQ04C07","Empty Units (TEU Twenty-foot Equivalent)","20224","2022Q4","2","Outward","IEWAT","Waterford","TEU Twenty-foot Equivalent","956"
"TBQ04C07","Empty Units (TEU Twenty-foot Equivalent)","20224","2022Q4","2","Outward","IEFOV","Shannon Foynes","TEU Twenty-foot Equivalent",""
"TBQ04C07","Empty Units (TEU Twenty-foot Equivalent)","20231","2023Q1","-","All directions","IEMIP","All Main Irish Ports","TEU Twenty-foot Equivalent","66564"
"TBQ04C07","Empty Units (TEU Twenty-foot Equivalent)","20231","2023Q1","-","All directions","IEDUB","Dublin","TEU Twenty-foot Equivalent","49439"
"TBQ04C07","Empty Units (TEU Twenty-foot Equivalent)","20231","2023Q1","-","All directions","IEORK","Cork","TEU Twenty-foot Equivalent","15159"
"TBQ04C07","Empty Units (TEU Twenty-foot Equivalent)","20231","2023Q1","-","All directions","IEWAT","Waterford","TEU Twenty-foot Equivalent","1966"
"TBQ04C07","Empty Units (TEU Twenty-foot Equivalent)","20231","2023Q1","-","All directions","IEFOV","Shannon Foynes","TEU Twenty-foot Equivalent",""
"TBQ04C07","Empty Units (TEU Twenty-foot Equivalent)","20231","2023Q1","1","Inward","IEMIP","All Main Irish Ports","TEU Twenty-foot Equivalent","14481"
"TBQ04C07","Empty Units (TEU Twenty-foot Equivalent)","20231","2023Q1","1","Inward","IEDUB","Dublin","TEU Twenty-foot Equivalent","7084"
"TBQ04C07","Empty Units (TEU Twenty-foot Equivalent)","20231","2023Q1","1","Inward","IEORK","Cork","TEU Twenty-foot Equivalent","6296"
"TBQ04C07","Empty Units (TEU Twenty-foot Equivalent)","20231","2023Q1","1","Inward","IEWAT","Waterford","TEU Twenty-foot Equivalent","1101"
"TBQ04C07","Empty Units (TEU Twenty-foot Equivalent)","20231","2023Q1","1","Inward","IEFOV","Shannon Foynes","TEU Twenty-foot Equivalent",""
"TBQ04C07","Empty Units (TEU Twenty-foot Equivalent)","20231","2023Q1","2","Outward","IEMIP","All Main Irish Ports","TEU Twenty-foot Equivalent","52083"
"TBQ04C07","Empty Units (TEU Twenty-foot Equivalent)","20231","2023Q1","2","Outward","IEDUB","Dublin","TEU Twenty-foot Equivalent","42356"
"TBQ04C07","Empty Units (TEU Twenty-foot Equivalent)","20231","2023Q1","2","Outward","IEORK","Cork","TEU Twenty-foot Equivalent","8863"
"TBQ04C07","Empty Units (TEU Twenty-foot Equivalent)","20231","2023Q1","2","Outward","IEWAT","Waterford","TEU Twenty-foot Equivalent","864"
"TBQ04C07","Empty Units (TEU Twenty-foot Equivalent)","20231","2023Q1","2","Outward","IEFOV","Shannon Foynes","TEU Twenty-foot Equivalent",""
"TBQ04C07","Empty Units (TEU Twenty-foot Equivalent)","20232","2023Q2","-","All directions","IEMIP","All Main Irish Ports","TEU Twenty-foot Equivalent","64368"
"TBQ04C07","Empty Units (TEU Twenty-foot Equivalent)","20232","2023Q2","-","All directions","IEDUB","Dublin","TEU Twenty-foot Equivalent","46210"
"TBQ04C07","Empty Units (TEU Twenty-foot Equivalent)","20232","2023Q2","-","All directions","IEORK","Cork","TEU Twenty-foot Equivalent","15022"
"TBQ04C07","Empty Units (TEU Twenty-foot Equivalent)","20232","2023Q2","-","All directions","IEWAT","Waterford","TEU Twenty-foot Equivalent","3136"
"TBQ04C07","Empty Units (TEU Twenty-foot Equivalent)","20232","2023Q2","-","All directions","IEFOV","Shannon Foynes","TEU Twenty-foot Equivalent",""
"TBQ04C07","Empty Units (TEU Twenty-foot Equivalent)","20232","2023Q2","1","Inward","IEMIP","All Main Irish Ports","TEU Twenty-foot Equivalent","15966"
"TBQ04C07","Empty Units (TEU Twenty-foot Equivalent)","20232","2023Q2","1","Inward","IEDUB","Dublin","TEU Twenty-foot Equivalent","5899"
"TBQ04C07","Empty Units (TEU Twenty-foot Equivalent)","20232","2023Q2","1","Inward","IEORK","Cork","TEU Twenty-foot Equivalent","7772"
"TBQ04C07","Empty Units (TEU Twenty-foot Equivalent)","20232","2023Q2","1","Inward","IEWAT","Waterford","TEU Twenty-foot Equivalent","2294"
"TBQ04C07","Empty Units (TEU Twenty-foot Equivalent)","20232","2023Q2","1","Inward","IEFOV","Shannon Foynes","TEU Twenty-foot Equivalent",""
"TBQ04C07","Empty Units (TEU Twenty-foot Equivalent)","20232","2023Q2","2","Outward","IEMIP","All Main Irish Ports","TEU Twenty-foot Equivalent","48402"
"TBQ04C07","Empty Units (TEU Twenty-foot Equivalent)","20232","2023Q2","2","Outward","IEDUB","Dublin","TEU Twenty-foot Equivalent","40311"
"TBQ04C07","Empty Units (TEU Twenty-foot Equivalent)","20232","2023Q2","2","Outward","IEORK","Cork","TEU Twenty-foot Equivalent","7250"
"TBQ04C07","Empty Units (TEU Twenty-foot Equivalent)","20232","2023Q2","2","Outward","IEWAT","Waterford","TEU Twenty-foot Equivalent","842"
"TBQ04C07","Empty Units (TEU Twenty-foot Equivalent)","20232","2023Q2","2","Outward","IEFOV","Shannon Foynes","TEU Twenty-foot Equivalent",""
"TBQ04C07","Empty Units (TEU Twenty-foot Equivalent)","20233","2023Q3","-","All directions","IEMIP","All Main Irish Ports","TEU Twenty-foot Equivalent","95583"
"TBQ04C07","Empty Units (TEU Twenty-foot Equivalent)","20233","2023Q3","-","All directions","IEDUB","Dublin","TEU Twenty-foot Equivalent","77100"
"TBQ04C07","Empty Units (TEU Twenty-foot Equivalent)","20233","2023Q3","-","All directions","IEORK","Cork","TEU Twenty-foot Equivalent","15484"
"TBQ04C07","Empty Units (TEU Twenty-foot Equivalent)","20233","2023Q3","-","All directions","IEWAT","Waterford","TEU Twenty-foot Equivalent","2999"
"TBQ04C07","Empty Units (TEU Twenty-foot Equivalent)","20233","2023Q3","-","All directions","IEFOV","Shannon Foynes","TEU Twenty-foot Equivalent",""
"TBQ04C07","Empty Units (TEU Twenty-foot Equivalent)","20233","2023Q3","1","Inward","IEMIP","All Main Irish Ports","TEU Twenty-foot Equivalent","16040"
"TBQ04C07","Empty Units (TEU Twenty-foot Equivalent)","20233","2023Q3","1","Inward","IEDUB","Dublin","TEU Twenty-foot Equivalent","5032"
"TBQ04C07","Empty Units (TEU Twenty-foot Equivalent)","20233","2023Q3","1","Inward","IEORK","Cork","TEU Twenty-foot Equivalent","8806"
"TBQ04C07","Empty Units (TEU Twenty-foot Equivalent)","20233","2023Q3","1","Inward","IEWAT","Waterford","TEU Twenty-foot Equivalent","2202"
"TBQ04C07","Empty Units (TEU Twenty-foot Equivalent)","20233","2023Q3","1","Inward","IEFOV","Shannon Foynes","TEU Twenty-foot Equivalent",""
"TBQ04C07","Empty Units (TEU Twenty-foot Equivalent)","20233","2023Q3","2","Outward","IEMIP","All Main Irish Ports","TEU Twenty-foot Equivalent","79543"
"TBQ04C07","Empty Units (TEU Twenty-foot Equivalent)","20233","2023Q3","2","Outward","IEDUB","Dublin","TEU Twenty-foot Equivalent","72068"
"TBQ04C07","Empty Units (TEU Twenty-foot Equivalent)","20233","2023Q3","2","Outward","IEORK","Cork","TEU Twenty-foot Equivalent","6678"
"TBQ04C07","Empty Units (TEU Twenty-foot Equivalent)","20233","2023Q3","2","Outward","IEWAT","Waterford","TEU Twenty-foot Equivalent","797"
"TBQ04C07","Empty Units (TEU Twenty-foot Equivalent)","20233","2023Q3","2","Outward","IEFOV","Shannon Foynes","TEU Twenty-foot Equivalent",""
"TBQ04C07","Empty Units (TEU Twenty-foot Equivalent)","20234","2023Q4","-","All directions","IEMIP","All Main Irish Ports","TEU Twenty-foot Equivalent","68247"
"TBQ04C07","Empty Units (TEU Twenty-foot Equivalent)","20234","2023Q4","-","All directions","IEDUB","Dublin","TEU Twenty-foot Equivalent","50127"
"TBQ04C07","Empty Units (TEU Twenty-foot Equivalent)","20234","2023Q4","-","All directions","IEORK","Cork","TEU Twenty-foot Equivalent","15660"
"TBQ04C07","Empty Units (TEU Twenty-foot Equivalent)","20234","2023Q4","-","All directions","IEWAT","Waterford","TEU Twenty-foot Equivalent","2461"
"TBQ04C07","Empty Units (TEU Twenty-foot Equivalent)","20234","2023Q4","-","All directions","IEFOV","Shannon Foynes","TEU Twenty-foot Equivalent",""
"TBQ04C07","Empty Units (TEU Twenty-foot Equivalent)","20234","2023Q4","1","Inward","IEMIP","All Main Irish Ports","TEU Twenty-foot Equivalent","16202"
"TBQ04C07","Empty Units (TEU Twenty-foot Equivalent)","20234","2023Q4","1","Inward","IEDUB","Dublin","TEU Twenty-foot Equivalent","6001"
"TBQ04C07","Empty Units (TEU Twenty-foot Equivalent)","20234","2023Q4","1","Inward","IEORK","Cork","TEU Twenty-foot Equivalent","8353"
"TBQ04C07","Empty Units (TEU Twenty-foot Equivalent)","20234","2023Q4","1","Inward","IEWAT","Waterford","TEU Twenty-foot Equivalent","1848"
"TBQ04C07","Empty Units (TEU Twenty-foot Equivalent)","20234","2023Q4","1","Inward","IEFOV","Shannon Foynes","TEU Twenty-foot Equivalent",""
"TBQ04C07","Empty Units (TEU Twenty-foot Equivalent)","20234","2023Q4","2","Outward","IEMIP","All Main Irish Ports","TEU Twenty-foot Equivalent","52045"
"TBQ04C07","Empty Units (TEU Twenty-foot Equivalent)","20234","2023Q4","2","Outward","IEDUB","Dublin","TEU Twenty-foot Equivalent","44126"
"TBQ04C07","Empty Units (TEU Twenty-foot Equivalent)","20234","2023Q4","2","Outward","IEORK","Cork","TEU Twenty-foot Equivalent","7308"
"TBQ04C07","Empty Units (TEU Twenty-foot Equivalent)","20234","2023Q4","2","Outward","IEWAT","Waterford","TEU Twenty-foot Equivalent","612"
"TBQ04C07","Empty Units (TEU Twenty-foot Equivalent)","20234","2023Q4","2","Outward","IEFOV","Shannon Foynes","TEU Twenty-foot Equivalent",""
"TBQ04C07","Empty Units (TEU Twenty-foot Equivalent)","20241","2024Q1","-","All directions","IEMIP","All Main Irish Ports","TEU Twenty-foot Equivalent","68207"
"TBQ04C07","Empty Units (TEU Twenty-foot Equivalent)","20241","2024Q1","-","All directions","IEDUB","Dublin","TEU Twenty-foot Equivalent","50145"
"TBQ04C07","Empty Units (TEU Twenty-foot Equivalent)","20241","2024Q1","-","All directions","IEORK","Cork","TEU Twenty-foot Equivalent","15988"
"TBQ04C07","Empty Units (TEU Twenty-foot Equivalent)","20241","2024Q1","-","All directions","IEWAT","Waterford","TEU Twenty-foot Equivalent","2074"
"TBQ04C07","Empty Units (TEU Twenty-foot Equivalent)","20241","2024Q1","-","All directions","IEFOV","Shannon Foynes","TEU Twenty-foot Equivalent",""
"TBQ04C07","Empty Units (TEU Twenty-foot Equivalent)","20241","2024Q1","1","Inward","IEMIP","All Main Irish Ports","TEU Twenty-foot Equivalent","12135"
"TBQ04C07","Empty Units (TEU Twenty-foot Equivalent)","20241","2024Q1","1","Inward","IEDUB","Dublin","TEU Twenty-foot Equivalent","4685"
"TBQ04C07","Empty Units (TEU Twenty-foot Equivalent)","20241","2024Q1","1","Inward","IEORK","Cork","TEU Twenty-foot Equivalent","6040"
"TBQ04C07","Empty Units (TEU Twenty-foot Equivalent)","20241","2024Q1","1","Inward","IEWAT","Waterford","TEU Twenty-foot Equivalent","1410"
"TBQ04C07","Empty Units (TEU Twenty-foot Equivalent)","20241","2024Q1","1","Inward","IEFOV","Shannon Foynes","TEU Twenty-foot Equivalent",""
"TBQ04C07","Empty Units (TEU Twenty-foot Equivalent)","20241","2024Q1","2","Outward","IEMIP","All Main Irish Ports","TEU Twenty-foot Equivalent","56072"
"TBQ04C07","Empty Units (TEU Twenty-foot Equivalent)","20241","2024Q1","2","Outward","IEDUB","Dublin","TEU Twenty-foot Equivalent","45460"
"TBQ04C07","Empty Units (TEU Twenty-foot Equivalent)","20241","2024Q1","2","Outward","IEORK","Cork","TEU Twenty-foot Equivalent","9949"
"TBQ04C07","Empty Units (TEU Twenty-foot Equivalent)","20241","2024Q1","2","Outward","IEWAT","Waterford","TEU Twenty-foot Equivalent","664"
"TBQ04C07","Empty Units (TEU Twenty-foot Equivalent)","20241","2024Q1","2","Outward","IEFOV","Shannon Foynes","TEU Twenty-foot Equivalent",""
"TBQ04C07","Empty Units (TEU Twenty-foot Equivalent)","20242","2024Q2","-","All directions","IEMIP","All Main Irish Ports","TEU Twenty-foot Equivalent","74565"
"TBQ04C07","Empty Units (TEU Twenty-foot Equivalent)","20242","2024Q2","-","All directions","IEDUB","Dublin","TEU Twenty-foot Equivalent","54721"
"TBQ04C07","Empty Units (TEU Twenty-foot Equivalent)","20242","2024Q2","-","All directions","IEORK","Cork","TEU Twenty-foot Equivalent","15770"
"TBQ04C07","Empty Units (TEU Twenty-foot Equivalent)","20242","2024Q2","-","All directions","IEWAT","Waterford","TEU Twenty-foot Equivalent","4075"
"TBQ04C07","Empty Units (TEU Twenty-foot Equivalent)","20242","2024Q2","-","All directions","IEFOV","Shannon Foynes","TEU Twenty-foot Equivalent",""
"TBQ04C07","Empty Units (TEU Twenty-foot Equivalent)","20242","2024Q2","1","Inward","IEMIP","All Main Irish Ports","TEU Twenty-foot Equivalent","15177"
"TBQ04C07","Empty Units (TEU Twenty-foot Equivalent)","20242","2024Q2","1","Inward","IEDUB","Dublin","TEU Twenty-foot Equivalent","4789"
"TBQ04C07","Empty Units (TEU Twenty-foot Equivalent)","20242","2024Q2","1","Inward","IEORK","Cork","TEU Twenty-foot Equivalent","7305"
"TBQ04C07","Empty Units (TEU Twenty-foot Equivalent)","20242","2024Q2","1","Inward","IEWAT","Waterford","TEU Twenty-foot Equivalent","3083"
"TBQ04C07","Empty Units (TEU Twenty-foot Equivalent)","20242","2024Q2","1","Inward","IEFOV","Shannon Foynes","TEU Twenty-foot Equivalent",""
"TBQ04C07","Empty Units (TEU Twenty-foot Equivalent)","20242","2024Q2","2","Outward","IEMIP","All Main Irish Ports","TEU Twenty-foot Equivalent","59388"
"TBQ04C07","Empty Units (TEU Twenty-foot Equivalent)","20242","2024Q2","2","Outward","IEDUB","Dublin","TEU Twenty-foot Equivalent","49932"
"TBQ04C07","Empty Units (TEU Twenty-foot Equivalent)","20242","2024Q2","2","Outward","IEORK","Cork","TEU Twenty-foot Equivalent","8464"
"TBQ04C07","Empty Units (TEU Twenty-foot Equivalent)","20242","2024Q2","2","Outward","IEWAT","Waterford","TEU Twenty-foot Equivalent","992"
"TBQ04C07","Empty Units (TEU Twenty-foot Equivalent)","20242","2024Q2","2","Outward","IEFOV","Shannon Foynes","TEU Twenty-foot Equivalent",""
"TBQ04C07","Empty Units (TEU Twenty-foot Equivalent)","20243","2024Q3","-","All directions","IEMIP","All Main Irish Ports","TEU Twenty-foot Equivalent","81740"
"TBQ04C07","Empty Units (TEU Twenty-foot Equivalent)","20243","2024Q3","-","All directions","IEDUB","Dublin","TEU Twenty-foot Equivalent","60030"
"TBQ04C07","Empty Units (TEU Twenty-foot Equivalent)","20243","2024Q3","-","All directions","IEORK","Cork","TEU Twenty-foot Equivalent","17793"
"TBQ04C07","Empty Units (TEU Twenty-foot Equivalent)","20243","2024Q3","-","All directions","IEWAT","Waterford","TEU Twenty-foot Equivalent","3918"
"TBQ04C07","Empty Units (TEU Twenty-foot Equivalent)","20243","2024Q3","-","All directions","IEFOV","Shannon Foynes","TEU Twenty-foot Equivalent",""
"TBQ04C07","Empty Units (TEU Twenty-foot Equivalent)","20243","2024Q3","1","Inward","IEMIP","All Main Irish Ports","TEU Twenty-foot Equivalent","18124"
"TBQ04C07","Empty Units (TEU Twenty-foot Equivalent)","20243","2024Q3","1","Inward","IEDUB","Dublin","TEU Twenty-foot Equivalent","5781"
"TBQ04C07","Empty Units (TEU Twenty-foot Equivalent)","20243","2024Q3","1","Inward","IEORK","Cork","TEU Twenty-foot Equivalent","9359"
"TBQ04C07","Empty Units (TEU Twenty-foot Equivalent)","20243","2024Q3","1","Inward","IEWAT","Waterford","TEU Twenty-foot Equivalent","2983"
"TBQ04C07","Empty Units (TEU Twenty-foot Equivalent)","20243","2024Q3","1","Inward","IEFOV","Shannon Foynes","TEU Twenty-foot Equivalent",""
"TBQ04C07","Empty Units (TEU Twenty-foot Equivalent)","20243","2024Q3","2","Outward","IEMIP","All Main Irish Ports","TEU Twenty-foot Equivalent","63616"
"TBQ04C07","Empty Units (TEU Twenty-foot Equivalent)","20243","2024Q3","2","Outward","IEDUB","Dublin","TEU Twenty-foot Equivalent","54249"
"TBQ04C07","Empty Units (TEU Twenty-foot Equivalent)","20243","2024Q3","2","Outward","IEORK","Cork","TEU Twenty-foot Equivalent","8433"
"TBQ04C07","Empty Units (TEU Twenty-foot Equivalent)","20243","2024Q3","2","Outward","IEWAT","Waterford","TEU Twenty-foot Equivalent","935"
"TBQ04C07","Empty Units (TEU Twenty-foot Equivalent)","20243","2024Q3","2","Outward","IEFOV","Shannon Foynes","TEU Twenty-foot Equivalent",""
"TBQ04C07","Empty Units (TEU Twenty-foot Equivalent)","20244","2024Q4","-","All directions","IEMIP","All Main Irish Ports","TEU Twenty-foot Equivalent","81507"
"TBQ04C07","Empty Units (TEU Twenty-foot Equivalent)","20244","2024Q4","-","All directions","IEDUB","Dublin","TEU Twenty-foot Equivalent","61575"
"TBQ04C07","Empty Units (TEU Twenty-foot Equivalent)","20244","2024Q4","-","All directions","IEORK","Cork","TEU Twenty-foot Equivalent","16085"
"TBQ04C07","Empty Units (TEU Twenty-foot Equivalent)","20244","2024Q4","-","All directions","IEWAT","Waterford","TEU Twenty-foot Equivalent","3847"
"TBQ04C07","Empty Units (TEU Twenty-foot Equivalent)","20244","2024Q4","-","All directions","IEFOV","Shannon Foynes","TEU Twenty-foot Equivalent",""
"TBQ04C07","Empty Units (TEU Twenty-foot Equivalent)","20244","2024Q4","1","Inward","IEMIP","All Main Irish Ports","TEU Twenty-foot Equivalent","17499"
"TBQ04C07","Empty Units (TEU Twenty-foot Equivalent)","20244","2024Q4","1","Inward","IEDUB","Dublin","TEU Twenty-foot Equivalent","6623"
"TBQ04C07","Empty Units (TEU Twenty-foot Equivalent)","20244","2024Q4","1","Inward","IEORK","Cork","TEU Twenty-foot Equivalent","7849"
"TBQ04C07","Empty Units (TEU Twenty-foot Equivalent)","20244","2024Q4","1","Inward","IEWAT","Waterford","TEU Twenty-foot Equivalent","3027"
"TBQ04C07","Empty Units (TEU Twenty-foot Equivalent)","20244","2024Q4","1","Inward","IEFOV","Shannon Foynes","TEU Twenty-foot Equivalent",""
"TBQ04C07","Empty Units (TEU Twenty-foot Equivalent)","20244","2024Q4","2","Outward","IEMIP","All Main Irish Ports","TEU Twenty-foot Equivalent","64008"
"TBQ04C07","Empty Units (TEU Twenty-foot Equivalent)","20244","2024Q4","2","Outward","IEDUB","Dublin","TEU Twenty-foot Equivalent","54952"
"TBQ04C07","Empty Units (TEU Twenty-foot Equivalent)","20244","2024Q4","2","Outward","IEORK","Cork","TEU Twenty-foot Equivalent","8237"
"TBQ04C07","Empty Units (TEU Twenty-foot Equivalent)","20244","2024Q4","2","Outward","IEWAT","Waterford","TEU Twenty-foot Equivalent","819"
"TBQ04C07","Empty Units (TEU Twenty-foot Equivalent)","20244","2024Q4","2","Outward","IEFOV","Shannon Foynes","TEU Twenty-foot Equivalent",""
"TBQ04C07","Empty Units (TEU Twenty-foot Equivalent)","20251","2025Q1","-","All directions","IEMIP","All Main Irish Ports","TEU Twenty-foot Equivalent","83643"
"TBQ04C07","Empty Units (TEU Twenty-foot Equivalent)","20251","2025Q1","-","All directions","IEDUB","Dublin","TEU Twenty-foot Equivalent","62555"
"TBQ04C07","Empty Units (TEU Twenty-foot Equivalent)","20251","2025Q1","-","All directions","IEORK","Cork","TEU Twenty-foot Equivalent","17294"
"TBQ04C07","Empty Units (TEU Twenty-foot Equivalent)","20251","2025Q1","-","All directions","IEWAT","Waterford","TEU Twenty-foot Equivalent","2864"
"TBQ04C07","Empty Units (TEU Twenty-foot Equivalent)","20251","2025Q1","-","All directions","IEFOV","Shannon Foynes","TEU Twenty-foot Equivalent","930"
"TBQ04C07","Empty Units (TEU Twenty-foot Equivalent)","20251","2025Q1","1","Inward","IEMIP","All Main Irish Ports","TEU Twenty-foot Equivalent","19076"
"TBQ04C07","Empty Units (TEU Twenty-foot Equivalent)","20251","2025Q1","1","Inward","IEDUB","Dublin","TEU Twenty-foot Equivalent","7623"
"TBQ04C07","Empty Units (TEU Twenty-foot Equivalent)","20251","2025Q1","1","Inward","IEORK","Cork","TEU Twenty-foot Equivalent","8437"
"TBQ04C07","Empty Units (TEU Twenty-foot Equivalent)","20251","2025Q1","1","Inward","IEWAT","Waterford","TEU Twenty-foot Equivalent","2087"
"TBQ04C07","Empty Units (TEU Twenty-foot Equivalent)","20251","2025Q1","1","Inward","IEFOV","Shannon Foynes","TEU Twenty-foot Equivalent","930"
"TBQ04C07","Empty Units (TEU Twenty-foot Equivalent)","20251","2025Q1","2","Outward","IEMIP","All Main Irish Ports","TEU Twenty-foot Equivalent","64567"
"TBQ04C07","Empty Units (TEU Twenty-foot Equivalent)","20251","2025Q1","2","Outward","IEDUB","Dublin","TEU Twenty-foot Equivalent","54933"
"TBQ04C07","Empty Units (TEU Twenty-foot Equivalent)","20251","2025Q1","2","Outward","IEORK","Cork","TEU Twenty-foot Equivalent","8857"
"TBQ04C07","Empty Units (TEU Twenty-foot Equivalent)","20251","2025Q1","2","Outward","IEWAT","Waterford","TEU Twenty-foot Equivalent","777"
"TBQ04C07","Empty Units (TEU Twenty-foot Equivalent)","20251","2025Q1","2","Outward","IEFOV","Shannon Foynes","TEU Twenty-foot Equivalent","0"
"TBQ04C07","Empty Units (TEU Twenty-foot Equivalent)","20252","2025Q2","-","All directions","IEMIP","All Main Irish Ports","TEU Twenty-foot Equivalent","89707"
"TBQ04C07","Empty Units (TEU Twenty-foot Equivalent)","20252","2025Q2","-","All directions","IEDUB","Dublin","TEU Twenty-foot Equivalent","66773"
"TBQ04C07","Empty Units (TEU Twenty-foot Equivalent)","20252","2025Q2","-","All directions","IEORK","Cork","TEU Twenty-foot Equivalent","18229"
"TBQ04C07","Empty Units (TEU Twenty-foot Equivalent)","20252","2025Q2","-","All directions","IEWAT","Waterford","TEU Twenty-foot Equivalent","4369"
"TBQ04C07","Empty Units (TEU Twenty-foot Equivalent)","20252","2025Q2","-","All directions","IEFOV","Shannon Foynes","TEU Twenty-foot Equivalent","337"
"TBQ04C07","Empty Units (TEU Twenty-foot Equivalent)","20252","2025Q2","1","Inward","IEMIP","All Main Irish Ports","TEU Twenty-foot Equivalent","19486"
"TBQ04C07","Empty Units (TEU Twenty-foot Equivalent)","20252","2025Q2","1","Inward","IEDUB","Dublin","TEU Twenty-foot Equivalent","5498"
"TBQ04C07","Empty Units (TEU Twenty-foot Equivalent)","20252","2025Q2","1","Inward","IEORK","Cork","TEU Twenty-foot Equivalent","10140"
"TBQ04C07","Empty Units (TEU Twenty-foot Equivalent)","20252","2025Q2","1","Inward","IEWAT","Waterford","TEU Twenty-foot Equivalent","3512"
"TBQ04C07","Empty Units (TEU Twenty-foot Equivalent)","20252","2025Q2","1","Inward","IEFOV","Shannon Foynes","TEU Twenty-foot Equivalent","337"
"TBQ04C07","Empty Units (TEU Twenty-foot Equivalent)","20252","2025Q2","2","Outward","IEMIP","All Main Irish Ports","TEU Twenty-foot Equivalent","70221"
"TBQ04C07","Empty Units (TEU Twenty-foot Equivalent)","20252","2025Q2","2","Outward","IEDUB","Dublin","TEU Twenty-foot Equivalent","61275"
"TBQ04C07","Empty Units (TEU Twenty-foot Equivalent)","20252","2025Q2","2","Outward","IEORK","Cork","TEU Twenty-foot Equivalent","8089"
"TBQ04C07","Empty Units (TEU Twenty-foot Equivalent)","20252","2025Q2","2","Outward","IEWAT","Waterford","TEU Twenty-foot Equivalent","857"
"TBQ04C07","Empty Units (TEU Twenty-foot Equivalent)","20252","2025Q2","2","Outward","IEFOV","Shannon Foynes","TEU Twenty-foot Equivalent","0"
"TBQ04C07","Empty Units (TEU Twenty-foot Equivalent)","20253","2025Q3","-","All directions","IEMIP","All Main Irish Ports","TEU Twenty-foot Equivalent","81140"
"TBQ04C07","Empty Units (TEU Twenty-foot Equivalent)","20253","2025Q3","-","All directions","IEDUB","Dublin","TEU Twenty-foot Equivalent","61058"
"TBQ04C07","Empty Units (TEU Twenty-foot Equivalent)","20253","2025Q3","-","All directions","IEORK","Cork","TEU Twenty-foot Equivalent","15912"
"TBQ04C07","Empty Units (TEU Twenty-foot Equivalent)","20253","2025Q3","-","All directions","IEWAT","Waterford","TEU Twenty-foot Equivalent","3826"
"TBQ04C07","Empty Units (TEU Twenty-foot Equivalent)","20253","2025Q3","-","All directions","IEFOV","Shannon Foynes","TEU Twenty-foot Equivalent","344"
"TBQ04C07","Empty Units (TEU Twenty-foot Equivalent)","20253","2025Q3","1","Inward","IEMIP","All Main Irish Ports","TEU Twenty-foot Equivalent","16537"
"TBQ04C07","Empty Units (TEU Twenty-foot Equivalent)","20253","2025Q3","1","Inward","IEDUB","Dublin","TEU Twenty-foot Equivalent","5380"
"TBQ04C07","Empty Units (TEU Twenty-foot Equivalent)","20253","2025Q3","1","Inward","IEORK","Cork","TEU Twenty-foot Equivalent","7756"
"TBQ04C07","Empty Units (TEU Twenty-foot Equivalent)","20253","2025Q3","1","Inward","IEWAT","Waterford","TEU Twenty-foot Equivalent","3058"
"TBQ04C07","Empty Units (TEU Twenty-foot Equivalent)","20253","2025Q3","1","Inward","IEFOV","Shannon Foynes","TEU Twenty-foot Equivalent","344"
"TBQ04C07","Empty Units (TEU Twenty-foot Equivalent)","20253","2025Q3","2","Outward","IEMIP","All Main Irish Ports","TEU Twenty-foot Equivalent","64603"
"TBQ04C07","Empty Units (TEU Twenty-foot Equivalent)","20253","2025Q3","2","Outward","IEDUB","Dublin","TEU Twenty-foot Equivalent","55679"
"TBQ04C07","Empty Units (TEU Twenty-foot Equivalent)","20253","2025Q3","2","Outward","IEORK","Cork","TEU Twenty-foot Equivalent","8157"
"TBQ04C07","Empty Units (TEU Twenty-foot Equivalent)","20253","2025Q3","2","Outward","IEWAT","Waterford","TEU Twenty-foot Equivalent","768"
"TBQ04C07","Empty Units (TEU Twenty-foot Equivalent)","20253","2025Q3","2","Outward","IEFOV","Shannon Foynes","TEU Twenty-foot Equivalent","0"
"TBQ04C07","Empty Units (TEU Twenty-foot Equivalent)","20254","2025Q4","-","All directions","IEMIP","All Main Irish Ports","TEU Twenty-foot Equivalent","79634"
"TBQ04C07","Empty Units (TEU Twenty-foot Equivalent)","20254","2025Q4","-","All directions","IEDUB","Dublin","TEU Twenty-foot Equivalent","58096"
"TBQ04C07","Empty Units (TEU Twenty-foot Equivalent)","20254","2025Q4","-","All directions","IEORK","Cork","TEU Twenty-foot Equivalent","17993"
"TBQ04C07","Empty Units (TEU Twenty-foot Equivalent)","20254","2025Q4","-","All directions","IEWAT","Waterford","TEU Twenty-foot Equivalent","3136"
"TBQ04C07","Empty Units (TEU Twenty-foot Equivalent)","20254","2025Q4","-","All directions","IEFOV","Shannon Foynes","TEU Twenty-foot Equivalent","409"
"TBQ04C07","Empty Units (TEU Twenty-foot Equivalent)","20254","2025Q4","1","Inward","IEMIP","All Main Irish Ports","TEU Twenty-foot Equivalent","18953"
"TBQ04C07","Empty Units (TEU Twenty-foot Equivalent)","20254","2025Q4","1","Inward","IEDUB","Dublin","TEU Twenty-foot Equivalent","6925"
"TBQ04C07","Empty Units (TEU Twenty-foot Equivalent)","20254","2025Q4","1","Inward","IEORK","Cork","TEU Twenty-foot Equivalent","9594"
"TBQ04C07","Empty Units (TEU Twenty-foot Equivalent)","20254","2025Q4","1","Inward","IEWAT","Waterford","TEU Twenty-foot Equivalent","2025"
"TBQ04C07","Empty Units (TEU Twenty-foot Equivalent)","20254","2025Q4","1","Inward","IEFOV","Shannon Foynes","TEU Twenty-foot Equivalent","409"
"TBQ04C07","Empty Units (TEU Twenty-foot Equivalent)","20254","2025Q4","2","Outward","IEMIP","All Main Irish Ports","TEU Twenty-foot Equivalent","60681"
"TBQ04C07","Empty Units (TEU Twenty-foot Equivalent)","20254","2025Q4","2","Outward","IEDUB","Dublin","TEU Twenty-foot Equivalent","51171"
"TBQ04C07","Empty Units (TEU Twenty-foot Equivalent)","20254","2025Q4","2","Outward","IEORK","Cork","TEU Twenty-foot Equivalent","8399"
"TBQ04C07","Empty Units (TEU Twenty-foot Equivalent)","20254","2025Q4","2","Outward","IEWAT","Waterford","TEU Twenty-foot Equivalent","1111"
"TBQ04C07","Empty Units (TEU Twenty-foot Equivalent)","20254","2025Q4","2","Outward","IEFOV","Shannon Foynes","TEU Twenty-foot Equivalent","0"
"TBQ04C07","Empty Units (TEU Twenty-foot Equivalent)","20261","2026Q1","-","All directions","IEMIP","All Main Irish Ports","TEU Twenty-foot Equivalent","80642"
"TBQ04C07","Empty Units (TEU Twenty-foot Equivalent)","20261","2026Q1","-","All directions","IEDUB","Dublin","TEU Twenty-foot Equivalent","62137"
"TBQ04C07","Empty Units (TEU Twenty-foot Equivalent)","20261","2026Q1","-","All directions","IEORK","Cork","TEU Twenty-foot Equivalent","16093"
"TBQ04C07","Empty Units (TEU Twenty-foot Equivalent)","20261","2026Q1","-","All directions","IEWAT","Waterford","TEU Twenty-foot Equivalent","2413"
"TBQ04C07","Empty Units (TEU Twenty-foot Equivalent)","20261","2026Q1","-","All directions","IEFOV","Shannon Foynes","TEU Twenty-foot Equivalent","0"
"TBQ04C07","Empty Units (TEU Twenty-foot Equivalent)","20261","2026Q1","1","Inward","IEMIP","All Main Irish Ports","TEU Twenty-foot Equivalent","15668"
"TBQ04C07","Empty Units (TEU Twenty-foot Equivalent)","20261","2026Q1","1","Inward","IEDUB","Dublin","TEU Twenty-foot Equivalent","6624"
"TBQ04C07","Empty Units (TEU Twenty-foot Equivalent)","20261","2026Q1","1","Inward","IEORK","Cork","TEU Twenty-foot Equivalent","7241"
"TBQ04C07","Empty Units (TEU Twenty-foot Equivalent)","20261","2026Q1","1","Inward","IEWAT","Waterford","TEU Twenty-foot Equivalent","1804"
"TBQ04C07","Empty Units (TEU Twenty-foot Equivalent)","20261","2026Q1","1","Inward","IEFOV","Shannon Foynes","TEU Twenty-foot Equivalent",""
"TBQ04C07","Empty Units (TEU Twenty-foot Equivalent)","20261","2026Q1","2","Outward","IEMIP","All Main Irish Ports","TEU Twenty-foot Equivalent","64974"
"TBQ04C07","Empty Units (TEU Twenty-foot Equivalent)","20261","2026Q1","2","Outward","IEDUB","Dublin","TEU Twenty-foot Equivalent","55513"
"TBQ04C07","Empty Units (TEU Twenty-foot Equivalent)","20261","2026Q1","2","Outward","IEORK","Cork","TEU Twenty-foot Equivalent","8853"
"TBQ04C07","Empty Units (TEU Twenty-foot Equivalent)","20261","2026Q1","2","Outward","IEWAT","Waterford","TEU Twenty-foot Equivalent","609"
"TBQ04C07","Empty Units (TEU Twenty-foot Equivalent)","20261","2026Q1","2","Outward","IEFOV","Shannon Foynes","TEU Twenty-foot Equivalent","0"
